{
"IntroductionToAi":[
  {
    "question": "What is the primary goal of Artificial Intelligence (AI)?",
    "options": [
      "A) To replace all human activities",
      "B) To simulate human intelligence in machines",
      "C) To create physical robots only",
      "D) To store unlimited data"
    ],
    "answer": "B",
    "explanation": "AI aims to simulate human intelligence by enabling machines to perceive, reason, learn, and act, mimicking cognitive functions."
  },
  {
    "question": "Which ability is NOT typically associated with AI systems?",
    "options": [
      "A) Reasoning",
      "B) Learning",
      "C) Physical strength",
      "D) Perception"
    ],
    "answer": "C",
    "explanation": "AI systems focus on cognitive abilities like reasoning, learning, and perception, not physical attributes like strength."
  },
  {
    "question": "How is AI defined in terms of system capabilities?",
    "options": [
      "A) A system that only stores data",
      "B) A system that perceives, reasons, learns, and acts",
      "C) A system that performs manual labor",
      "D) A system that avoids decision-making"
    ],
    "answer": "B",
    "explanation": "AI is defined as a system capable of perceiving, reasoning, learning, and acting to perform intelligent tasks."
  },
  {
    "question": "What distinguishes AI from traditional software?",
    "options": [
      "A) AI follows fixed rules only",
      "B) AI can learn and adapt from data",
      "C) AI requires constant human input",
      "D) AI cannot process data"
    ],
    "answer": "B",
    "explanation": "Unlike traditional software with fixed rules, AI can learn and adapt from data, enabling dynamic behavior."
  },
  {
    "question": "Which of the following best describes AI’s role in decision-making?",
    "options": [
      "A) AI avoids decisions entirely",
      "B) AI makes decisions based on learned patterns",
      "C) AI only follows pre-programmed instructions",
      "D) AI physically implements decisions"
    ],
    "answer": "B",
    "explanation": "AI makes decisions by analyzing data and learned patterns, often without explicit programming for each decision."
  },
  {
    "question": "What is a key characteristic of AI systems?",
    "options": [
      "A) Inability to process data",
      "B) Ability to mimic human cognitive functions",
      "C) Reliance on manual input only",
      "D) Fixed and unchangeable behavior"
    ],
    "answer": "B",
    "explanation": "AI systems are designed to mimic human cognitive functions like reasoning, learning, and problem-solving."
  },
  {
    "question": "Which term best describes AI’s ability to improve over time?",
    "options": [
      "A) Stagnation",
      "B) Learning",
      "C) Obsolescence",
      "D) Automation"
    ],
    "answer": "B",
    "explanation": "AI’s ability to improve over time is driven by learning from data, a core feature of intelligent systems."
  },
  {
    "question": "What is the focus of AI development?",
    "options": [
      "A) Creating systems with human-like intelligence",
      "B) Building mechanical structures",
      "C) Reducing computational power",
      "D) Eliminating data usage"
    ],
    "answer": "A",
    "explanation": "AI development focuses on creating systems that exhibit human-like intelligence in tasks like reasoning and learning."
  },
  {
    "question": "Which of the following is a core component of AI?",
    "options": [
      "A) Physical durability",
      "B) Data processing",
      "C) Manual operation",
      "D) Static programming"
    ],
    "answer": "B",
    "explanation": "Data processing is a core component of AI, enabling systems to analyze and learn from information."
  },
  {
    "question": "What does AI use to simulate human intelligence?",
    "options": [
      "A) Fixed algorithms only",
      "B) Machine learning and reasoning",
      "C) Mechanical components",
      "D) Human operators"
    ],
    "answer": "B",
    "explanation": "AI uses techniques like machine learning and reasoning to simulate human intelligence in machines."
  },
  {
    "question": "Which statement best defines AI’s purpose?",
    "options": [
      "A) To automate repetitive tasks only",
      "B) To replicate human cognitive abilities",
      "C) To replace physical labor",
      "D) To limit data analysis"
    ],
    "answer": "B",
    "explanation": "AI’s purpose is to replicate human cognitive abilities, enabling machines to perform intelligent tasks."
  },
  {
    "question": "What is NOT a goal of AI systems?",
    "options": [
      "A) Learning from experience",
      "B) Performing physical repairs",
      "C) Making decisions",
      "D) Understanding data"
    ],
    "answer": "B",
    "explanation": "AI systems focus on cognitive tasks like learning and decision-making, not physical repairs."
  },
  {
    "question": "Which process is central to AI functionality?",
    "options": [
      "A) Manual data entry",
      "B) Reasoning and learning",
      "C) Mechanical assembly",
      "D) Static rule execution"
    ],
    "answer": "B",
    "explanation": "Reasoning and learning are central to AI, allowing systems to adapt and make informed decisions."
  },
  {
    "question": "What is a defining feature of AI applications?",
    "options": [
      "A) Inflexible programming",
      "B) Ability to process and act on data",
      "C) Dependence on human oversight",
      "D) Limited computational capacity"
    ],
    "answer": "B",
    "explanation": "AI applications are defined by their ability to process data and act intelligently, often autonomously."
  },
  {
    "question": "Which of the following describes AI’s interaction with environments?",
    "options": [
      "A) AI only observes without acting",
      "B) AI perceives and acts based on data",
      "C) AI avoids environmental interaction",
      "D) AI requires physical contact"
    ],
    "answer": "B",
    "explanation": "AI perceives environments through data and acts based on its analysis, such as in autonomous vehicles."
  },
  {
    "question": "Which type of AI is designed for specific tasks like facial recognition?",
    "options": [
      "A) General AI",
      "B) Narrow AI",
      "C) Super AI",
      "D) Universal AI"
    ],
    "answer": "B",
    "explanation": "Narrow AI is specialized for specific tasks like facial recognition, unlike General AI, which aims for broader capabilities."
  },
  {
    "question": "What is an example of Narrow AI?",
    "options": [
      "A) A system that can perform any human task",
      "B) A virtual assistant like Siri",
      "C) A theoretical super-intelligent AI",
      "D) A system with human-like consciousness"
    ],
    "answer": "B",
    "explanation": "Siri is an example of Narrow AI, designed for specific tasks like voice recognition and scheduling."
  },
  {
    "question": "Which type of AI is still theoretical and surpasses human intelligence?",
    "options": [
      "A) Narrow AI",
      "B) General AI",
      "C) Super AI",
      "D) Expert AI"
    ],
    "answer": "C",
    "explanation": "Super AI, which surpasses human intelligence, is a theoretical concept not yet realized."
  },
  {
    "question": "What characterizes General AI?",
    "options": [
      "A) Limited to one task",
      "B) Ability to perform any intellectual task like humans",
      "C) Superior to human intelligence",
      "D) Rule-based decision-making only"
    ],
    "answer": "B",
    "explanation": "General AI can perform any intellectual task a human can, unlike Narrow AI’s specialized focus."
  },
  {
    "question": "Which AI type is used in recommendation systems like Netflix?",
    "options": [
      "A) Super AI",
      "B) Narrow AI",
      "C) General AI",
      "D) Symbolic AI"
    ],
    "answer": "B",
    "explanation": "Recommendation systems like Netflix use Narrow AI, tailored for specific tasks like predicting user preferences."
  },
  {
    "question": "What is a key limitation of Narrow AI?",
    "options": [
      "A) It can perform any task",
      "B) It is limited to specific functions",
      "C) It exceeds human intelligence",
      "D) It requires no data"
    ],
    "answer": "B",
    "explanation": "Narrow AI is limited to specific functions, such as image recognition, and cannot generalize to other tasks."
  },
  {
    "question": "Which AI type is closest to current real-world applications?",
    "options": [
      "A) Super AI",
      "B) General AI",
      "C) Narrow AI",
      "D) Theoretical AI"
    ],
    "answer": "C",
    "explanation": "Narrow AI is the most common in real-world applications, powering tools like virtual assistants and recommendation systems."
  },
  {
    "question": "What is a feature of Super AI?",
    "options": [
      "A) Limited task specialization",
      "B) Human-level intelligence",
      "C) Intelligence surpassing humans",
      "D) Rule-based processing only"
    ],
    "answer": "C",
    "explanation": "Super AI is theorized to surpass human intelligence across all tasks, a level not yet achieved."
  },
  {
    "question": "Which AI type is exemplified by self-driving cars?",
    "options": [
      "A) General AI",
      "B) Narrow AI",
      "C) Super AI",
      "D) Universal AI"
    ],
    "answer": "B",
    "explanation": "Self-driving cars use Narrow AI, designed for specific tasks like navigation and obstacle detection."
  },
  {
    "question": "What is a goal of General AI research?",
    "options": [
      "A) To create task-specific systems",
      "B) To achieve human-like versatility",
      "C) To limit AI capabilities",
      "D) To eliminate learning"
    ],
    "answer": "B",
    "explanation": "General AI research aims to create systems with human-like versatility across various intellectual tasks."
  },
  {
    "question": "Which AI type is NOT currently implemented?",
    "options": [
      "A) Narrow AI",
      "B) General AI",
      "C) Expert Systems",
      "D) Deep Learning"
    ],
    "answer": "B",
    "explanation": "General AI, capable of performing any human task, remains a research goal and is not yet implemented."
  },
  {
    "question": "What is a common use of Narrow AI in daily life?",
    "options": [
      "A) Solving all human problems",
      "B) Powering virtual assistants",
      "C) Achieving superhuman intelligence",
      "D) Replacing human creativity"
    ],
    "answer": "B",
    "explanation": "Narrow AI powers virtual assistants like Alexa, performing specific tasks such as answering queries."
  },
  {
    "question": "Which AI type relies on large datasets for training?",
    "options": [
      "A) Narrow AI",
      "B) General AI",
      "C) Super AI",
      "D) All of the above"
    ],
    "answer": "A",
    "explanation": "Narrow AI, such as those used in image recognition, often relies on large datasets for training."
  },
  {
    "question": "What distinguishes Super AI from General AI?",
    "options": [
      "A) Super AI is task-specific",
      "B) Super AI exceeds human intelligence",
      "C) Super AI is rule-based",
      "D) Super AI is currently implemented"
    ],
    "answer": "B",
    "explanation": "Super AI is theorized to exceed human intelligence, while General AI matches human-level capabilities."
  },
  {
    "question": "Which AI type is used in spam email filtering?",
    "options": [
      "A) Super AI",
      "B) Narrow AI",
      "C) General AI",
      "D) Symbolic AI"
    ],
    "answer": "B",
    "explanation": "Spam email filtering uses Narrow AI, designed to identify patterns in emails and classify them as spam or not."
  },
  {
    "question": "What is a challenge in developing General AI?",
    "options": [
      "A) Limiting its capabilities",
      "B) Achieving human-like adaptability",
      "C) Reducing data requirements",
      "D) Simplifying algorithms"
    ],
    "answer": "B",
    "explanation": "Developing General AI requires achieving human-like adaptability across diverse tasks, a significant challenge."
  },
  {
    "question": "Which AI type is most prevalent in healthcare diagnostics?",
    "options": [
      "A) Super AI",
      "B) Narrow AI",
      "C) General AI",
      "D) Theoretical AI"
    ],
    "answer": "B",
    "explanation": "Narrow AI is used in healthcare diagnostics, such as analyzing medical images for specific conditions."
  },
  {
    "question": "What is a feature of Narrow AI systems?",
    "options": [
      "A) Broad task versatility",
      "B) Task-specific optimization",
      "C) Human-like consciousness",
      "D) Superhuman intelligence"
    ],
    "answer": "B",
    "explanation": "Narrow AI systems are optimized for specific tasks, such as language translation or image recognition."
  },
  {
    "question": "Which AI type is associated with theoretical risks to humanity?",
    "options": [
      "A) Narrow AI",
      "B) General AI",
      "C) Super AI",
      "D) Expert AI"
    ],
    "answer": "C",
    "explanation": "Super AI, due to its potential to surpass human intelligence, is associated with theoretical risks to humanity."
  },
  {
    "question": "What is an example of a Narrow AI application?",
    "options": [
      "A) A system solving all scientific problems",
      "B) A chatbot for customer service",
      "C) A system with human-like reasoning",
      "D) A super-intelligent AI"
    ],
    "answer": "B",
    "explanation": "Chatbots for customer service are examples of Narrow AI, designed for specific conversational tasks."
  },
  {
    "question": "What is the primary function of Machine Learning in AI?",
    "options": [
      "A) To follow fixed rules",
      "B) To learn from data",
      "C) To build physical robots",
      "D) To avoid data analysis"
    ],
    "answer": "B",
    "explanation": "Machine Learning enables AI systems to learn patterns and make predictions from data."
  },
  {
    "question": "Which AI technique uses neural networks with multiple layers?",
    "options": [
      "A) Expert Systems",
      "B) Deep Learning",
      "C) Symbolic AI",
      "D) Rule-Based Systems"
    ],
    "answer": "B",
    "explanation": "Deep Learning uses neural networks with multiple layers to model complex patterns in data."
  },
  {
    "question": "What is the purpose of Natural Language Processing (NLP)?",
    "options": [
      "A) To analyze images",
      "B) To understand and generate human language",
      "C) To control robots",
      "D) To predict weather"
    ],
    "answer": "B",
    "explanation": "NLP enables AI to understand and generate human language, as seen in chatbots and translation tools."
  },
  {
    "question": "Which AI technique is used for image recognition?",
    "options": [
      "A) Computer Vision",
      "B) Expert Systems",
      "C) Natural Language Processing",
      "D) Symbolic AI"
    ],
    "answer": "A",
    "explanation": "Computer Vision enables AI to interpret and understand images and videos, such as in facial recognition."
  },
  {
    "question": "What is a characteristic of Expert Systems in AI?",
    "options": [
      "A) Learning from large datasets",
      "B) Using rule-based decision-making",
      "C) Avoiding structured knowledge",
      "D) Relying on neural networks"
    ],
    "answer": "B",
    "explanation": "Expert Systems use predefined rules and knowledge bases to make decisions in specific domains."
  },
  {
    "question": "Which AI technique powers autonomous vehicle navigation?",
    "options": [
      "A) Natural Language Processing",
      "B) Computer Vision",
      "C) Expert Systems",
      "D) Symbolic AI"
    ],
    "answer": "B",
    "explanation": "Computer Vision is critical for autonomous vehicles to interpret surroundings through cameras and sensors."
  },
  {
    "question": "What is a key component of Deep Learning?",
    "options": [
      "A) Fixed rules",
      "B) Neural networks",
      "C) Manual programming",
      "D) Rule-based logic"
    ],
    "answer": "B",
    "explanation": "Deep Learning relies on neural networks with multiple layers to process and learn from data."
  },
  {
    "question": "Which AI technique is used in virtual assistants like Alexa?",
    "options": [
      "A) Computer Vision",
      "B) Natural Language Processing",
      "C) Expert Systems",
      "D) Deep Learning"
    ],
    "answer": "B",
    "explanation": "Natural Language Processing enables virtual assistants to understand and respond to spoken or written language."
  },
  {
    "question": "What is the role of Machine Learning in AI applications?",
    "options": [
      "A) To enforce static rules",
      "B) To enable data-driven predictions",
      "C) To limit data usage",
      "D) To avoid learning"
    ],
    "answer": "B",
    "explanation": "Machine Learning allows AI to make predictions and decisions based on patterns learned from data."
  },
  {
    "question": "Which technique is used for AI to interpret medical images?",
    "options": [
      "A) Natural Language Processing",
      "B) Computer Vision",
      "C) Expert Systems",
      "D) Symbolic AI"
    ],
    "answer": "B",
    "explanation": "Computer Vision is used to analyze medical images, such as X-rays, for diagnostic purposes."
  },
  {
    "question": "What is a benefit of Deep Learning in AI?",
    "options": [
      "A) Reduced need for data",
      "B) Improved handling of complex patterns",
      "C) Simplified algorithms",
      "D) Avoidance of neural networks"
    ],
    "answer": "B",
    "explanation": "Deep Learning excels at handling complex patterns in large datasets, improving performance in tasks like image recognition."
  },
  {
    "question": "Which AI technique is used in chatbots?",
    "options": [
      "A) Computer Vision",
      "B) Natural Language Processing",
      "C) Expert Systems",
      "D) Symbolic AI"
    ],
    "answer": "B",
    "explanation": "Natural Language Processing powers chatbots by enabling them to understand and generate human language."
  },
  {
    "question": "What is a limitation of Expert Systems?",
    "options": [
      "A) They learn from data",
      "B) They rely on predefined rules",
      "C) They use neural networks",
      "D) They adapt dynamically"
    ],
    "answer": "B",
    "explanation": "Expert Systems rely on predefined rules, limiting their ability to adapt to new or unstructured data."
  },
  {
    "question": "Which AI technique is used for fraud detection in finance?",
    "options": [
      "A) Machine Learning",
      "B) Symbolic AI",
      "C) Expert Systems",
      "D) Natural Language Processing"
    ],
    "answer": "A",
    "explanation": "Machine Learning is used in fraud detection to identify unusual patterns in financial transactions."
  },
  {
    "question": "What is the primary data source for Deep Learning models?",
    "options": [
      "A) Fixed rules",
      "B) Large datasets",
      "C) Manual inputs",
      "D) Predefined logic"
    ],
    "answer": "B",
    "explanation": "Deep Learning models require large datasets to train neural networks effectively."
  },
  {
    "question": "Which AI technique is critical for self-driving cars?",
    "options": [
      "A) Natural Language Processing",
      "B) Computer Vision",
      "C) Expert Systems",
      "D) Symbolic AI"
    ],
    "answer": "B",
    "explanation": "Computer Vision enables self-driving cars to interpret visual data from cameras and sensors for navigation."
  },
  {
    "question": "What is a feature of Machine Learning algorithms?",
    "options": [
      "A) Static rule-based processing",
      "B) Learning from data without explicit programming",
      "C) Avoidance of data analysis",
      "D) Dependence on manual coding"
    ],
    "answer": "B",
    "explanation": "Machine Learning algorithms learn from data without requiring explicit programming for each task."
  },
  {
    "question": "Which AI technique is used in language translation tools?",
    "options": [
      "A) Computer Vision",
      "B) Natural Language Processing",
      "C) Expert Systems",
      "D) Symbolic AI"
    ],
    "answer": "B",
    "explanation": "Natural Language Processing is used in language translation tools to understand and generate text in different languages."
  },
  {
    "question": "What is a common application of Computer Vision?",
    "options": [
      "A) Text generation",
      "B) Image recognition",
      "C) Rule-based decision-making",
      "D) Voice synthesis"
    ],
    "answer": "B",
    "explanation": "Computer Vision is commonly used for image recognition, such as identifying objects in photos."
  },
  {
    "question": "Which AI technique is used in predictive maintenance?",
    "options": [
      "A) Machine Learning",
      "B) Symbolic AI",
      "C) Expert Systems",
      "D) Natural Language Processing"
    ],
    "answer": "A",
    "explanation": "Machine Learning is used in predictive maintenance to analyze equipment data and predict failures."
  },
  {
    "question": "What is a drawback of Deep Learning?",
    "options": [
      "A) High computational requirements",
      "B) Limited data needs",
      "C) Simple algorithms",
      "D) Rule-based processing"
    ],
    "answer": "A",
    "explanation": "Deep Learning requires significant computational resources, making it resource-intensive."
  },
  {
    "question": "Which AI technique is used in voice recognition systems?",
    "options": [
      "A) Computer Vision",
      "B) Natural Language Processing",
      "C) Expert Systems",
      "D) Symbolic AI"
    ],
    "answer": "B",
    "explanation": "Natural Language Processing is used in voice recognition to interpret and process spoken language."
  },
  {
    "question": "What is a strength of Expert Systems?",
    "options": [
      "A) Dynamic learning",
      "B) Domain-specific expertise",
      "C) Neural network reliance",
      "D) Data-driven adaptability"
    ],
    "answer": "B",
    "explanation": "Expert Systems excel in providing domain-specific expertise based on predefined rules and knowledge."
  },
  {
    "question": "Which AI technique is used in autonomous drones?",
    "options": [
      "A) Natural Language Processing",
      "B) Computer Vision",
      "C) Expert Systems",
      "D) Symbolic AI"
    ],
    "answer": "B",
    "explanation": "Computer Vision enables autonomous drones to navigate and interpret visual data from their environment."
  },
  {
    "question": "What is a key requirement for Machine Learning?",
    "options": [
      "A) Fixed rules",
      "B) Quality data",
      "C) Manual coding",
      "D) Limited computation"
    ],
    "answer": "B",
    "explanation": "Machine Learning requires high-quality data to train models effectively and make accurate predictions."
  },
  {
    "question": "Which AI technique is used in sentiment analysis?",
    "options": [
      "A) Computer Vision",
      "B) Natural Language Processing",
      "C) Expert Systems",
      "D) Symbolic AI"
    ],
    "answer": "B",
    "explanation": "Natural Language Processing is used in sentiment analysis to interpret emotions in text data."
  },
  {
    "question": "What is a characteristic of Deep Learning models?",
    "options": [
      "A) Minimal data requirements",
      "B) Use of neural networks",
      "C) Rule-based processing",
      "D) Manual decision-making"
    ],
    "answer": "B",
    "explanation": "Deep Learning models use neural networks with multiple layers to process complex data."
  },
  {
    "question": "Which AI technique is used in robotic process automation?",
    "options": [
      "A) Machine Learning",
      "B) Symbolic AI",
      "C) Expert Systems",
      "D) Natural Language Processing"
    ],
    "answer": "A",
    "explanation": "Machine Learning is used in robotic process automation to optimize and automate repetitive tasks."
  },
  {
    "question": "What is a common use of Natural Language Processing?",
    "options": [
      "A) Image classification",
      "B) Text generation",
      "C) Physical navigation",
      "D) Rule-based reasoning"
    ],
    "answer": "B",
    "explanation": "Natural Language Processing is commonly used for text generation, such as in chatbots or translation tools."
  },
  {
    "question": "Which AI technique is used in traffic sign recognition?",
    "options": [
      "A) Natural Language Processing",
      "B) Computer Vision",
      "C) Expert Systems",
      "D) Symbolic AI"
    ],
    "answer": "B",
    "explanation": "Computer Vision is used in traffic sign recognition to identify and interpret road signs in autonomous vehicles."
  },
  {
    "question": "Which AI approach relies on predefined knowledge and rules?",
    "options": [
      "A) Sub-symbolic AI",
      "B) Symbolic AI",
      "C) Deep Learning",
      "D) Reinforcement Learning"
    ],
    "answer": "B",
    "explanation": "Symbolic AI uses predefined knowledge and rules to represent and process information."
  },
  {
    "question": "What is a feature of Sub-symbolic AI?",
    "options": [
      "A) Rule-based processing",
      "B) Learning from data",
      "C) Fixed logic",
      "D) Manual programming"
    ],
    "answer": "B",
    "explanation": "Sub-symbolic AI, such as neural networks, learns patterns from data rather than relying on predefined rules."
  },
  {
    "question": "Which AI approach is associated with neural networks?",
    "options": [
      "A) Symbolic AI",
      "B) Sub-symbolic AI",
      "C) Expert Systems",
      "D) Rule-Based AI"
    ],
    "answer": "B",
    "explanation": "Sub-symbolic AI includes neural networks, which learn from data to model complex patterns."
  },
  {
    "question": "What is a limitation of Symbolic AI?",
    "options": [
      "A) It adapts to new data",
      "B) It requires extensive rule creation",
      "C) It uses neural networks",
      "D) It avoids knowledge bases"
    ],
    "answer": "B",
    "explanation": "Symbolic AI requires extensive rule creation, making it less flexible for handling new or unstructured data."
  },
  {
    "question": "Which AI approach is used in Deep Learning?",
    "options": [
      "A) Symbolic AI",
      "B) Sub-symbolic AI",
      "C) Rule-Based AI",
      "D) Expert Systems"
    ],
    "answer": "B",
    "explanation": "Deep Learning is a form of Sub-symbolic AI, relying on neural networks to learn from data."
  },
  {
    "question": "What is a strength of Symbolic AI?",
    "options": [
      "A) Dynamic learning",
      "B) Clear rule-based reasoning",
      "C) Neural network reliance",
      "D) Data-driven adaptability"
    ],
    "answer": "B",
    "explanation": "Symbolic AI excels in clear, rule-based reasoning, making it suitable for structured domains."
  },
  {
    "question": "Which AI approach is less effective with unstructured data?",
    "options": [
      "A) Sub-symbolic AI",
      "B) Symbolic AI",
      "C) Deep Learning",
      "D) Machine Learning"
    ],
    "answer": "B",
    "explanation": "Symbolic AI struggles with unstructured data due to its reliance on predefined rules and logic."
  },
  {
    "question": "What is a characteristic of Sub-symbolic AI systems?",
    "options": [
      "A) Fixed rule sets",
      "B) Learning from large datasets",
      "C) Manual rule creation",
      "D) Avoidance of data"
    ],
    "answer": "B",
    "explanation": "Sub-symbolic AI systems, like those using neural networks, learn from large datasets to identify patterns."
  },
  {
    "question": "Which AI approach is used in traditional expert systems?",
    "options": [
      "A) Sub-symbolic AI",
      "B) Symbolic AI",
      "C) Deep Learning",
      "D) Reinforcement Learning"
    ],
    "answer": "B",
    "explanation": "Traditional expert systems use Symbolic AI, relying on predefined rules and knowledge bases."
  },
  {
    "question": "What is a benefit of Sub-symbolic AI?",
    "options": [
      "A) Simple rule creation",
      "B) Handling complex patterns",
      "C) Fixed logic",
      "D) Manual programming"
    ],
    "answer": "B",
    "explanation": "Sub-symbolic AI excels at handling complex patterns in data, such as in image or speech recognition."
  },
  {
    "question": "Which AI approach is associated with Machine Learning?",
    "options": [
      "A) Symbolic AI",
      "B) Sub-symbolic AI",
      "C) Rule-Based AI",
      "D) Expert Systems"
    ],
    "answer": "B",
    "explanation": "Machine Learning, a form of Sub-symbolic AI, focuses on learning from data rather than predefined rules."
  },
  {
    "question": "What is a drawback of Symbolic AI in modern applications?",
    "options": [
      "A) It learns dynamically",
      "B) It struggles with scalability",
      "C) It uses neural networks",
      "D) It avoids rule-based logic"
    ],
    "answer": "B",
    "explanation": "Symbolic AI struggles with scalability due to the need for extensive manual rule creation."
  },
  {
    "question": "Which AI approach is used in neural network-based systems?",
    "options": [
      "A) Symbolic AI",
      "B) Sub-symbolic AI",
      "C) Expert Systems",
      "D) Rule-Based AI"
    ],
    "answer": "B",
    "explanation": "Neural network-based systems are part of Sub-symbolic AI, focusing on data-driven learning."
  },
  {
    "question": "What is a feature of Symbolic AI systems?",
    "options": [
      "A) Data-driven learning",
      "B) Predefined knowledge bases",
      "C) Neural network reliance",
      "D) Dynamic adaptability"
    ],
    "answer": "B",
    "explanation": "Symbolic AI systems use predefined knowledge bases and rules to process information."
  },
  {
    "question": "Which AI approach is better suited for image recognition?",
    "options": [
      "A) Symbolic AI",
      "B) Sub-symbolic AI",
      "C) Rule-Based AI",
      "D) Expert Systems"
    ],
    "answer": "B",
    "explanation": "Sub-symbolic AI, particularly Deep Learning, is better suited for image recognition due to its ability to process unstructured data."
  },
  {
    "question": "In which field is AI used for diagnosing diseases?",
    "options": [
      "A) Finance",
      "B) Healthcare",
      "C) Education",
      "D) Agriculture"
    ],
    "answer": "B",
    "explanation": "AI is used in healthcare to diagnose diseases by analyzing medical images and patient data."
  },
  {
    "question": "What is a common application of AI in robotics?",
    "options": [
      "A) Text translation",
      "B) Autonomous navigation",
      "C) Financial forecasting",
      "D) Rule-based coding"
    ],
    "answer": "B",
    "explanation": "AI in robotics enables autonomous navigation, allowing robots to move and operate independently."
  },
  {
    "question": "Which AI application is used in virtual assistants?",
    "options": [
      "A) Fraud detection",
      "B) Natural language understanding",
      "C) Image classification",
      "D) Stock trading"
    ],
    "answer": "B",
    "explanation": "Virtual assistants use natural language understanding to process and respond to user queries."
  },
  {
    "question": "What is an AI application in self-driving cars?",
    "options": [
      "A) Text generation",
      "B) Object detection",
      "C) Rule-based coding",
      "D) Voice synthesis"
    ],
    "answer": "B",
    "explanation": "Self-driving cars use AI for object detection to identify obstacles and navigate roads."
  },
  {
    "question": "Which industry uses AI for fraud detection?",
    "options": [
      "A) Education",
      "B) Finance",
      "C) Healthcare",
      "D) Entertainment"
    ],
    "answer": "B",
    "explanation": "AI is used in finance for fraud detection by analyzing transaction patterns to identify suspicious activities."
  },
  {
    "question": "What is a role of AI in recommendation systems?",
    "options": [
      "A) Physical navigation",
      "B) Predicting user preferences",
      "C) Manual data entry",
      "D) Rule-based processing"
    ],
    "answer": "B",
    "explanation": "Recommendation systems use AI to predict user preferences, such as suggesting movies on streaming platforms."
  },
  {
    "question": "Which AI application is used in smart home devices?",
    "options": [
      "A) Stock trading",
      "B) Voice recognition",
      "C) Image classification",
      "D) Fraud detection"
    ],
    "answer": "B",
    "explanation": "Smart home devices use AI for voice recognition to process user commands, as seen in devices like Alexa."
  },
  {
    "question": "What is an AI application in healthcare?",
    "options": [
      "A) Financial forecasting",
      "B) Predictive diagnostics",
      "C) Text translation",
      "D) Stock analysis"
    ],
    "answer": "B",
    "explanation": "AI in healthcare is used for predictive diagnostics, such as forecasting disease progression from patient data."
  },
  {
    "question": "Which AI application improves customer service?",
    "options": [
      "A) Chatbots",
      "B) Stock trading",
      "C) Image recognition",
      "D) Fraud detection"
    ],
    "answer": "A",
    "explanation": "Chatbots, powered by AI, improve customer service by providing automated, real-time responses to queries."
  },
  {
    "question": "What is a use of AI in the retail industry?",
    "options": [
      "A) Disease diagnosis",
      "B) Personalized marketing",
      "C) Physical navigation",
      "D) Rule-based coding"
    ],
    "answer": "B",
    "explanation": "AI in retail is used for personalized marketing, tailoring product recommendations to individual customers."
  },
  {
    "question": "Which AI application is used in autonomous drones?",
    "options": [
      "A) Text generation",
      "B) Obstacle avoidance",
      "C) Financial forecasting",
      "D) Voice synthesis"
    ],
    "answer": "B",
    "explanation": "Autonomous drones use AI for obstacle avoidance to navigate complex environments safely."
  },
  {
    "question": "What is a role of AI in the automotive industry?",
    "options": [
      "A) Text translation",
      "B) Autonomous driving",
      "C) Stock trading",
      "D) Rule-based coding"
    ],
    "answer": "B",
    "explanation": "AI enables autonomous driving in the automotive industry by processing sensor data for navigation."
  },
  {
    "question": "Which AI application is used in content moderation?",
    "options": [
      "A) Image recognition",
      "B) Stock trading",
      "C) Physical navigation",
      "D) Fraud detection"
    ],
    "answer": "A",
    "explanation": "AI uses image recognition in content moderation to identify inappropriate visual content on platforms."
  },
  {
    "question": "What is an AI application in agriculture?",
    "options": [
      "A) Crop yield prediction",
      "B) Text translation",
      "C) Stock trading",
      "D) Voice synthesis"
    ],
    "answer": "A",
    "explanation": "AI is used in agriculture for crop yield prediction, analyzing data to optimize farming practices."
  },
  {
    "question": "Which AI application enhances online shopping?",
    "options": [
      "A) Fraud detection",
      "B) Recommendation systems",
      "C) Physical navigation",
      "D) Disease diagnosis"
    ],
    "answer": "B",
    "explanation": "Recommendation systems enhance online shopping by suggesting products based on user behavior."
  },
  {
    "question": "What is a use of AI in the entertainment industry?",
    "options": [
      "A) Financial forecasting",
      "B) Content recommendation",
      "C) Physical navigation",
      "D) Rule-based coding"
    ],
    "answer": "B",
    "explanation": "AI in entertainment powers content recommendation, such as suggesting shows on streaming platforms."
  },
  {
    "question": "Which AI application is used in traffic management?",
    "options": [
      "A) Text generation",
      "B) Real-time data analysis",
      "C) Stock trading",
      "D) Voice synthesis"
    ],
    "answer": "B",
    "explanation": "AI uses real-time data analysis in traffic management to optimize flow and reduce congestion."
  },
  {
    "question": "What is an AI application in education?",
    "options": [
      "A) Personalized learning",
      "B) Stock trading",
      "C) Physical navigation",
      "D) Fraud detection"
    ],
    "answer": "A",
    "explanation": "AI in education provides personalized learning by adapting content to individual student needs."
  },
  {
    "question": "Which AI application is used in cybersecurity?",
    "options": [
      "A) Threat detection",
      "B) Text translation",
      "C) Physical navigation",
      "D) Voice synthesis"
    ],
    "answer": "A",
    "explanation": "AI in cybersecurity is used for threat detection, identifying malicious activities in networks."
  },
  {
    "question": "What is a role of AI in logistics?",
    "options": [
      "A) Route optimization",
      "B) Text generation",
      "C) Stock trading",
      "D) Disease diagnosis"
    ],
    "answer": "A",
    "explanation": "AI in logistics optimizes routes for delivery, reducing costs and improving efficiency."
  },
  {
    "question": "Which AI application is used in weather forecasting?",
    "options": [
      "A) Predictive modeling",
      "B) Text translation",
      "C) Physical navigation",
      "D) Voice synthesis"
    ],
    "answer": "A",
    "explanation": "AI uses predictive modeling in weather forecasting to analyze data and predict conditions."
  },
  {
    "question": "What is an AI application in manufacturing?",
    "options": [
      "A) Quality control",
      "B) Text generation",
      "C) Stock trading",
      "D) Voice synthesis"
    ],
    "answer": "A",
    "explanation": "AI in manufacturing is used for quality control, detecting defects in products."
  },
  {
    "question": "Which AI application is used in virtual reality?",
    "options": [
      "A) Scene recognition",
      "B) Text translation",
      "C) Stock trading",
      "D) Fraud detection"
    ],
    "answer": "A",
    "explanation": "AI in virtual reality uses scene recognition to create immersive environments."
  },
  {
    "question": "What is a use of AI in the legal industry?",
    "options": [
      "A) Document analysis",
      "B) Physical navigation",
      "C) Stock trading",
      "D) Voice synthesis"
    ],
    "answer": "A",
    "explanation": "AI in the legal industry is used for document analysis, automating contract review and research."
  },
  {
    "question": "Which AI application is used in energy management?",
    "options": [
      "A) Demand forecasting",
      "B) Text translation",
      "C) Physical navigation",
      "D) Voice synthesis"
    ],
    "answer": "A",
    "explanation": "AI in energy management uses demand forecasting to optimize resource allocation."
  },
  {
    "question": "What is an AI application in gaming?",
    "options": [
      "A) NPC behavior",
      "B) Text translation",
      "C) Stock trading",
      "D) Disease diagnosis"
    ],
    "answer": "A",
    "explanation": "AI in gaming enhances non-player character (NPC) behavior, making them more realistic."
  },
  {
    "question": "Which AI application is used in supply chain management?",
    "options": [
      "A) Inventory optimization",
      "B) Text generation",
      "C) Physical navigation",
      "D) Voice synthesis"
    ],
    "answer": "A",
    "explanation": "AI in supply chain management optimizes inventory to reduce costs and improve efficiency."
  },
  {
    "question": "What is a role of AI in telecommunications?",
    "options": [
      "A) Network optimization",
      "B) Text translation",
      "C) Stock trading",
      "D) Disease diagnosis"
    ],
    "answer": "A",
    "explanation": "AI in telecommunications optimizes network performance for better connectivity."
  },
  {
    "question": "Which AI application is used in journalism?",
    "options": [
      "A) Automated reporting",
      "B) Physical navigation",
      "C) Stock trading",
      "D) Voice synthesis"
    ],
    "answer": "A",
    "explanation": "AI in journalism is used for automated reporting, generating news summaries from data."
  },
  {
    "question": "What is a major ethical challenge in AI development?",
    "options": [
      "A) Improving processing speed",
      "B) Addressing bias in AI systems",
      "C) Reducing hardware costs",
      "D) Increasing storage capacity"
    ],
    "answer": "B",
    "explanation": "Bias in AI systems, often from training data, can lead to unfair outcomes, posing an ethical challenge."
  },
  {
    "question": "What is a privacy concern with AI systems?",
    "options": [
      "A) Excessive data collection",
      "B) Limited data usage",
      "C) Reduced computation",
      "D) Simplified algorithms"
    ],
    "answer": "A",
    "explanation": "AI systems often collect large amounts of data, raising concerns about user privacy and data security."
  },
  {
    "question": "What is a potential impact of AI on jobs?",
    "options": [
      "A) Increased job displacement",
      "B) Reduced data needs",
      "C) Slower processing",
      "D) Decreased automation"
    ],
    "answer": "A",
    "explanation": "AI can automate tasks, leading to job displacement in sectors like manufacturing and customer service."
  },
  {
    "question": "Why is transparency important in AI systems?",
    "options": [
      "A) To hide decision-making processes",
      "B) To ensure user trust and accountability",
      "C) To limit data usage",
      "D) To reduce accuracy"
    ],
    "answer": "B",
    "explanation": "Transparency in AI ensures users trust the system and hold developers accountable for decisions."
  },
  {
    "question": "What is a challenge in making AI systems explainable?",
    "options": [
      "A) Simplifying hardware",
      "B) Interpreting complex models",
      "C) Reducing data needs",
      "D) Avoiding algorithms"
    ],
    "answer": "B",
    "explanation": "Explainability is challenging due to the complexity of AI models, especially in Deep Learning."
  },
  {
    "question": "What is a source of bias in AI systems?",
    "options": [
      "A) Unbiased training data",
      "B) Biased training data",
      "C) Simple algorithms",
      "D) Limited computation"
    ],
    "answer": "B",
    "explanation": "Biased training data can lead to biased AI outcomes, perpetuating unfair decisions."
  },
  {
    "question": "What is an ethical concern with AI in hiring?",
    "options": [
      "A) Increased fairness",
      "B) Potential discrimination",
      "C) Reduced data usage",
      "D) Simplified processes"
    ],
    "answer": "B",
    "explanation": "AI in hiring can discriminate if trained on biased data, leading to unfair candidate selection."
  },
  {
    "question": "What is a privacy risk in AI-powered surveillance?",
    "options": [
      "A) Reduced data collection",
      "B) Unauthorized data access",
      "C) Simplified algorithms",
      "D) Limited monitoring"
    ],
    "answer": "B",
    "explanation": "AI-powered surveillance risks unauthorized data access, threatening individual privacy."
  },
  {
    "question": "What is a societal impact of AI automation?",
    "options": [
      "A) Increased manual labor",
      "B) Job displacement",
      "C) Reduced efficiency",
      "D) Decreased productivity"
    ],
    "answer": "B",
    "explanation": "AI automation can displace jobs by replacing human tasks with machines."
  },
  {
    "question": "Why is explainability crucial in AI healthcare systems?",
    "options": [
      "A) To hide diagnoses",
      "B) To ensure trust in medical decisions",
      "C) To limit data usage",
      "D) To reduce accuracy"
    ],
    "answer": "B",
    "explanation": "Explainability in AI healthcare builds trust by clarifying how medical decisions are made."
  },
  {
    "question": "What is a challenge in reducing AI bias?",
    "options": [
      "A) Using more data",
      "B) Identifying biased datasets",
      "C) Simplifying models",
      "D) Avoiding algorithms"
    ],
    "answer": "B",
    "explanation": "Identifying biased datasets is challenging, as biases may be subtle or systemic."
  },
  {
    "question": "What is an ethical issue with AI in criminal justice?",
    "options": [
      "A) Increased fairness",
      "B) Risk of biased predictions",
      "C) Reduced data needs",
      "D) Simplified processes"
    ],
    "answer": "B",
    "explanation": "AI in criminal justice risks biased predictions, potentially leading to unfair sentencing."
  },
  {
    "question": "What is a privacy concern with AI chatbots?",
    "options": [
      "A) Limited data collection",
      "B) Storing user conversations",
      "C) Simplified algorithms",
      "D) Reduced interaction"
    ],
    "answer": "B",
    "explanation": "AI chatbots may store user conversations, raising privacy concerns about data security."
  },
  {
    "question": "What is a consequence of opaque AI systems?",
    "options": [
      "A) Increased user trust",
      "B) Reduced accountability",
      "C) Simplified designs",
      "D) Limited computation"
    ],
    "answer": "B",
    "explanation": "Opaque AI systems reduce accountability, as users cannot understand decision-making processes."
  },
  {
    "question": "What is a risk of AI in autonomous weapons?",
    "options": [
      "A) Reduced efficiency",
      "B) Unintended harm",
      "C) Simplified controls",
      "D) Limited deployment"
    ],
    "answer": "B",
    "explanation": "AI in autonomous weapons risks unintended harm due to errors or lack of human oversight."
  },
  {
    "question": "What is a challenge in ensuring AI transparency?",
    "options": [
      "A) Simplifying hardware",
      "B) Explaining complex models",
      "C) Reducing data needs",
      "D) Avoiding algorithms"
    ],
    "answer": "B",
    "explanation": "Explaining complex AI models is challenging, hindering transparency efforts."
  },
  {
    "question": "What is an ethical concern with AI in social media?",
    "options": [
      "A) Increased fairness",
      "B) Content manipulation",
      "C) Reduced data usage",
      "D) Simplified algorithms"
    ],
    "answer": "B",
    "explanation": "AI in social media can manipulate content, influencing user behavior unethically."
  },
  {
    "question": "What is a privacy issue with AI recommendation systems?",
    "options": [
      "A) Limited data collection",
      "B) Tracking user behavior",
      "C) Simplified algorithms",
      "D) Reduced personalization"
    ],
    "answer": "B",
    "explanation": "Recommendation systems track user behavior, raising privacy concerns about data usage."
  },
  {
    "question": "What is a societal risk of AI adoption?",
    "options": [
      "A) Increased employment",
      "B) Economic inequality",
      "C) Reduced automation",
      "D) Decreased productivity"
    ],
    "answer": "B",
    "explanation": "AI adoption may widen economic inequality by favoring high-skill jobs and automation."
  },
  {
    "question": "What is a challenge in AI ethics?",
    "options": [
      "A) Simplifying hardware",
      "B) Balancing innovation and fairness",
      "C) Reducing data needs",
      "D) Avoiding algorithms"
    ],
    "answer": "B",
    "explanation": "Balancing innovation with fairness is a key challenge in AI ethics to ensure equitable outcomes."
  },
  {
    "question": "What is a risk of biased AI in lending?",
    "options": [
      "A) Increased fairness",
      "B) Discriminatory loan approvals",
      "C) Reduced data usage",
      "D) Simplified processes"
    ],
    "answer": "B",
    "explanation": "Biased AI in lending can lead to discriminatory loan approvals, unfairly denying access to credit."
  },
  {
    "question": "What is a privacy concern with AI in healthcare?",
    "options": [
      "A) Limited data collection",
      "B) Unauthorized patient data access",
      "C) Simplified algorithms",
      "D) Reduced diagnostics"
    ],
    "answer": "B",
    "explanation": "Unauthorized access to patient data in AI healthcare systems raises significant privacy concerns."
  },
  {
    "question": "What is a consequence of AI job displacement?",
    "options": [
      "A) Increased manual labor",
      "B) Need for reskilling",
      "C) Reduced efficiency",
      "D) Decreased automation"
    ],
    "answer": "B",
    "explanation": "AI job displacement creates a need for reskilling workers to adapt to new roles."
  },
  {
    "question": "What is a challenge in making AI systems fair?",
    "options": [
      "A) Using more data",
      "B) Mitigating inherent biases",
      "C) Simplifying models",
      "D) Avoiding algorithms"
    ],
    "answer": "B",
    "explanation": "Mitigating inherent biases in data and algorithms is a key challenge in ensuring AI fairness."
  },
  {
    "question": "What is an ethical issue with AI in advertising?",
    "options": [
      "A) Increased transparency",
      "B) Manipulative targeting",
      "C) Reduced data usage",
      "D) Simplified campaigns"
    ],
    "answer": "B",
    "explanation": "AI in advertising can use manipulative targeting, exploiting user data unethically."
  },
  {
    "question": "Which search technique in AI is considered uninformed?",
    "options": [
      "A) A* Search",
      "B) Greedy Search",
      "C) Breadth-First Search",
      "D) Heuristic Search"
    ],
    "answer": "C",
    "explanation": "Breadth-First Search is an uninformed search technique, exploring all nodes systematically without heuristics."
  },
  {
    "question": "What is a feature of Depth-First Search in AI?",
    "options": [
      "A) Uses heuristics",
      "B) Explores deepest nodes first",
      "C) Guarantees optimal solutions",
      "D) Avoids recursion"
    ],
    "answer": "B",
    "explanation": "Depth-First Search explores the deepest nodes first, making it memory-efficient but not always optimal."
  },
  {
    "question": "Which AI search technique uses heuristics?",
    "options": [
      "A) Breadth-First Search",
      "B) Depth-First Search",
      "C) A* Search",
      "D) Random Search"
    ],
    "answer": "C",
    "explanation": "A* Search uses heuristics to guide the search, making it more efficient for finding optimal paths."
  },
  {
    "question": "What is a limitation of uninformed search techniques?",
    "options": [
      "A) They use heuristics",
      "B) They are computationally expensive",
      "C) They always find optimal solutions",
      "D) They avoid exploration"
    ],
    "answer": "B",
    "explanation": "Uninformed search techniques, like BFS and DFS, can be computationally expensive due to exhaustive exploration."
  },
  {
    "question": "Which search technique is best for finding the shortest path?",
    "options": [
      "A) Depth-First Search",
      "B) Breadth-First Search",
      "C) Random Search",
      "D) Greedy Search"
    ],
    "answer": "B",
    "explanation": "Breadth-First Search guarantees the shortest path in unweighted graphs by exploring level by level."
  },
  {
    "question": "What is a benefit of A* Search in AI?",
    "options": [
      "A) Avoids heuristics",
      "B) Finds optimal solutions efficiently",
      "C) Explores all nodes",
      "D) Uses fixed rules"
    ],
    "answer": "B",
    "explanation": "A* Search uses heuristics to find optimal solutions efficiently, balancing exploration and goal-directedness."
  },
  {
    "question": "Which search technique is used in GPS navigation systems?",
    "options": [
      "A) Depth-First Search",
      "B) A* Search",
      "C) Random Search",
      "D) Breadth-First Search"
    ],
    "answer": "B",
    "explanation": "A* Search is used in GPS navigation to find the shortest path efficiently using heuristics."
  },
  {
    "question": "What is a characteristic of Greedy Search?",
    "options": [
      "A) Guarantees optimal solutions",
      "B) Uses heuristics for local optimization",
      "C) Explores all nodes",
      "D) Avoids heuristics"
    ],
    "answer": "B",
    "explanation": "Greedy Search uses heuristics to make locally optimal choices, but it may not find the global optimum."
  },
  {
    "question": "Which search technique is memory-intensive?",
    "options": [
      "A) Depth-First Search",
      "B) Breadth-First Search",
      "C) Greedy Search",
      "D) A* Search"
    ],
    "answer": "B",
    "explanation": "Breadth-First Search is memory-intensive, as it stores all nodes at each level during exploration."
  },
  {
    "question": "What is a drawback of Greedy Search in AI?",
    "options": [
      "A) It always finds optimal solutions",
      "B) It may miss the global optimum",
      "C) It avoids heuristics",
      "D) It is memory-intensive"
    ],
    "answer": "B",
    "explanation": "Greedy Search may miss the global optimum by focusing on local optimizations based on heuristics."
  },
  {
    "question": "Which algorithm is used in AI for game playing?",
    "options": [
      "A) K-Means Clustering",
      "B) Minimax Algorithm",
      "C) Gradient Descent",
      "D) Apriori Algorithm"
    ],
    "answer": "B",
    "explanation": "The Minimax Algorithm is used in AI for games to evaluate moves and minimize the opponent’s maximum payoff."
  },
  {
    "question": "What is the purpose of Alpha-Beta Pruning in AI?",
    "options": [
      "A) To increase computation",
      "B) To optimize Minimax efficiency",
      "C) To avoid game strategies",
      "D) To simplify rules"
    ],
    "answer": "B",
    "explanation": "Alpha-Beta Pruning optimizes the Minimax Algorithm by eliminating branches that won’t affect the outcome."
  },
  {
    "question": "Which AI technique is used in chess-playing programs?",
    "options": [
      "A) Minimax Algorithm",
      "B) K-Means Clustering",
      "C) Gradient Descent",
      "D) Apriori Algorithm"
    ],
    "answer": "A",
    "explanation": "The Minimax Algorithm, often with Alpha-Beta Pruning, is used in chess programs to evaluate moves."
  },
  {
    "question": "What is a benefit of Alpha-Beta Pruning in games?",
    "options": [
      "A) Increased computation",
      "B) Reduced search time",
      "C) Simplified rules",
      "D) Avoidance of heuristics"
    ],
    "answer": "B",
    "explanation": "Alpha-Beta Pruning reduces search time in games by pruning irrelevant branches in the Minimax Algorithm."
  },
  {
    "question": "Which AI technique improves game AI efficiency?",
    "options": [
      "A) K-Means Clustering",
      "B) Alpha-Beta Pruning",
      "C) Gradient Descent",
      "D) Apriori Algorithm"
    ],
    "answer": "B",
    "explanation": "Alpha-Beta Pruning improves efficiency in game AI by optimizing the Minimax Algorithm’s search process."
  }
]
}