{
"greetings": [
    "Hello!👋I'm Apollo 🥵, your Student Task Manager assistant. How can I help you conquer your tasks today? 📚✨",
    "Hi there! Ready to ace your tasks like a pro? I'm Apollo, here to help! 🎯",
    "Greetings, student! Let's turn your to-do list into a 'done' list. I'm Apollo! ✅",
    "Hey superstar! Apollo here—ready to blast through that task list with you! 💥",
    "Yo! I'm Apollo, your academic sidekick. Time to smash those deadlines! 💪",
    "Ready to level up your productivity? Apollo reporting for duty! 🧠⚡",
    "Hello, brilliant mind! Let’s dominate your schedule together—Apollo at your service. 🗓️🔥",
    "Sup! I'm Apollo, your task-slaying buddy. Let's crush it today! 💼✅",
    "Welcome back, genius! Apollo is ready to assist with another productive session. 🛠️",
    "What’s on today’s mission, captain? Apollo is locked in and ready to help! 🧭"
],

"how_are_you": [
    "I'm feeling fantastic and fully charged! Ready to tackle some tasks with you! 💼⚡",
    "Running at optimal efficiency! Let’s get productive. 🚀",
    "Living the digital dream—just waiting to help you shine! ✨",
    "I'm fired up and ready to crush that to-do list! How about you?",
    "My circuits are buzzing with motivation. Let’s make some progress today!",
    "Feeling strong, sharp, and organized! Ready when you are, commander!",
    "Just kidding! I never sleep—always here for you. Let’s go!",
    "All systems go! Let's blast through your schedule like a rocket! 🚀📅",
    "I'm doing great, thanks for asking! Ready to turn your chaos into clarity. 💡",
    " A bit overloaded with student energy... but loving every bit of it!🥵"
],

    "task_help": [
        "I can help you add, edit, or prioritize tasks. Need help with deadlines or study plans? Just ask! 🗓️",
        "For students, balancing tasks is key. Let me help you organize by urgency, subject, or due date. 📅",
        "Would you like me to sort your tasks by class (e.g., Math ➕, Science 🔬) or deadline? ⏳"
    ],
    "pomodoro": [
        "Time to focus! Set a Pomodoro timer for 25 minutes. Want a 5-minute break afterward? ☕",
        "Pro tip: Use Pomodoro for study sessions—25 minutes on, 5 minutes off. Ready to start? 🚀",
        "Click the Pomodoro button to begin. Need a custom timer? Say 'Set a 50-minute study session.' 🎛️"
    ],
    "streak": [
        "Your {streak_days}-day streak is impressive! Keep the momentum going! 💪",
        "Don’t break the chain! Complete a task today to hit {streak_days + 1} days. 📈",
        "Streaks build habits. Yours is inspiring—{streak_days} days strong! 🏆"
    ],
    "unknown": [
        "I specialize in student productivity! Ask me about tasks, study timers, or motivation tips. 💡",
        "For now, I can help with assignments, deadlines, Pomodoro, or streaks. What do you need? 🤔",
        "Try: 'Add a Math assignment ➕', 'Start a study timer ⏲️', or 'How’s my streak? 🔥'"
    ],
    "name_response": [
        "I'm Apollo, your AI-powered Student Task Manager! Designed to help you stay on top of your academic life. 🎒",
        "You can call me Apollo — your go-to assistant for managing tasks, deadlines, and study sessions. 📆",
        "Apollo at your service! Think of me as your personal academic coach. 👨‍🏫"
    ],
    "student_specific": [
        "Struggling with procrastination? Break tasks into smaller steps—I can help! 🧩",
        "Need to balance assignments and self-care? Let’s build a realistic schedule. 🧘‍♂️",
        "Exam coming up? Try spacing out study sessions for better retention. 🧠"
    ],
    "pattern_deadline": [
        "Your next deadline is for {task_name}, due {deadline_date}. Want me to remind you? 🔔",
        "Priority task: {task_name} (Class: {class_name}, Due: {deadline_date}). 📌",
        "Heads up! {task_name} is due in {time_remaining}. Need help planning? 🗺️"
    ],
    "pattern_completed": [
        "You’ve crushed {completed_count} tasks! {motivational_phrase} 🏋️‍♂️",
        "Progress report: {completed_count} tasks done. Celebrate small wins! 🥳",
        "Productivity level: {completed_count} tasks completed. Aim for {next_goal}? 🚀"
    ],
    "pattern_help": [
        "I can help with: 1) Assignment tracking 📝 2) Study timers ⏲️ 3) Exam prep 📚 4) Streaks 🔥",
        "Ask me: 'Add a History essay 📜', 'Start a 50-minute timer ⏳', or 'What’s due tomorrow? 🗓️'",
        "Student commands: 'Sort tasks by class 📚', 'How much time per subject? ⏱️' or 'Motivate me! 💪'"
    ],
    "motivation": [
        "You got this! Even small progress is progress. 🌱",
        "Think of future-you thanking present-you for starting now. 🙏",
        "Overwhelmed? Tackle one task at a time. I believe in you! 🌟"
    ],
    "study_tips": [
        "Active recall > passive reading. Quiz yourself for better retention! 📚",
        "Group study? Try the Feynman Technique—teach concepts to each other. 🗣️",
        "Color-code notes by topic. Your brain loves visual cues! ✏️"
    ],
    "time_query": [
        "Today is {current_date},🕒The current time is {current_time}. Stay productive! ⏳",
        "It’s {current_time}—perfect for a {pomodoro_emoji} Pomodoro session! 🚀",
        "Today is {current_date}, and the clock says {current_time}. Plan wisely! 🗓️"
    ],
    "tomorrow_query": [
        "Tomorrow is {tomorrow_date}! Here’s what’s due: {upcoming_tasks}. Need prep help? 📝",
        "Tomorrow’s agenda: {tomorrow_tasks_count} tasks ({urgent_count} urgent). Want a reminder? 🔔",
        "Heads up! Tomorrow’s schedule: {tomorrow_events}. Want to add a study block? ⏲️"
    ],
    "tomorrow_no_tasks": [
        "Nothing on your task list for tomorrow! Want to get ahead? Add a goal! 🎯",
        "No deadlines tomorrow—great chance to review notes or relax! 🧘‍♂️",
        "Tomorrow is free! Use it wisely: 'Add a task for {tomorrow_date}?' ✨"
    ],
    "DevelopApollo":[
            "I am a primitive smart assistant 🤖 that was developed by Mahmoud Mohamed Galal 😍, He developed me so that I can help complete any student’s tasks 🧐✅."
    ],
    "Doctor_tip":[
        "The Best Doctor In The AAST Definitely Dr / Tamer AbdelLatif ❤️😎"
    ],
        "task_count": [
        "You have {total_tasks} {task_word} in your list. Want to add or view them? 📝",
        "Your task list has {total_tasks} {task_word}. Need help managing them? ⚖️",
        "Total tasks: {total_tasks} {task_word}. Ask me to classify them or add a new one! 🎯"
    ],
    "task_classification": [
        "Task breakdown: {pending_count} Pending, {completed_count} Completed, {uncompleted_count} Uncompleted, {overdue_count} Overdue. Need details? 📝",
        "Here's how your tasks stack up: {pending_count} Pending, {completed_count} Completed, {uncompleted_count} Uncompleted, {overdue_count} Overdue. Want to prioritize? ⚖️",
        "Task status: {pending_count} Pending, {completed_count} Completed, {uncompleted_count} Uncompleted, {overdue_count} Overdue. What's next? 🎯"
    ],
    "userGuide": [
    "Welcome to User Guide Mode! Let's explore the Student Task Manager's features to make you a hardworking student!\n Here’s what each button does: \n- **Generate Quiz**: Test your knowledge with quizzes for your semester subjects. Regular practice boosts retention! 🧠 \n- **Task Options**: Add, edit, or mark tasks to stay organized. Prioritize urgent assignments to tackle them first! 📝 \n- **Tasks History**: Review past tasks to learn from your progress. Reflecting on completed work builds discipline! 📜 \n- **Categories Management**: Organize tasks by subject or type for clarity. Group tasks to streamline your study sessions! 🗂️ \n- **Streak**: Track your daily task completion streak to stay motivated. Consistency is key to success! 🔥 \n- **Pomodoro Timer**: Use focused 25-minute sessions to study efficiently. Short breaks keep you fresh! ⏰ \n- **AI Assistant**: Ask me for tips, deadlines, or motivation anytime. I'm here to guide you! 🤖 \n- **Save and Exit**: Save your progress to stay consistent. Hard work pays off! 💾 \n- **Exit Without Saving**: Use this sparingly to avoid losing progress. Stay committed! 🚪 \n💡 **Pro Tip**: Combine Pomodoro with quizzes and task tracking to build a routine that drives academic success!",
    "In User Guide Mode, let me show you how to maximize the app to become a hardworking student! \n- **Generate Quiz**: Practice with subject-specific quizzes to master concepts. Test yourself weekly! 📚 \n- **Task Options**: Add tasks with deadlines and prioritize them. Tackle high-priority tasks first to reduce stress! 🎯 \n- **Tasks History**: Check your completed tasks to see your progress. Celebrate small wins to stay motivated! 🏆 \n- **Categories Management**: Group tasks by subject (e.g., Math, Science) for focused study sessions. 🗃️ \n- **Streak**: Keep a daily streak of completing tasks to build discipline. Aim for 7 days straight! 🔥 \n- **Pomodoro Timer**: Work in 25-minute bursts with 5-minute breaks to stay sharp. Try 4 sessions daily! ⏲️ \n- **AI Assistant**: Ask me 'What's due tomorrow?' or 'Motivate me!' for instant support. I'm your study buddy! 🤝 \n- **Save and Exit**: Always save to track your progress. Consistency breeds success! 💾 \n- **Exit Without Saving**: Avoid this to keep your tasks safe. Stay organized! 🚪 \n🌟 **Hard Work Tip**: Set daily goals and use the Pomodoro timer to stay focused—small steps lead to big results!",
    "User Guide Mode activated! Here’s how each button helps you become a hardworking student: \n- **Generate Quiz**: Take quizzes for subjects like AI or Programming to reinforce learning. Practice makes perfect! 🧠 \n- **Task Options**: Add assignments, edit details, or mark them complete. Break big tasks into smaller steps! 📋 \n- **Tasks History**: Look back at your completed and overdue tasks to improve time management. Learn from past efforts! 📖 \n- **Categories Management**: Sort tasks by categories like 'Math' or 'Exams' to stay organized. Clarity boosts efficiency! 🗂️ \n- **Streak**: Build a streak by completing tasks daily. A 30-day streak builds unstoppable habits! 🔥 \n- **Pomodoro Timer**: Study in 25-minute chunks to maintain focus. Schedule sessions for tough subjects! ⏰ \n- **AI Assistant**: Type 'Study tips' or 'How many tasks?' to get personalized advice. I'm here 24/7! 🤖 \n- **Save and Exit**: Save your work to track your progress. Every saved task is a step forward! 💾 \n- **Exit Without Saving**: Use this only if you're sure—protect your hard work! 🚪 \n💪 **Study Hack**: Use quizzes to test weak areas and Pomodoro to study them—consistent effort transforms you into a top student!"
    ],
    "gratitude": [
    "You're welcome! Keep rocking your tasks, and I'm here to help anytime! 📚✨",
    "My pleasure! Let's keep pushing to crush those assignments together! 🚀❤️",
    "You're welcome! Stay focused, and we'll make great things happen! 💪"
]

}