{
  "Creativity and Innovation": [
    {
      "question": "What is the most accurate definition of creativity?",
      "options": [
        "A) Following established rules to solve problems",
        "B) Copying existing ideas and using them",
        "C) The ability to generate new and original ideas",
        "D) Repeating successful routines"
      ],
      "answer": "C"
    },
    {
      "question": "Which of the following best defines innovation?",
      "options": [
        "A) Discovering a new law of physics",
        "B) Turning creative ideas into useful products or processes",
        "C) Studying existing markets without change",
        "D) Writing fictional stories"
      ],
      "answer": "B"
    },
    {
      "question": "How does creativity differ from innovation?",
      "options": [
        "A) Creativity is practical while innovation is theoretical",
        "B) Creativity is about generating ideas, while innovation is about implementing them",
        "C) Innovation involves art, creativity involves science",
        "D) They are exactly the same"
      ],
      "answer": "B"
    },
    {
      "question": "Which of these is a key element of creativity?",
      "options": [
        "A) Conformity",
        "B) Originality",
        "C) Profit",
        "D) Stability"
      ],
      "answer": "B"
    },
    {
      "question": "What is required for innovation to occur?",
      "options": [
        "A) A strict routine",
        "B) Imitation of competitors",
        "C) The application of creative ideas in a useful way",
        "D) Avoidance of all risks"
      ],
      "answer": "C"
    },
    {
      "question": "Which term best describes creativity applied to solve a specific problem?",
      "options": [
        "A) Innovation",
        "B) Routine",
        "C) Memorization",
        "D) Management"
      ],
      "answer": "A"
    },
    {
      "question": "Which of the following is NOT typically associated with creativity?",
      "options": [
        "A) Flexibility",
        "B) Novelty",
        "C) Imitation",
        "D) Imagination"
      ],
      "answer": "C"
    },
    {
      "question": "Why is creativity considered essential in business?",
      "options": [
        "A) It increases standardization",
        "B) It helps avoid new ideas",
        "C) It leads to innovative solutions and competitive advantages",
        "D) It maintains tradition"
      ],
      "answer": "C"
    },
    {
      "question": "In the context of organizations, innovation is often seen as:",
      "options": [
        "A) A random process",
        "B) Unrelated to business success",
        "C) A strategic process to bring change and improvement",
        "D) A way to avoid failure"
      ],
      "answer": "C"
    },
    {
      "question": "Which of the following statements is true about the relationship between creativity and innovation?",
      "options": [
        "A) Creativity and innovation are unrelated",
        "B) Innovation always happens without creativity",
        "C) Creativity is the foundation upon which innovation is built",
        "D) Innovation replaces the need for creativity"
      ],
      "answer": "C"
    },
    {
      "question": "What is the primary focus of creativity?",
      "options": [
        "A) Implementing tested solutions",
        "B) Generating original and imaginative ideas",
        "C) Marketing new products",
        "D) Improving sales performance"
      ],
      "answer": "B"
    },
    {
      "question": "Which of the following best describes innovation?",
      "options": [
        "A) Thinking outside the box without taking action",
        "B) Repeating traditional practices",
        "C) Applying creative ideas in practical, valuable ways",
        "D) Brainstorming without direction"
      ],
      "answer": "C"
    },
    {
      "question": "Creativity is to ideas as innovation is to:",
      "options": [
        "A) Planning",
        "B) Discovery",
        "C) Implementation",
        "D) Routine"
      ],
      "answer": "C"
    },
    {
      "question": "Which statement best explains the difference between creativity and innovation?",
      "options": [
        "A) Creativity is about action; innovation is about thoughts",
        "B) Creativity improves existing systems; innovation generates ideas",
        "C) Creativity involves ideation; innovation involves execution",
        "D) Creativity is better than innovation"
      ],
      "answer": "C"
    },
    {
      "question": "If a person sketches a new design, what are they demonstrating?",
      "options": [
        "A) Innovation",
        "B) Management",
        "C) Creativity",
        "D) Production"
      ],
      "answer": "C"
    },
    {
      "question": "When a new design is used to create a marketable product, what is this an example of?",
      "options": [
        "A) Creativity",
        "B) Innovation",
        "C) Planning",
        "D) Ideation"
      ],
      "answer": "B"
    },
    {
      "question": "Which of the following is true about innovation but not necessarily about creativity?",
      "options": [
        "A) It requires originality",
        "B) It involves risk-taking",
        "C) It results in tangible outcomes",
        "D) It depends solely on imagination"
      ],
      "answer": "C"
    },
    {
      "question": "How does creativity contribute to innovation?",
      "options": [
        "A) By replacing all business processes",
        "B) By reducing the need for improvement",
        "C) By providing the raw ideas that drive innovation",
        "D) By copying existing models"
      ],
      "answer": "C"
    },
    {
      "question": "Which of the following best illustrates innovation in business?",
      "options": [
        "A) Thinking about a new product idea",
        "B) Discussing design trends",
        "C) Launching a product that uses a unique idea",
        "D) Repeating successful strategies"
      ],
      "answer": "C"
    },
    {
      "question": "What is the main difference between creativity and innovation in a team setting?",
      "options": [
        "A) Creativity focuses on output; innovation focuses on teamwork",
        "B) Creativity encourages rules; innovation discourages ideas",
        "C) Creativity generates ideas; innovation puts those ideas into action",
        "D) Creativity is less important than innovation"
      ],
      "answer": "C"
    },
  
  {
    "question": "Which stage of the creative process involves gathering information and resources?",
    "options": [
      "A) Illumination",
      "B) Verification",
      "C) Incubation",
      "D) Preparation"
    ],
    "answer": "D"
  },
  {
    "question": "What typically occurs during the Incubation stage of the creative process?",
    "options": [
      "A) Immediate decision-making",
      "B) Conscious effort to solve the problem",
      "C) Subconscious processing and stepping away from the problem",
      "D) Final implementation of the idea"
    ],
    "answer": "C"
  },
  {
    "question": "Which stage of the creative process is known for the 'Eureka' or 'Aha!' moment?",
    "options": [
      "A) Preparation",
      "B) Illumination",
      "C) Verification",
      "D) Incubation"
    ],
    "answer": "B"
  },
  {
    "question": "What is the main objective of the Verification stage in the creative process?",
    "options": [
      "A) Daydreaming to relax the mind",
      "B) Generating as many ideas as possible",
      "C) Evaluating and refining the creative idea",
      "D) Gathering information"
    ],
    "answer": "C"
  },
  {
    "question": "Which of the following is the first step in the Stages of Innovation?",
    "options": [
      "A) Commercialization",
      "B) Product Development",
      "C) Idea Generation",
      "D) Market Testing"
    ],
    "answer": "C"
  },
  {
    "question": "During which innovation stage is a prototype or initial version of the product created?",
    "options": [
      "A) Idea Generation",
      "B) Concept Development",
      "C) Product Development",
      "D) Commercialization"
    ],
    "answer": "C"
  },
  {
    "question": "What is the primary goal of the Market Testing stage in innovation?",
    "options": [
      "A) Brainstorming new ideas",
      "B) Building the final product",
      "C) Evaluating market reaction to the product",
      "D) Launching the product internationally"
    ],
    "answer": "C"
  },
  {
    "question": "Which innovation stage involves launching the product to the market?",
    "options": [
      "A) Commercialization",
      "B) Incubation",
      "C) Illumination",
      "D) Preparation"
    ],
    "answer": "A"
  },
  {
    "question": "Why is the Verification stage critical in the creative process?",
    "options": [
      "A) It encourages random idea generation",
      "B) It involves market testing only",
      "C) It ensures the idea is practical and workable",
      "D) It’s where brainstorming occurs"
    ],
    "answer": "C"
  },
  {
    "question": "Which of the following best describes the relationship between creativity and innovation?",
    "options": [
      "A) Creativity follows innovation",
      "B) Creativity is not related to innovation",
      "C) Innovation is the practical application of creative ideas",
      "D) Innovation replaces creativity entirely"
    ],
    "answer": "C"
  },
  {
    "question": "What is the main purpose of brainstorming in a creative process?",
    "options": [
      "A) To evaluate the feasibility of ideas",
      "B) To generate a large number of ideas without judgment",
      "C) To build detailed project timelines",
      "D) To write formal reports"
    ],
    "answer": "B"
  },
  {
    "question": "Which of the following is a key rule of brainstorming?",
    "options": [
      "A) Criticize bad ideas immediately",
      "B) Allow only one person to speak at a time",
      "C) Encourage wild and unusual ideas",
      "D) Focus only on realistic solutions"
    ],
    "answer": "C"
  },
  {
    "question": "What is the main benefit of mind mapping?",
    "options": [
      "A) It limits idea generation",
      "B) It helps visualize relationships between ideas",
      "C) It organizes legal documentation",
      "D) It reduces memory retention"
    ],
    "answer": "B"
  },
  {
    "question": "In mind mapping, what is typically placed at the center of the diagram?",
    "options": [
      "A) Supporting details",
      "B) A random keyword",
      "C) The main central idea or topic",
      "D) The conclusion"
    ],
    "answer": "C"
  },
  {
    "question": "Which tool is most helpful for generating and organizing ideas visually?",
    "options": [
      "A) Mind Mapping",
      "B) SWOT Analysis",
      "C) Timeline Charts",
      "D) Spreadsheets"
    ],
    "answer": "A"
  },
  {
    "question": "Which of the following best describes Design Thinking?",
    "options": [
      "A) A strictly linear process for engineering design",
      "B) A user-centered, iterative problem-solving approach",
      "C) A method for financial forecasting",
      "D) A legal framework for product design"
    ],
    "answer": "B"
  },
  {
    "question": "What is the first stage in the Design Thinking process?",
    "options": [
      "A) Prototype",
      "B) Ideate",
      "C) Define",
      "D) Empathize"
    ],
    "answer": "D"
  },
  {
    "question": "In Design Thinking, what is the goal of the 'Ideate' phase?",
    "options": [
      "A) To test prototypes with users",
      "B) To generate a wide range of creative solutions",
      "C) To define technical specifications",
      "D) To conduct market research"
    ],
    "answer": "B"
  },
  {
    "question": "Why is prototyping important in Design Thinking?",
    "options": [
      "A) It helps finalize the product early",
      "B) It discourages experimentation",
      "C) It provides a way to explore and test ideas quickly",
      "D) It avoids involving the end user"
    ],
    "answer": "C"
  },
  {
    "question": "What is the final step in the Design Thinking process?",
    "options": [
      "A) Define",
      "B) Empathize",
      "C) Ideate",
      "D) Test"
    ],
    "answer": "D"
  },
  {
    "question": "What is the main focus of product innovation?",
    "options": [
      "A) Improving internal workflows",
      "B) Changing organizational hierarchy",
      "C) Creating or significantly improving a good or service",
      "D) Developing marketing strategies"
    ],
    "answer": "C"
  },
  {
    "question": "Which of the following best describes process innovation?",
    "options": [
      "A) Releasing a new mobile application",
      "B) Implementing new methods of production or delivery",
      "C) Expanding to new geographic markets",
      "D) Hiring new employees"
    ],
    "answer": "B"
  },
  {
    "question": "What characterizes business model innovation?",
    "options": [
      "A) Modifying product packaging",
      "B) Creating entirely new ways of capturing and delivering value",
      "C) Increasing employee salaries",
      "D) Outsourcing basic tasks"
    ],
    "answer": "B"
  },
  {
    "question": "Which of the following is an example of organizational innovation?",
    "options": [
      "A) Launching a new product line",
      "B) Redesigning office furniture",
      "C) Adopting a flat management structure",
      "D) Changing a website’s color scheme"
    ],
    "answer": "C"
  },
  {
    "question": "What is the primary goal of social innovation?",
    "options": [
      "A) To generate financial profit only",
      "B) To improve the efficiency of internal systems",
      "C) To develop solutions that address social challenges",
      "D) To increase customer satisfaction through discounts"
    ],
    "answer": "C"
  },
  {
    "question": "Which of the following best represents technological innovation?",
    "options": [
      "A) Training staff in communication",
      "B) Introducing a new algorithm that speeds up search results",
      "C) Changing employee work shifts",
      "D) Adding new office furniture"
    ],
    "answer": "B"
  },
  {
    "question": "How does disruptive innovation differ from incremental innovation?",
    "options": [
      "A) It focuses on gradual improvement of existing products",
      "B) It only applies to large companies",
      "C) It creates a new market by disrupting existing ones",
      "D) It enhances customer loyalty programs"
    ],
    "answer": "C"
  },
  {
    "question": "Which is a key feature of incremental innovation?",
    "options": [
      "A) Introducing an entirely new industry",
      "B) Making small, continuous improvements to existing products",
      "C) Creating a completely different business model",
      "D) Disrupting competitors’ markets"
    ],
    "answer": "B"
  },
  {
    "question": "Which of the following best illustrates business model innovation?",
    "options": [
      "A) Uber’s use of a platform-based ride-sharing model",
      "B) Tesla designing electric cars",
      "C) A bank improving customer wait times",
      "D) A clothing brand releasing seasonal colors"
    ],
    "answer": "A"
  },
  {
    "question": "Which innovation type is most likely to address poverty, education, or healthcare?",
    "options": [
      "A) Technological Innovation",
      "B) Product Innovation",
      "C) Social Innovation",
      "D) Process Innovation"
    ],
    "answer": "C"
  },
  {
    "question": "What is a key feature of Artificial Intelligence (AI)?",
    "options": [
      "A) Ability to feel emotions",
      "B) Ability to mimic and perform human cognitive tasks",
      "C) Functioning only with internet access",
      "D) Use of analog devices"
    ],
    "answer": "B"
  },
  {
    "question": "Which of the following is an application of the Internet of Things (IoT)?",
    "options": [
      "A) Social media posting",
      "B) Smart home devices like thermostats",
      "C) Word processing software",
      "D) Digital artwork"
    ],
    "answer": "B"
  },
  {
    "question": "Steve Jobs is best known for co-founding which company?",
    "options": [
      "A) Microsoft",
      "B) Google",
      "C) Apple",
      "D) Intel"
    ],
    "answer": "C"
  },
  {
    "question": "Which invention is Thomas Edison famously associated with?",
    "options": [
      "A) The internet",
      "B) The printing press",
      "C) The electric light bulb",
      "D) The telephone"
    ],
    "answer": "C"
  },
  {
    "question": "Which ethical concern is most associated with AI development?",
    "options": [
      "A) Water pollution",
      "B) Job displacement and privacy concerns",
      "C) Traffic control",
      "D) Agricultural output"
    ],
    "answer": "B"
  },
  {
    "question": "What was a major innovation introduced by the iPhone under Steve Jobs' leadership?",
    "options": [
      "A) Detachable screen",
      "B) Physical keyboard",
      "C) Multi-touch interface",
      "D) Stylus input as default"
    ],
    "answer": "C"
  },
  {
    "question": "Which of these is NOT typically a function of IoT devices?",
    "options": [
      "A) Remote monitoring",
      "B) Autonomous decision-making",
      "C) Manual typewriting",
      "D) Real-time data collection"
    ],
    "answer": "C"
  },
  {
    "question": "Which company was led by Steve Jobs after he left Apple and before returning?",
    "options": [
      "A) Microsoft",
      "B) NeXT",
      "C) HP",
      "D) Dell"
    ],
    "answer": "B"
  },
  {
    "question": "What ethical issue arises with the use of facial recognition technology?",
    "options": [
      "A) Speeding tickets",
      "B) Invasion of privacy and surveillance concerns",
      "C) Limited network coverage",
      "D) Poor battery performance"
    ],
    "answer": "B"
  },
  {
    "question": "Thomas Edison founded which famous laboratory for innovation?",
    "options": [
      "A) Bell Labs",
      "B) Menlo Park",
      "C) Silicon Valley",
      "D) Edison Tower"
    ],
    "answer": "B"
  },
  {
    "question": "What is a concern with AI making decisions in medical diagnosis?",
    "options": [
      "A) It’s slower than doctors",
      "B) It may lack empathy and make biased decisions",
      "C) It increases the number of doctors needed",
      "D) It’s too expensive for hospitals"
    ],
    "answer": "B"
  },
  {
    "question": "Steve Jobs returned to Apple in which year, reviving the company?",
    "options": [
      "A) 1984",
      "B) 1997",
      "C) 2001",
      "D) 2010"
    ],
    "answer": "B"
  },
  {
    "question": "Which of the following is a benefit of AI in manufacturing?",
    "options": [
      "A) Increased paperwork",
      "B) Lower accuracy",
      "C) Automation of repetitive tasks",
      "D) Higher human workload"
    ],
    "answer": "C"
  },
  {
    "question": "Which field is NOT directly impacted by IoT?",
    "options": [
      "A) Healthcare",
      "B) Agriculture",
      "C) Hospitality",
      "D) Ancient history"
    ],
    "answer": "D"
  },
  {
    "question": "What was Thomas Edison’s approach to innovation?",
    "options": [
      "A) Random guessing",
      "B) Pure imagination without testing",
      "C) Systematic experimentation and trial-and-error",
      "D) Ignoring customer needs"
    ],
    "answer": "C"
  },
  {
    "question": "Which ethical issue is linked with gene editing in biotechnology?",
    "options": [
      "A) File corruption",
      "B) Equity and designer babies",
      "C) Longer battery life",
      "D) Cloud storage"
    ],
    "answer": "B"
  },
  {
    "question": "Which term describes the network of connected physical devices sharing data?",
    "options": [
      "A) Blockchain",
      "B) IoT",
      "C) VR",
      "D) RFID"
    ],
    "answer": "B"
  },
  {
    "question": "Which of the following AI applications involves language processing?",
    "options": [
      "A) Smart thermostat",
      "B) Text-to-speech assistants",
      "C) Barcode scanners",
      "D) Touch sensors"
    ],
    "answer": "B"
  },
  {
    "question": "Which quote is famously associated with Steve Jobs?",
    "options": [
      "A) 'Genius is one percent inspiration and ninety-nine percent perspiration.'",
      "B) 'Think different.'",
      "C) 'Imagination is more important than knowledge.'",
      "D) 'Do no evil.'"
    ],
    "answer": "B"
  },
  {
    "question": "What is a risk of using AI for hiring decisions?",
    "options": [
      "A) It reduces paperwork",
      "B) It can introduce algorithmic bias",
      "C) It increases face-to-face interviews",
      "D) It lowers recruitment speed"
    ],
    "answer": "B"
  }
]
 
}