{
"CyberSecurity":[
  {
    "question": "What is the primary function of an operating system?",
    "options": [
      "A) To browse the internet",
      "B) To manage computer hardware and software resources",
      "C) To create documents",
      "D) To secure network connections"
    ],
    "answer": "B",
    "explanation": "An operating system manages hardware and software resources, providing a platform for applications to run."
  },
  {
    "question": "Which of the following is a core component of a computer system?",
    "options": [
      "A) Router",
      "B) Central Processing Unit (CPU)",
      "C) Printer",
      "D) Scanner"
    ],
    "answer": "B",
    "explanation": "The CPU is the brain of the computer, executing instructions from programs."
  },
  {
    "question": "What does RAM stand for in computing?",
    "options": [
      "A) Random Access Memory",
      "B) Read-Only Memory",
      "C) Rapid Access Module",
      "D) Remote Authentication Method"
    ],
    "answer": "A",
    "explanation": "RAM is a type of volatile memory used to store data temporarily during processing."
  },
  {
    "question": "What is the purpose of a firewall in cybersecurity?",
    "options": [
      "A) To store data securely",
      "B) To monitor and control incoming and outgoing network traffic",
      "C) To encrypt files",
      "D) To run antivirus scans"
    ],
    "answer": "B",
    "explanation": "A firewall acts as a barrier, controlling network traffic based on security rules."
  },
  {
    "question": "What is phishing in the context of cybersecurity?",
    "options": [
      "A) A type of malware",
      "B) A social engineering attack to steal sensitive information",
      "C) A hardware failure",
      "D) A network protocol"
    ],
    "answer": "B",
    "explanation": "Phishing involves fraudulent attempts to obtain sensitive information by pretending to be a trustworthy entity."
  },
  {
    "question": "Which of these is a common cybersecurity threat?",
    "options": [
      "A) SQL Injection",
      "B) File Compression",
      "C) Data Backup",
      "D) System Update"
    ],
    "answer": "A",
    "explanation": "SQL Injection is a cyberattack that exploits vulnerabilities in a database query system."
  },
  {
    "question": "What is a DDoS attack?",
    "options": [
      "A) A physical attack on servers",
      "B) A Distributed Denial-of-Service attack to overwhelm a system",
      "C) A data encryption method",
      "D) A software update failure"
    ],
    "answer": "B",
    "explanation": "A DDoS attack floods a system with traffic to disrupt its availability."
  },
  {
    "question": "Which vulnerability allows attackers to execute malicious code on a system?",
    "options": [
      "A) Buffer Overflow",
      "B) File Sharing",
      "C) Cloud Storage",
      "D) Data Encryption"
    ],
    "answer": "A",
    "explanation": "Buffer Overflow occurs when excess data is written to a memory buffer, enabling malicious code execution."
  },
  {
    "question": "What was a major impact of the 2021 Colonial Pipeline ransomware attack?",
    "options": [
      "A) Improved network security",
      "B) Fuel shortages in the U.S.",
      "C) Faster internet speeds",
      "D) Enhanced data encryption"
    ],
    "answer": "B",
    "explanation": "The attack disrupted fuel distribution, causing shortages across the U.S. Southeast."
  },
  {
    "question": "Which company was targeted in the 2020 SolarWinds cyberattack?",
    "options": [
      "A) Microsoft",
      "B) SolarWinds",
      "C) Google",
      "D) Amazon"
    ],
    "answer": "B",
    "explanation": "The SolarWinds attack compromised multiple organizations by exploiting a supply chain vulnerability."
  },
  {
    "question": "What is the main purpose of cryptography?",
    "options": [
      "A) To speed up network traffic",
      "B) To secure communication and data",
      "C) To compress files",
      "D) To manage databases"
    ],
    "answer": "B",
    "explanation": "Cryptography ensures confidentiality, integrity, and authenticity of data."
  },
  {
    "question": "What is a symmetric encryption algorithm?",
    "options": [
      "A) Uses different keys for encryption and decryption",
      "B) Uses the same key for encryption and decryption",
      "C) Does not use keys",
      "D) Only works for text files"
    ],
    "answer": "B",
    "explanation": "Symmetric encryption uses a single key for both encryption and decryption processes."
  },
  {
    "question": "Which of these is an example of a symmetric encryption algorithm?",
    "options": [
      "A) RSA",
      "B) AES",
      "C) Diffie-Hellman",
      "D) ECC"
    ],
    "answer": "B",
    "explanation": "AES (Advanced Encryption Standard) is a widely used symmetric encryption algorithm."
  },
  {
    "question": "What is the purpose of a digital signature?",
    "options": [
      "A) To compress data",
      "B) To verify the authenticity and integrity of a message",
      "C) To speed up data transfer",
      "D) To store passwords"
    ],
    "answer": "B",
    "explanation": "Digital signatures ensure a message is from a legitimate source and has not been altered."
  },
  {
    "question": "What is a public key in asymmetric cryptography?",
    "options": [
      "A) A key kept secret by the owner",
      "B) A key shared openly for encryption",
      "C) A key used only for decryption",
      "D) A key for symmetric encryption"
    ],
    "answer": "B",
    "explanation": "The public key is shared and used to encrypt messages in asymmetric cryptography."
  },
  {
    "question": "Which of these is a type of malware?",
    "options": [
      "A) Router",
      "B) Trojan Horse",
      "C) Firewall",
      "D) Operating System"
    ],
    "answer": "B",
    "explanation": "A Trojan Horse is malware disguised as legitimate software to deceive users."
  },
  {
    "question": "What is ransomware?",
    "options": [
      "A) Software to improve system performance",
      "B) Malware that encrypts data and demands payment",
      "C) A network protocol",
      "D) A type of firewall"
    ],
    "answer": "B",
    "explanation": "Ransomware locks data and demands a ransom for decryption."
  },
  {
    "question": "What is a countermeasure for phishing attacks?",
    "options": [
      "A) Disabling antivirus software",
      "B) Employee awareness training",
      "C) Sharing passwords",
      "D) Ignoring email filters"
    ],
    "answer": "B",
    "explanation": "Training employees to recognize phishing attempts reduces the risk of successful attacks."
  },
  {
    "question": "Which tool is used to detect and remove malware?",
    "options": [
      "A) Web Browser",
      "B) Antivirus Software",
      "C) Text Editor",
      "D) File Compressor"
    ],
    "answer": "B",
    "explanation": "Antivirus software scans and removes malicious software from systems."
  },
  {
    "question": "What is multi-factor authentication (MFA)?",
    "options": [
      "A) Using a single password",
      "B) Requiring multiple forms of verification",
      "C) Disabling user accounts",
      "D) Encrypting network traffic"
    ],
    "answer": "B",
    "explanation": "MFA enhances security by requiring multiple verification methods, like passwords and biometrics."
  },
  {
    "question": "What is the purpose of a VPN in network security?",
    "options": [
      "A) To create malware",
      "B) To secure remote connections",
      "C) To compress data",
      "D) To disable firewalls"
    ],
    "answer": "B",
    "explanation": "A VPN encrypts data over public networks, securing remote connections."
  },
  {
    "question": "What does cybersecurity risk management involve?",
    "options": [
      "A) Ignoring vulnerabilities",
      "B) Identifying, assessing, and mitigating risks",
      "C) Sharing sensitive data",
      "D) Disabling security protocols"
    ],
    "answer": "B",
    "explanation": "Risk management involves analyzing and addressing potential cybersecurity threats."
  },
  {
    "question": "What is a common E-Commerce security standard?",
    "options": [
      "A) PCI DSS",
      "B) HTML5",
      "C) JPEG",
      "D) FTP"
    ],
    "answer": "A",
    "explanation": "PCI DSS ensures secure handling of credit card information in E-Commerce."
  },
  {
    "question": "Which of these is a cybersecurity standard?",
    "options": [
      "A) ISO 27001",
      "B) MP3",
      "C) CSS",
      "D) XML"
    ],
    "answer": "A",
    "explanation": "ISO 27001 is a standard for information security management systems."
  },
  {
    "question": "What is the role of a hard disk in a computer?",
    "options": [
      "A) To process data",
      "B) To store data permanently",
      "C) To connect to the internet",
      "D) To display graphics"
    ],
    "answer": "B",
    "explanation": "A hard disk provides long-term storage for data and programs."
  },
  {
    "question": "Which device connects a computer to a network?",
    "options": [
      "A) Monitor",
      "B) Modem",
      "C) Keyboard",
      "D) Mouse"
    ],
    "answer": "B",
    "explanation": "A modem connects a computer to the internet or a network."
  },
  {
    "question": "What is a cybersecurity policy?",
    "options": [
      "A) A set of rules to secure an organization’s systems",
      "B) A type of malware",
      "C) A programming language",
      "D) A hardware component"
    ],
    "answer": "A",
    "explanation": "A cybersecurity policy outlines rules to protect systems and data."
  },
  {
    "question": "What is a common method to prevent unauthorized access?",
    "options": [
      "A) Strong passwords",
      "B) Open networks",
      "C) Disabling firewalls",
      "D) Sharing credentials"
    ],
    "answer": "A",
    "explanation": "Strong passwords reduce the risk of unauthorized access to systems."
  },
  {
    "question": "What is a man-in-the-middle attack?",
    "options": [
      "A) Intercepting communication between two parties",
      "B) Encrypting data",
      "C) Backing up files",
      "D) Updating software"
    ],
    "answer": "A",
    "explanation": "This attack involves intercepting and potentially altering communication."
  },
  {
    "question": "Which vulnerability is exploited in cross-site scripting (XSS)?",
    "options": [
      "A) Weak passwords",
      "B) Unvalidated user input",
      "C) Encrypted data",
      "D) Updated software"
    ],
    "answer": "B",
    "explanation": "XSS exploits unvalidated input to inject malicious scripts into websites."
  },
  {
    "question": "What was the primary target of the 2023 MOVEit cyberattack?",
    "options": [
      "A) File transfer software",
      "B) Social media platforms",
      "C) Cloud storage",
      "D) Web browsers"
    ],
    "answer": "A",
    "explanation": "The MOVEit attack targeted file transfer software, compromising sensitive data."
  },
  {
    "question": "What is a hash function in cryptography?",
    "options": [
      "A) A function to compress files",
      "B) A function to create a fixed-length data string",
      "C) A function to decrypt data",
      "D) A function to speed up networks"
    ],
    "answer": "B",
    "explanation": "Hash functions generate a fixed-length output from input data for integrity checks."
  },
  {
    "question": "What is a key characteristic of asymmetric cryptography?",
    "options": [
      "A) Uses one key",
      "B) Uses two keys: public and private",
      "C) Does not use keys",
      "D) Only encrypts data"
    ],
    "answer": "B",
    "explanation": "Asymmetric cryptography uses a public key for encryption and a private key for decryption."
  },
  {
    "question": "What is a worm in malware classification?",
    "options": [
      "A) A self-replicating program",
      "B) A hardware device",
      "C) A network protocol",
      "D) A file compressor"
    ],
    "answer": "A",
    "explanation": "A worm spreads itself across systems without user interaction."
  },
  {
    "question": "What is a countermeasure for ransomware?",
    "options": [
      "A) Regular backups",
      "B) Sharing sensitive data",
      "C) Disabling antivirus",
      "D) Ignoring updates"
    ],
    "answer": "A",
    "explanation": "Regular backups allow data recovery without paying a ransom."
  },
  {
    "question": "What is an intrusion detection system (IDS)?",
    "options": [
      "A) A system to monitor network traffic for threats",
      "B) A system to compress data",
      "C) A system to create malware",
      "D) A system to disable networks"
    ],
    "answer": "A",
    "explanation": "An IDS monitors network activity to detect suspicious behavior."
  },
  {
    "question": "What is a risk assessment in cybersecurity?",
    "options": [
      "A) Ignoring threats",
      "B) Evaluating potential risks to systems",
      "C) Sharing data openly",
      "D) Disabling security"
    ],
    "answer": "B",
    "explanation": "Risk assessments identify and prioritize potential cybersecurity threats."
  },
  {
    "question": "What is SSL in E-Commerce security?",
    "options": [
      "A) A file format",
      "B) A protocol for secure data transfer",
      "C) A type of malware",
      "D) A hardware device"
    ],
    "answer": "B",
    "explanation": "SSL (Secure Sockets Layer) encrypts data for secure online transactions."
  },
  {
    "question": "What is the binary system used in computers?",
    "options": [
      "A) A system using base-10",
      "B) A system using base-2",
      "C) A system using base-16",
      "D) A system using base-8"
    ],
    "answer": "B",
    "explanation": "The binary system uses base-2, representing data with 0s and 1s."
  },
  {
    "question": "What is a cybersecurity incident?",
    "options": [
      "A) A planned system update",
      "B) A security breach or violation",
      "C) A new software release",
      "D) A hardware upgrade"
    ],
    "answer": "B",
    "explanation": "A cybersecurity incident involves unauthorized access or damage to systems."
  },
  {
    "question": "What is a common social engineering technique?",
    "options": [
      "A) Encryption",
      "B) Pretexting",
      "C) Data backup",
      "D) Software updates"
    ],
    "answer": "B",
    "explanation": "Pretexting involves creating a false scenario to trick users into sharing information."
  },
  {
    "question": "What is a zero-day vulnerability?",
    "options": [
      "A) A known software flaw",
      "B) An unknown flaw exploited before patching",
      "C) A secure protocol",
      "D) A hardware issue"
    ],
    "answer": "B",
    "explanation": "A zero-day vulnerability is exploited before developers can release a patch."
  },
  {
    "question": "What was the impact of the 2021 Microsoft Exchange Server attack?",
    "options": [
      "A) Improved email security",
      "B) Compromised email systems globally",
      "C) Faster cloud services",
      "D) Enhanced encryption"
    ],
    "answer": "B",
    "explanation": "The attack compromised email systems by exploiting server vulnerabilities."
  },
  {
    "question": "What is a block cipher in cryptography?",
    "options": [
      "A) Encrypts data in fixed-size blocks",
      "B) Encrypts data in streams",
      "C) Compresses data",
      "D) Stores passwords"
    ],
    "answer": "A",
    "explanation": "Block ciphers encrypt data in fixed-size chunks, like AES."
  },
  {
    "question": "What is a private key used for in asymmetric cryptography?",
    "options": [
      "A) Encryption",
      "B) Decryption",
      "C) Data compression",
      "D) Network monitoring"
    ],
    "answer": "B",
    "explanation": "The private key is used to decrypt messages encrypted with the public key."
  },
  {
    "question": "What is spyware?",
    "options": [
      "A) Software to monitor user activity",
      "B) Software to compress files",
      "C) Software to update systems",
      "D) Software to create networks"
    ],
    "answer": "A",
    "explanation": "Spyware secretly monitors and collects user data."
  },
  {
    "question": "What is a countermeasure for SQL Injection?",
    "options": [
      "A) Input validation",
      "B) Disabling databases",
      "C) Sharing queries",
      "D) Ignoring errors"
    ],
    "answer": "A",
    "explanation": "Input validation prevents malicious code from being injected into queries."
  },
  {
    "question": "What is a DMZ in network security?",
    "options": [
      "A) A secure internal network",
      "B) A buffer zone between internal and external networks",
      "C) A type of malware",
      "D) A data encryption method"
    ],
    "answer": "B",
    "explanation": "A DMZ isolates public-facing services from the internal network."
  },
  {
    "question": "What is a risk mitigation strategy?",
    "options": [
      "A) Ignoring threats",
      "B) Reducing the impact of risks",
      "C) Sharing sensitive data",
      "D) Disabling backups"
    ],
    "answer": "B",
    "explanation": "Mitigation strategies reduce the likelihood or impact of cybersecurity risks."
  },
  {
    "question": "What is a secure payment gateway in E-Commerce?",
    "options": [
      "A) A system to process payments securely",
      "B) A type of malware",
      "C) A network protocol",
      "D) A file compressor"
    ],
    "answer": "A",
    "explanation": "A payment gateway ensures secure processing of online transactions."
  },
  {
    "question": "What is a GPU in a computer?",
    "options": [
      "A) Graphics Processing Unit",
      "B) General Processing Unit",
      "C) Gateway Protocol Unit",
      "D) Global Positioning Unit"
    ],
    "answer": "A",
    "explanation": "A GPU handles rendering of images and videos."
  },
  {
    "question": "What is the purpose of access control in cybersecurity?",
    "options": [
      "A) To compress data",
      "B) To restrict unauthorized access",
      "C) To disable networks",
      "D) To create malware"
    ],
    "answer": "B",
    "explanation": "Access control ensures only authorized users can access systems."
  },
  {
    "question": "What is a brute force attack?",
    "options": [
      "A) Trying all possible password combinations",
      "B) Encrypting data",
      "C) Backing up files",
      "D) Updating software"
    ],
    "answer": "A",
    "explanation": "A brute force attack systematically tries all password combinations to gain access."
  },
  {
    "question": "What is a common countermeasure for DDoS attacks?",
    "options": [
      "A) Traffic filtering",
      "B) Disabling servers",
      "C) Sharing data",
      "D) Ignoring updates"
    ],
    "answer": "A",
    "explanation": "Traffic filtering identifies and blocks malicious traffic during a DDoS attack."
  },
  {
    "question": "What is a cryptographic key?",
    "options": [
      "A) A string used to encrypt or decrypt data",
      "B) A hardware component",
      "C) A network protocol",
      "D) A file format"
    ],
    "answer": "A",
    "explanation": "A cryptographic key is used to secure data through encryption or decryption."
  },
  {
    "question": "What is a rootkit?",
    "options": [
      "A) A type of malware that hides its presence",
      "B) A network protocol",
      "C) A file compressor",
      "D) A hardware device"
    ],
    "answer": "A",
    "explanation": "Rootkits hide malicious processes to evade detection."
  },
  {
    "question": "What is a VLAN in network security?",
    "options": [
      "A) A virtual local area network",
      "B) A type of malware",
      "C) A data encryption method",
      "D) A file format"
    ],
    "answer": "A",
    "explanation": "A VLAN segments a network to enhance security and manage traffic."
  },
  {
    "question": "What is a cybersecurity audit?",
    "options": [
      "A) A review of security policies and systems",
      "B) A type of malware",
      "C) A network protocol",
      "D) A hardware upgrade"
    ],
    "answer": "A",
    "explanation": "A cybersecurity audit evaluates the effectiveness of security measures."
  },
  {
    "question": "What is a common E-Commerce security threat?",
    "options": [
      "A) Data breaches",
      "B) File compression",
      "C) System updates",
      "D) Data backups"
    ],
    "answer": "A",
    "explanation": "Data breaches expose sensitive customer information in E-Commerce."
  },
  {
    "question": "What is a software patch?",
    "options": [
      "A) A fix for software vulnerabilities",
      "B) A type of malware",
      "C) A network protocol",
      "D) A hardware component"
    ],
    "answer": "A",
    "explanation": "A software patch addresses security flaws or bugs in software."
  },
  {
    "question": "What is a session hijacking attack?",
    "options": [
      "A) Stealing a user’s active session",
      "B) Encrypting data",
      "C) Compressing files",
      "D) Updating software"
    ],
    "answer": "A",
    "explanation": "Session hijacking involves stealing a user’s session to gain unauthorized access."
  },
  {
    "question": "What is a countermeasure for man-in-the-middle attacks?",
    "options": [
      "A) Using HTTPS",
      "B) Disabling encryption",
      "C) Sharing credentials",
      "D) Ignoring updates"
    ],
    "answer": "A",
    "explanation": "HTTPS encrypts communication to prevent interception."
  },
  {
    "question": "What is a message digest in cryptography?",
    "options": [
      "A) A fixed-length output from a hash function",
      "B) A type of malware",
      "C) A network protocol",
      "D) A file format"
    ],
    "answer": "A",
    "explanation": "A message digest is a hash value used to verify data integrity."
  },
  {
    "question": "What is a botnet?",
    "options": [
      "A) A network of compromised devices",
      "B) A type of firewall",
      "C) A data compression method",
      "D) A hardware component"
    ],
    "answer": "A",
    "explanation": "A botnet is a group of infected devices controlled by an attacker."
  },
  {
    "question": "What is a security token in network security?",
    "options": [
      "A) A physical or digital device for authentication",
      "B) A type of malware",
      "C) A file format",
      "D) A network protocol"
    ],
    "answer": "A",
    "explanation": "A security token provides an additional layer of authentication."
  },
  {
    "question": "What is a risk matrix in cybersecurity?",
    "options": [
      "A) A tool to prioritize risks",
      "B) A type of malware",
      "C) A network protocol",
      "D) A hardware component"
    ],
    "answer": "A",
    "explanation": "A risk matrix assesses and prioritizes risks based on likelihood and impact."
  },
  {
    "question": "What is a common cybersecurity standard for E-Commerce?",
    "options": [
      "A) TLS",
      "B) JPEG",
      "C) CSS",
      "D) XML"
    ],
    "answer": "A",
    "explanation": "TLS (Transport Layer Security) ensures secure data transmission in E-Commerce."
  },
  {
    "question": "What is an input device in computing?",
    "options": [
      "A) Monitor",
      "B) Keyboard",
      "C) Printer",
      "D) Speaker"
    ],
    "answer": "B",
    "explanation": "A keyboard is an input device used to enter data into a computer."
  },
  {
    "question": "What is a cybersecurity framework?",
    "options": [
      "A) A set of guidelines for security practices",
      "B) A type of malware",
      "C) A network protocol",
      "D) A hardware component"
    ],
    "answer": "A",
    "explanation": "A cybersecurity framework provides structured guidelines for managing security risks."
  },
  {
    "question": "What is a keylogger?",
    "options": [
      "A) A program to record keystrokes",
      "B) A network protocol",
      "C) A file compressor",
      "D) A hardware component"
    ],
    "answer": "A",
    "explanation": "A keylogger captures and records user keystrokes, often for malicious purposes."
  },
  {
    "question": "What is a countermeasure for cross-site scripting (XSS)?",
    "options": [
      "A) Output encoding",
      "B) Disabling websites",
      "C) Sharing scripts",
      "D) Ignoring errors"
    ],
    "answer": "A",
    "explanation": "Output encoding prevents malicious scripts from executing in browsers."
  },
  {
    "question": "What is a cryptographic nonce?",
    "options": [
      "A) A number used only once",
      "B) A type of malware",
      "C) A network protocol",
      "D) A hardware component"
    ],
    "answer": "A",
    "explanation": "A nonce ensures uniqueness in cryptographic operations to prevent replay attacks."
  },
  {
    "question": "What is a honeypot in cybersecurity?",
    "options": [
      "A) A decoy system to attract attackers",
      "B) A type of firewall",
      "C) A data compression method",
      "D) A hardware component"
    ],
    "answer": "A",
    "explanation": "A honeypot lures attackers to study their behavior and improve security."
  },
  {
    "question": "What is a security patch?",
    "options": [
      "A) A software update to fix vulnerabilities",
      "B) A type of malware",
      "C) A network protocol",
      "D) A hardware component"
    ],
    "answer": "A",
    "explanation": "A security patch addresses vulnerabilities in software to prevent exploitation."
  },
  {
    "question": "What is a risk appetite in cybersecurity?",
    "options": [
      "A) The level of risk an organization is willing to accept",
      "B) A type of malware",
      "C) A network protocol",
      "D) A hardware component"
    ],
    "answer": "A",
    "explanation": "Risk appetite defines the acceptable level of risk for an organization."
  },
  {
    "question": "What is a secure socket layer (SSL) certificate?",
    "options": [
      "A) A digital certificate for secure connections",
      "B) A type of malware",
      "C) A network protocol",
      "D) A hardware component"
    ],
    "answer": "A",
    "explanation": "An SSL certificate verifies the identity of a website and enables secure connections."
  },
  {
    "question": "What is an output device in computing?",
    "options": [
      "A) Keyboard",
      "B) Monitor",
      "C) Mouse",
      "D) Scanner"
    ],
    "answer": "B",
    "explanation": "A monitor is an output device that displays information from a computer."
  },
  {
    "question": "What is a cybersecurity incident response plan?",
    "options": [
      "A) A plan to address and recover from security breaches",
      "B) A type of malware",
      "C) A network protocol",
      "D) A hardware component"
    ],
    "answer": "A",
    "explanation": "An incident response plan outlines steps to handle and mitigate security incidents."
  },
  {
    "question": "What is a drive-by download attack?",
    "options": [
      "A) Malware installed without user consent",
      "B) Encrypting data",
      "C) Compressing files",
      "D) Updating software"
    ],
    "answer": "A",
    "explanation": "A drive-by download installs malware when a user visits a compromised website."
  },
  {
    "question": "What is a countermeasure for brute force attacks?",
    "options": [
      "A) Account lockout policies",
      "B) Disabling passwords",
      "C) Sharing credentials",
      "D) Ignoring errors"
    ],
    "answer": "A",
    "explanation": "Account lockout policies limit login attempts to prevent brute force attacks."
  },
  {
    "question": "What is a stream cipher in cryptography?",
    "options": [
      "A) Encrypts data as a continuous stream",
      "B) Encrypts data in fixed-size blocks",
      "C) Compresses data",
      "D) Stores passwords"
    ],
    "answer": "A",
    "explanation": "Stream ciphers encrypt data as a continuous stream, unlike block ciphers."
  },
  {
    "question": "What is adware?",
    "options": [
      "A) Software displaying unwanted ads",
      "B) A network protocol",
      "C) A file compressor",
      "D) A hardware component"
    ],
    "answer": "A",
    "explanation": "Adware displays unwanted advertisements, often collecting user data."
  },
  {
    "question": "What is a security information and event management (SIEM) system?",
    "options": [
      "A) A system for monitoring and analyzing security events",
      "B) A type of malware",
      "C) A network protocol",
      "D) A hardware component"
    ],
    "answer": "A",
    "explanation": "A SIEM system collects and analyzes security event data to detect threats."
  },
  {
    "question": "What is a risk transfer in cybersecurity?",
    "options": [
      "A) Shifting risk to another party, like insurance",
      "B) A type of malware",
      "C) A network protocol",
      "D) A hardware component"
    ],
    "answer": "A",
    "explanation": "Risk transfer involves offloading risk, such as through cyber insurance."
  },
  {
    "question": "What is a common E-Commerce security practice?",
    "options": [
      "A) Tokenization of payment data",
      "B) Disabling encryption",
      "C) Sharing customer data",
      "D) Ignoring updates"
    ],
    "answer": "A",
    "explanation": "Tokenization replaces sensitive payment data with tokens to enhance security."
  },
  {
    "question": "What is the primary goal of cybersecurity?",
    "options": [
      "A) To increase internet speed",
      "B) To protect systems, networks, and data from cyber threats",
      "C) To block all user access to the internet",
      "D) To create more software vulnerabilities"
    ],
    "answer": "B",
    "explanation": "Cybersecurity aims to safeguard digital assets from attacks, unauthorized access, and damage."
  },
  {
    "question": "Which of the following is NOT a common type of cyber attack?",
    "options": [
      "A) Phishing",
      "B) SQL Injection",
      "C) Firewall",
      "D) Ransomware"
    ],
    "answer": "C",
    "explanation": "A firewall is a security device, not an attack method."
  },
  {
    "question": "What does CIA stand for in cybersecurity?",
    "options": [
      "A) Central Intelligence Agency",
      "B) Confidentiality, Integrity, Availability",
      "C) Cyber Investigation Agency",
      "D) Computer Internet Access"
    ],
    "answer": "B",
    "explanation": "CIA triad represents the core principles of cybersecurity."
  },
  {
    "question": "Which encryption method is asymmetric?",
    "options": [
      "A) AES",
      "B) DES",
      "C) RSA",
      "D) SHA-256"
    ],
    "answer": "C",
    "explanation": "RSA uses public and private keys, making it asymmetric."
  },
  {
    "question": "What is a zero-day exploit?",
    "options": [
      "A) An attack that occurs at midnight",
      "B) A vulnerability that is exploited before a patch is available",
      "C) A security feature in Windows",
      "D) A type of phishing email"
    ],
    "answer": "B",
    "explanation": "Zero-day exploits target unknown or unpatched vulnerabilities."
  },
  {
    "question": "Which protocol provides secure communication over a network?",
    "options": [
      "A) HTTP",
      "B) FTP",
      "C) HTTPS",
      "D) SMTP"
    ],
    "answer": "C",
    "explanation": "HTTPS encrypts data using SSL/TLS for secure transmission."
  },
  {
    "question": "What is social engineering?",
    "options": [
      "A) Building social media apps",
      "B) Manipulating people to divulge confidential information",
      "C) A type of hardware failure",
      "D) A programming language"
    ],
    "answer": "B",
    "explanation": "Social engineering relies on psychological manipulation rather than technical hacking."
  },
  {
    "question": "What does a VPN primarily provide?",
    "options": [
      "A) Faster internet speed",
      "B) Anonymity and encrypted communication",
      "C) Free software downloads",
      "D) Physical security for devices"
    ],
    "answer": "B",
    "explanation": "VPNs encrypt traffic and mask IP addresses for privacy."
  },
  {
    "question": "Which of these is a strong password practice?",
    "options": [
      "A) Using 'password123'",
      "B) Reusing the same password for multiple accounts",
      "C) Using a mix of letters, numbers, and symbols",
      "D) Writing passwords on sticky notes"
    ],
    "answer": "C",
    "explanation": "Strong passwords are complex and unique for each account."
  },
  {
    "question": "What is multi-factor authentication (MFA)?",
    "options": [
      "A) Using two different web browsers",
      "B) Verifying identity using multiple methods (e.g., password + SMS code)",
      "C) Having multiple user accounts",
      "D) A type of malware"
    ],
    "answer": "B",
    "explanation": "MFA adds extra layers of security beyond just a password."
  },
  {
    "question": "What is the purpose of a firewall?",
    "options": [
      "A) To block all internet traffic",
      "B) To filter incoming/outgoing traffic based on security rules",
      "C) To increase Wi-Fi speed",
      "D) To store encrypted passwords"
    ],
    "answer": "B",
    "explanation": "Firewalls act as barriers between trusted and untrusted networks."
  },
  {
    "question": "Which attack involves overwhelming a server with traffic?",
    "options": [
      "A) Phishing",
      "B) DDoS",
      "C) Man-in-the-Middle",
      "D) SQL Injection"
    ],
    "answer": "B",
    "explanation": "DDoS (Distributed Denial of Service) floods a target with excessive requests."
  },
  {
    "question": "What is malware?",
    "options": [
      "A) A type of hardware",
      "B) Malicious software designed to harm systems",
      "C) A security protocol",
      "D) A programming framework"
    ],
    "answer": "B",
    "explanation": "Malware includes viruses, worms, ransomware, and spyware."
  },
  {
    "question": "What does 'phishing' typically involve?",
    "options": [
      "A) Sending fraudulent emails to steal information",
      "B) Encrypting files for ransom",
      "C) Overloading a network",
      "D) Physically stealing devices"
    ],
    "answer": "A",
    "explanation": "Phishing tricks users into revealing sensitive data."
  },
  {
    "question": "Which law regulates data protection in the EU?",
    "options": [
      "A) HIPAA",
      "B) GDPR",
      "C) PCI DSS",
      "D) SOX"
    ],
    "answer": "B",
    "explanation": "General Data Protection Regulation (GDPR) enforces strict privacy rules."
  },
  {
    "question": "What is penetration testing?",
    "options": [
      "A) A cyberattack",
      "B) Simulating attacks to find vulnerabilities",
      "C) Encrypting data",
      "D) Deleting malware"
    ],
    "answer": "B",
    "explanation": "Pen testing identifies security weaknesses before hackers do."
  },
  {
    "question": "Which tool is used for network scanning?",
    "options": [
      "A) Wireshark",
      "B) Nmap",
      "C) Metasploit",
      "D) Burp Suite"
    ],
    "answer": "B",
    "explanation": "Nmap discovers hosts and services on a network."
  },
  {
    "question": "What is the role of an Intrusion Detection System (IDS)?",
    "options": [
      "A) To prevent all cyberattacks",
      "B) To monitor and alert on suspicious activity",
      "C) To encrypt data in transit",
      "D) To block all internet access"
    ],
    "answer": "B",
    "explanation": "IDS detects anomalies but doesn’t always block them (unlike an IPS)."
  },
  {
    "question": "What is a honeypot in cybersecurity?",
    "options": [
      "A) A sweet treat for hackers",
      "B) A decoy system to attract attackers",
      "C) A type of firewall",
      "D) A password manager"
    ],
    "answer": "B",
    "explanation": "Honeypots gather intelligence on attack methods."
  },
  {
    "question": "Which encryption algorithm is symmetric?",
    "options": [
      "A) RSA",
      "B) ECC",
      "C) AES",
      "D) Diffie-Hellman"
    ],
    "answer": "C",
    "explanation": "AES uses the same key for encryption and decryption."
  },
  {
    "question": "What is the biggest risk of public Wi-Fi?",
    "options": [
      "A) Slow speeds",
      "B) Man-in-the-Middle attacks",
      "C) Automatic software updates",
      "D) Increased battery usage"
    ],
    "answer": "B",
    "explanation": "Attackers can intercept unencrypted data on public networks."
  },
  {
    "question": "What does 'SSL/TLS' provide?",
    "options": [
      "A) Faster internet browsing",
      "B) Secure encrypted communication",
      "C) Free cloud storage",
      "D) Malware protection"
    ],
    "answer": "B",
    "explanation": "SSL/TLS ensures data privacy between clients and servers."
  },
  {
    "question": "Which is a biometric authentication method?",
    "options": [
      "A) Password",
      "B) Fingerprint scan",
      "C) Security question",
      "D) CAPTCHA"
    ],
    "answer": "B",
    "explanation": "Biometrics use physical traits like fingerprints or facial recognition."
  },
  {
    "question": "What is 'whitelisting' in cybersecurity?",
    "options": [
      "A) Blocking all applications",
      "B) Allowing only approved applications to run",
      "C) A type of phishing attack",
      "D) Encrypting an entire hard drive"
    ],
    "answer": "B",
    "explanation": "Whitelisting restricts execution to trusted programs only."
  },
  {
    "question": "What is the purpose of hashing?",
    "options": [
      "A) To encrypt data reversibly",
      "B) To create a fixed-size unique fingerprint of data",
      "C) To compress files",
      "D) To hide malware"
    ],
    "answer": "B",
    "explanation": "Hashing converts data into a unique string (e.g., for password storage)."
  },
  {
    "question": "Which attack intercepts communication between two parties?",
    "options": [
      "A) DDoS",
      "B) Man-in-the-Middle",
      "C) Phishing",
      "D) Brute Force"
    ],
    "answer": "B",
    "explanation": "MITM attackers secretly relay or alter communications."
  },
  {
    "question": "What is 'patch management'?",
    "options": [
      "A) Sewing fabric patches",
      "B) Regularly updating software to fix vulnerabilities",
      "C) Deleting old files",
      "D) Blocking all network traffic"
    ],
    "answer": "B",
    "explanation": "Patch management reduces risks from known vulnerabilities."
  },
  {
    "question": "Which is a physical security measure?",
    "options": [
      "A) Firewall",
      "B) Antivirus",
      "C) Security guards",
      "D) Encryption"
    ],
    "answer": "C",
    "explanation": "Physical security includes guards, locks, and surveillance."
  },
  {
    "question": "What does 'BYOD' stand for?",
    "options": [
      "A) Bring Your Own Device",
      "B) Buy Your Own Database",
      "C) Backup Your Online Data",
      "D) Block Your Own Downloads"
    ],
    "answer": "A",
    "explanation": "BYOD policies allow employees to use personal devices for work."
  },
  {
    "question": "What is 'ethical hacking'?",
    "options": [
      "A) Illegal hacking for personal gain",
      "B) Authorized hacking to improve security",
      "C) Creating malware",
      "D) Ignoring security flaws"
    ],
    "answer": "B",
    "explanation": "Ethical hackers identify vulnerabilities with permission."
  },
  {
    "question": "Which organization issues SSL certificates?",
    "options": [
      "A) IEEE",
      "B) CA (Certificate Authority)",
      "C) ISP",
      "D) DNS"
    ],
    "answer": "B",
    "explanation": "Certificate Authorities validate and issue SSL certificates."
  },
  {
    "question": "What is 'data exfiltration'?",
    "options": [
      "A) Encrypting data",
      "B) Illegally transferring data out of a network",
      "C) Deleting data",
      "D) Backing up data"
    ],
    "answer": "B",
    "explanation": "Data exfiltration is often the goal of cyberattacks."
  },
  {
    "question": "Which is a common ransomware example?",
    "options": [
      "A) WannaCry",
      "B) Zeus",
      "C) Stuxnet",
      "D) Heartbleed"
    ],
    "answer": "A",
    "explanation": "WannaCry encrypted files and demanded ransom payments."
  },
  {
    "question": "What is 'two-factor authentication' (2FA)?",
    "options": [
      "A) Using two passwords",
      "B) Verifying identity via two methods (e.g., password + OTP)",
      "C) Having two user accounts",
      "D) Double-encrypting data"
    ],
    "answer": "B",
    "explanation": "2FA requires two distinct forms of verification."
  },
  {
    "question": "What is 'DNS spoofing'?",
    "options": [
      "A) Improving DNS speed",
      "B) Redirecting traffic to fake websites by corrupting DNS",
      "C) Encrypting DNS queries",
      "D) Blocking DNS requests"
    ],
    "answer": "B",
    "explanation": "DNS spoofing tricks users into visiting malicious sites."
  },
  {
    "question": "Which protocol is used for secure email?",
    "options": [
      "A) SMTP",
      "B) POP3",
      "C) PGP",
      "D) FTP"
    ],
    "answer": "C",
    "explanation": "PGP (Pretty Good Privacy) encrypts email messages."
  },
  {
    "question": "What is 'security through obscurity'?",
    "options": [
      "A) Relying on secrecy for security (weak practice)",
      "B) Using strong encryption",
      "C) Hiding all data from users",
      "D) A type of firewall"
    ],
    "answer": "A",
    "explanation": "Obscurity alone is not reliable; defense-in-depth is better."
  },
  {
    "question": "What does 'SIEM' stand for?",
    "options": [
      "A) Secure Internet Email Management",
      "B) Security Information and Event Management",
      "C) System Integrity and Encryption Module",
      "D) Software Installation and Execution Monitor"
    ],
    "answer": "B",
    "explanation": "SIEM tools analyze logs for real-time threat detection."
  },
  {
    "question": "Which is a keylogger?",
    "options": [
      "A) A tool that logs keyboard inputs (often malicious)",
      "B) A password manager",
      "C) A type of firewall",
      "D) An encryption algorithm"
    ],
    "answer": "A",
    "explanation": "Keyloggers record keystrokes to steal credentials."
  },
  {
    "question": "What is 'sandboxing'?",
    "options": [
      "A) Isolating programs to test behavior safely",
      "B) A type of phishing attack",
      "C) Encrypting an entire hard drive",
      "D) Deleting malware manually"
    ],
    "answer": "A",
    "explanation": "Sandboxing limits potential damage from untrusted code."
  },
  {
    "question": "Which is NOT a cyber threat actor?",
    "options": [
      "A) Hacktivist",
      "B) Script Kiddie",
      "C) Firewall",
      "D) Nation-state"
    ],
    "answer": "C",
    "explanation": "Firewalls are defensive tools, not threat actors."
  },
  {
    "question": "What is 'end-to-end encryption'?",
    "options": [
      "A) Encrypting only the sender's device",
      "B) Encrypting data so only sender and recipient can read it",
      "C) Using public Wi-Fi without protection",
      "D) A type of malware"
    ],
    "answer": "B",
    "explanation": "E2EE ensures intermediaries (e.g., ISPs) cannot access data."
  },
  {
    "question": "What is 'OWASP'?",
    "options": [
      "A) A type of ransomware",
      "B) Open Web Application Security Project",
      "C) An encryption standard",
      "D) A government agency"
    ],
    "answer": "B",
    "explanation": "OWASP provides resources for web application security."
  },
  {
    "question": "Which attack exploits human psychology?",
    "options": [
      "A) DDoS",
      "B) SQL Injection",
      "C) Social Engineering",
      "D) Brute Force"
    ],
    "answer": "C",
    "explanation": "Social engineering manipulates people into breaking security protocols."
  },
  {
    "question": "What is 'steganography'?",
    "options": [
      "A) Hiding data within other files (e.g., images)",
      "B) Encrypting data with a public key",
      "C) A type of firewall",
      "D) Deleting data permanently"
    ],
    "answer": "A",
    "explanation": "Steganography conceals messages within innocent-looking files."
  },
  {
    "question": "What is 'risk assessment' in cybersecurity?",
    "options": [
      "A) Ignoring potential threats",
      "B) Identifying and evaluating risks to systems/data",
      "C) Deleting all sensitive data",
      "D) A type of malware scan"
    ],
    "answer": "B",
    "explanation": "Risk assessment helps prioritize security measures."
  },
  {
    "question": "Which is a common wireless security protocol?",
    "options": [
      "A) WEP",
      "B) HTTP",
      "C) FTP",
      "D) SMTP"
    ],
    "answer": "A",
    "explanation": "WEP (Wired Equivalent Privacy) is outdated but was an early Wi-Fi security protocol."
  },
  {
    "question": "What is 'data masking'?",
    "options": [
      "A) Encrypting all data",
      "B) Hiding sensitive data with dummy values",
      "C) Deleting data permanently",
      "D) A type of phishing attack"
    ],
    "answer": "B",
    "explanation": "Data masking protects privacy in non-production environments."
  },
  {
    "question": "Which law protects health data in the U.S.?",
    "options": [
      "A) GDPR",
      "B) HIPAA",
      "C) PCI DSS",
      "D) SOX"
    ],
    "answer": "B",
    "explanation": "HIPAA (Health Insurance Portability and Accountability Act) regulates medical data."
  },
  {
    "question": "What is 'shredding' in cybersecurity?",
    "options": [
      "A) Cutting paper documents",
      "B) Permanently deleting files to prevent recovery",
      "C) A type of malware",
      "D) Encrypting data"
    ],
    "answer": "B",
    "explanation": "File shredding overwrites data to make it unrecoverable."
  }
  ]
}