{
  "Database_System":
  [
  {
    "question": "What is a database?",
    "options": [
      "A) A collection of unrelated data",
      "B) An organized collection of data, typically stored and accessed electronically",
      "C) A programming language for data manipulation",
      "D) A type of operating system"
    ],
    "answer": "B",
    "explanation": "A database is an organized collection of data, typically stored and accessed electronically from a computer system."
  },
  {
    "question": "What is the primary difference between DBMS and RDBMS?",
    "options": [
      "A) DBMS supports relational data, while RDBMS does not",
      "B) DBMS is a software for managing databases, while RDBMS enforces relational model with tables",
      "C) RDBMS is a hardware-based system, while DBMS is software-based",
      "D) DBMS is used only for NoSQL databases"
    ],
    "answer": "B",
    "explanation": "DBMS manages databases, while RDBMS is a type of DBMS that organizes data into tabular structures with relationships defined by keys."
  },
  {
    "question": "What does the Entity-Relationship (ER) Model represent?",
    "options": [
      "A) A physical database structure",
      "B) A conceptual framework for describing data and relationships",
      "C) A query language for databases",
      "D) A type of indexing"
    ],
    "answer": "B",
    "explanation": "The ER model is a conceptual framework used to describe the structure of a database in terms of entities, attributes, and relationships."
  },
  {
    "question": "In an ER diagram, what does cardinality represent?",
    "options": [
      "A) The number of attributes in an entity",
      "B) The number of relationships between entities",
      "C) The number of instances of one entity related to another",
      "D) The size of the database"
    ],
    "answer": "C",
    "explanation": "Cardinality specifies how many instances of one entity can be associated with another entity in a relationship."
  },
  {
    "question": "What is the purpose of converting an ER diagram to a relational schema?",
    "options": [
      "A) To create a physical database structure",
      "B) To optimize database queries",
      "C) To encrypt the database",
      "D) To reduce database storage"
    ],
    "answer": "A",
    "explanation": "Converting an ER diagram to a relational schema translates the conceptual model into a structure suitable for implementation in a relational database."
  },
  {
    "question": "Which SQL statement is used to retrieve data from a database?",
    "options": [
      "A) INSERT",
      "B) SELECT",
      "C) UPDATE",
      "D) DELETE"
    ],
    "answer": "B",
    "explanation": "The SELECT statement is used to query and retrieve data from a database."
  },
  {
    "question": "Which SQL command is used to add a new table to a database?",
    "options": [
      "A) ALTER",
      "B) DROP",
      "C) CREATE",
      "D) INSERT"
    ],
    "answer": "C",
    "explanation": "The CREATE command is used to define and add a new table to a database."
  },
  {
    "question": "Which constraint ensures that a column cannot have duplicate values?",
    "options": [
      "A) NOT NULL",
      "B) UNIQUE",
      "C) CHECK",
      "D) DEFAULT"
    ],
    "answer": "B",
    "explanation": "The UNIQUE constraint ensures that all values in a column are distinct."
  },
  {
    "question": "What is the purpose of a PRIMARY KEY constraint?",
    "options": [
      "A) To allow null values in a column",
      "B) To uniquely identify each record in a table",
      "C) To define a default value",
      "D) To limit the range of values"
    ],
    "answer": "B",
    "explanation": "A PRIMARY KEY uniquely identifies each record in a table and cannot contain NULL values."
  },
  {
    "question": "What does the FOREIGN KEY constraint do?",
    "options": [
      "A) Ensures a column has unique values",
      "B) Links a column in one table to a column in another table",
      "C) Prevents null values in a column",
      "D) Sets a default value for a column"
    ],
    "answer": "B",
    "explanation": "A FOREIGN KEY links a column in one table to a PRIMARY KEY or UNIQUE column in another table to enforce referential integrity."
  },
  {
    "question": "What is the purpose of normalization in a database?",
    "options": [
      "A) To increase data redundancy",
      "B) To eliminate data redundancy and ensure data integrity",
      "C) To reduce database performance",
      "D) To encrypt the database"
    ],
    "answer": "B",
    "explanation": "Normalization organizes data to eliminate redundancy and maintain data integrity through a series of normal forms."
  },
  {
    "question": "Which normal form ensures that all attributes are fully functionally dependent on the primary key?",
    "options": [
      "A) 1NF",
      "B) 2NF",
      "C) 3NF",
      "D) BCNF"
    ],
    "answer": "B",
    "explanation": "Second Normal Form (2NF) ensures that all non-key attributes are fully functionally dependent on the entire primary key."
  },
  {
    "question": "Which type of JOIN returns only the matched records from both tables?",
    "options": [
      "A) LEFT JOIN",
      "B) RIGHT JOIN",
      "C) INNER JOIN",
      "D) FULL OUTER JOIN"
    ],
    "answer": "C",
    "explanation": "INNER JOIN returns only the records that have matching values in both tables."
  },
  {
    "question": "What does the 'A' in ACID properties stand for?",
    "options": [
      "A) Accuracy",
      "B) Atomicity",
      "C) Adaptability",
      "D) Availability"
    ],
    "answer": "B",
    "explanation": "Atomicity ensures that a transaction is treated as a single, indivisible unit, either fully completed or not executed at all."
  },
  {
    "question": "What is the purpose of the COMMIT command in a transaction?",
    "options": [
      "A) To undo changes",
      "B) To save changes permanently",
      "C) To create a checkpoint",
      "D) To lock the database"
    ],
    "answer": "B",
    "explanation": "COMMIT saves all changes made during a transaction to the database permanently."
  },
  {
    "question": "What is the role of indexing in a database?",
    "options": [
      "A) To encrypt data",
      "B) To improve query performance",
      "C) To increase data redundancy",
      "D) To delete records"
    ],
    "answer": "B",
    "explanation": "Indexing creates data structures to improve the speed of data retrieval operations."
  },
  {
    "question": "What is a database view?",
    "options": [
      "A) A physical table in the database",
      "B) A virtual table based on the result of a query",
      "C) A type of index",
      "D) A stored procedure"
    ],
    "answer": "B",
    "explanation": "A view is a virtual table derived from the result of a query, which does not store data physically."
  },
  {
    "question": "What is a stored procedure?",
    "options": [
      "A) A temporary table in the database",
      "B) A precompiled collection of SQL statements stored in the database",
      "C) A type of database constraint",
      "D) A backup mechanism"
    ],
    "answer": "B",
    "explanation": "A stored procedure is a set of SQL statements stored in the database and executed as a single unit."
  },
  {
    "question": "What is the purpose of a database trigger?",
    "options": [
      "A) To schedule backups",
      "B) To automatically execute code in response to certain events",
      "C) To create indexes",
      "D) To encrypt data"
    ],
    "answer": "B",
    "explanation": "A trigger is a stored program that automatically executes in response to specific events, such as INSERT, UPDATE, or DELETE."
  },
  {
    "question": "What is the primary focus of relational algebra?",
    "options": [
      "A) Database security",
      "B) Mathematical framework for querying relational databases",
      "C) Database backup",
      "D) Data encryption"
    ],
    "answer": "B",
    "explanation": "Relational algebra provides a mathematical foundation for querying and manipulating data in relational databases."
  },
  {
    "question": "Which operation in relational algebra combines tuples from two relations based on a condition?",
    "options": [
      "A) Union",
      "B) Join",
      "C) Projection",
      "D) Selection"
    ],
    "answer": "B",
    "explanation": "The Join operation combines tuples from two relations based on a specified condition."
  },
  {
    "question": "What is the purpose of relational calculus?",
    "options": [
      "A) To define queries using a procedural approach",
      "B) To describe what data to retrieve without specifying how",
      "C) To manage database transactions",
      "D) To create database backups"
    ],
    "answer": "B",
    "explanation": "Relational calculus is a non-procedural query language that describes the desired data without specifying the retrieval process."
  },
  {
    "question": "Which of the following is a key aspect of database security?",
    "options": [
      "A) Increasing data redundancy",
      "B) Controlling access to sensitive data",
      "C) Reducing database performance",
      "D) Eliminating constraints"
    ],
    "answer": "B",
    "explanation": "Database security involves measures like access control, encryption, and authentication to protect sensitive data."
  },
  {
    "question": "What is the primary purpose of database backup?",
    "options": [
      "A) To improve query performance",
      "B) To protect data from loss or corruption",
      "C) To reduce database size",
      "D) To create new tables"
    ],
    "answer": "B",
    "explanation": "Database backups are performed to protect data from loss due to hardware failures, human errors, or other issues."
  },
  {
    "question": "Which of the following is a characteristic of NoSQL databases?",
    "options": [
      "A) Strict adherence to relational schema",
      "B) Support for unstructured or semi-structured data",
      "C) Limited scalability",
      "D) Use of only SQL queries"
    ],
    "answer": "B",
    "explanation": "NoSQL databases are designed to handle unstructured or semi-structured data and offer flexible schemas."
  },
  {
    "question": "What is a key difference between SQL and NoSQL databases?",
    "options": [
      "A) SQL databases are non-relational, while NoSQL databases are relational",
      "B) SQL databases use structured data, while NoSQL databases support unstructured data",
      "C) SQL databases are less scalable than NoSQL databases",
      "D) NoSQL databases only use SQL for querying"
    ],
    "answer": "B",
    "explanation": "SQL databases are designed for structured data with fixed schemas, while NoSQL databases handle unstructured or semi-structured data with flexible schemas."
  },
  {
    "question": "What is a distributed database?",
    "options": [
      "A) A database stored on a single computer",
      "B) A database spread across multiple locations or servers",
      "C) A database with only one table",
      "D) A database without indexes"
    ],
    "answer": "B",
    "explanation": "A distributed database is a collection of data stored across multiple physical locations or servers, managed as a single system."
  },
  {
    "question": "Which SQL command is used to modify an existing table structure?",
    "options": [
      "A) CREATE",
      "B) ALTER",
      "C) DROP",
      "D) INSERT"
    ],
    "answer": "B",
    "explanation": "The ALTER command is used to modify the structure of an existing table, such as adding or dropping columns."
  },
  {
    "question": "Which constraint ensures a column value meets a specific condition?",
    "options": [
      "A) PRIMARY KEY",
      "B) FOREIGN KEY",
      "C) CHECK",
      "D) UNIQUE"
    ],
    "answer": "C",
    "explanation": "The CHECK constraint ensures that values in a column satisfy a specific condition."
  },
  {
    "question": "What does the DEFAULT constraint do?",
    "options": [
      "A) Ensures unique values",
      "B) Assigns a default value to a column if none is specified",
      "C) Prevents null values",
      "D) Links tables"
    ],
    "answer": "B",
    "explanation": "The DEFAULT constraint provides a default value for a column when no value is specified during insertion."
  },
  {
    "question": "Which normal form eliminates transitive dependencies?",
    "options": [
      "A) 1NF",
      "B) 2NF",
      "C) 3NF",
      "D) BCNF"
    ],
    "answer": "C",
    "explanation": "Third Normal Form (3NF) ensures that there are no transitive dependencies, meaning non-key attributes are not dependent on other non-key attributes."
  },
  {
    "question": "Which JOIN type returns all records from the left table and matched records from the right table?",
    "options": [
      "A) INNER JOIN",
      "B) LEFT JOIN",
      "C) RIGHT JOIN",
      "D) FULL OUTER JOIN"
    ],
    "answer": "B",
    "explanation": "LEFT JOIN returns all records from the left table and the matched records from the right table, with NULLs for non-matching rows."
  },
  {
    "question": "What does the 'C' in ACID properties stand for?",
    "options": [
      "A) Creativity",
      "B) Consistency",
      "C) Concurrency",
      "D) Compression"
    ],
    "answer": "B",
    "explanation": "Consistency ensures that a transaction brings the database from one valid state to another, adhering to all defined constraints."
  },
  {
    "question": "What is the purpose of the ROLLBACK command?",
    "options": [
      "A) To save changes permanently",
      "B) To undo changes made during a transaction",
      "C) To create a new transaction",
      "D) To lock a table"
    ],
    "answer": "B",
    "explanation": "ROLLBACK undoes all changes made during a transaction, restoring the database to its previous state."
  },
  {
    "question": "What is a SAVEPOINT in a database transaction?",
    "options": [
      "A) A point where the database is backed up",
      "B) A marker within a transaction to which you can roll back",
      "C) A type of index",
      "D) A permanent save of data"
    ],
    "answer": "B",
    "explanation": "A SAVEPOINT is a marker within a transaction that allows partial rollback to that point without affecting the entire transaction."
  },
  {
    "question": "Which of the following is a benefit of indexing?",
    "options": [
      "A) Increased storage requirements",
      "B) Faster query execution",
      "C) Reduced data integrity",
      "D) Slower data retrieval"
    ],
    "answer": "B",
    "explanation": "Indexing improves query performance by allowing faster data retrieval through optimized data structures."
  },
  {
    "question": "What is the main purpose of a database view?",
    "options": [
      "A) To store data permanently",
      "B) To simplify complex queries and enhance security",
      "C) To create physical tables",
      "D) To delete data"
    ],
    "answer": "B",
    "explanation": "Views simplify complex queries, provide an abstraction layer, and can restrict access to specific data for security."
  },
  {
    "question": "Which of the following is true about stored procedures?",
    "options": [
      "A) They cannot accept parameters",
      "B) They are executed only once",
      "C) They can improve performance by reducing network traffic",
      "D) They are used to create tables"
    ],
    "answer": "C",
    "explanation": "Stored procedures can improve performance by executing complex operations on the server, reducing network traffic."
  },
  {
    "question": "What is a database trigger typically used for?",
    "options": [
      "A) To optimize queries",
      "B) To enforce business rules or maintain data integrity",
      "C) To create backups",
      "D) To index tables"
    ],
    "answer": "B",
    "explanation": "Triggers are used to enforce business rules or maintain data integrity by automatically responding to specific database events."
  },
  {
    "question": "Which relational algebra operation selects specific tuples based on a condition?",
    "options": [
      "A) Projection",
      "B) Union",
      "C) Selection",
      "D) Join"
    ],
    "answer": "C",
    "explanation": "The Selection operation in relational algebra retrieves tuples from a relation that satisfy a given condition."
  },
  {
    "question": "What is the purpose of database recovery?",
    "options": [
      "A) To increase data redundancy",
      "B) To restore a database to a consistent state after a failure",
      "C) To create new tables",
      "D) To delete old data"
    ],
    "answer": "B",
    "explanation": "Database recovery restores a database to a consistent state after a failure using logs and backups."
  },
  {
    "question": "Which NoSQL database is known for its key-value store architecture?",
    "options": [
      "A) MongoDB",
      "B) Redis",
      "C) Cassandra",
      "D) Neo4j"
    ],
    "answer": "B",
    "explanation": "Redis is a NoSQL database known for its key-value store architecture, optimized for speed and simplicity."
  },
  {
    "question": "Which of the following is a characteristic of MongoDB?",
    "options": [
      "A) Strict relational schema",
      "B) Document-based storage",
      "C) Fixed table structure",
      "D) Limited scalability"
    ],
    "answer": "B",
    "explanation": "MongoDB is a NoSQL database that uses a document-based model, storing data in JSON-like documents."
  },
  {
    "question": "What is the benefit of a distributed database?",
    "options": [
      "A) Reduced scalability",
      "B) Improved data availability and fault tolerance",
      "C) Increased data redundancy",
      "D) Slower query performance"
    ],
    "answer": "B",
    "explanation": "Distributed databases improve data availability and fault tolerance by storing data across multiple locations."
  },
  {
    "question": "Which SQL statement removes a table from a database?",
    "options": [
      "A) ALTER",
      "B) DROP",
      "C) DELETE",
      "D) TRUNCATE"
    ],
    "answer": "B",
    "explanation": "The DROP statement removes a table and its data permanently from the database."
  },
  {
    "question": "What does the NOT NULL constraint ensure?",
    "options": [
      "A) A column can have duplicate values",
      "B) A column cannot have null values",
      "C) A column must have unique values",
      "D) A column links to another table"
    ],
    "answer": "B",
    "explanation": "The NOT NULL constraint ensures that a column cannot contain null values."
  },
  {
    "question": "Which normal form addresses anomalies caused by non-key attributes determining other attributes?",
    "options": [
      "A) 1NF",
      "B) 2NF",
      "C) 3NF",
      "D) BCNF"
    ],
    "answer": "D",
    "explanation": "Boyce-Codd Normal Form (BCNF) addresses anomalies by ensuring that no non-key attribute determines another attribute."
  },
  {
    "question": "Which JOIN type returns all records from both tables, with NULLs for non-matching rows?",
    "options": [
      "A) INNER JOIN",
      "B) LEFT JOIN",
      "C) RIGHT JOIN",
      "D) FULL OUTER JOIN"
    ],
    "answer": "D",
    "explanation": "FULL OUTER JOIN returns all records from both tables, with NULLs in places where there is no match."
  },
  {
    "question": "What does the 'I' in ACID properties stand for?",
    "options": [
      "A) Integrity",
      "B) Isolation",
      "C) Indexing",
      "D) Inheritance"
    ],
    "answer": "B",
    "explanation": "Isolation ensures that transactions are executed independently of one another, preventing interference."
  },
  {
    "question": "What is the purpose of a database index?",
    "options": [
      "A) To store data permanently",
      "B) To improve the efficiency of data retrieval",
      "C) To enforce constraints",
      "D) To create relationships"
    ],
    "answer": "B",
    "explanation": "A database index improves the efficiency of data retrieval by providing a quick lookup mechanism."
  },
  {
    "question": "Which of the following is a feature of NoSQL databases?",
    "options": [
      "A) Fixed schema",
      "B) High scalability for large datasets",
      "C) Exclusive use of SQL",
      "D) Limited data types"
    ],
    "answer": "B",
    "explanation": "NoSQL databases are designed for high scalability, handling large datasets and distributed systems effectively."
  },
  {
    "question": "What is the primary goal of database normalization?",
    "options": [
      "A) To increase redundancy",
      "B) To reduce data anomalies during operations",
      "C) To slow down queries",
      "D) To encrypt data"
    ],
    "answer": "B",
    "explanation": "Normalization reduces data anomalies during insertions, updates, and deletions by organizing data into normal forms."
  },
  {
    "question": "Which SQL command is used to modify existing records in a table?",
    "options": [
      "A) INSERT",
      "B) UPDATE",
      "C) DELETE",
      "D) SELECT"
    ],
    "answer": "B",
    "explanation": "The UPDATE command is used to modify existing records in a table."
  },
  {
    "question": "What is the purpose of the DELETE command in SQL?",
    "options": [
      "A) To create a new table",
      "B) To remove records from a table",
      "C) To modify table structure",
      "D) To retrieve data"
    ],
    "answer": "B",
    "explanation": "The DELETE command removes records from a table based on specified conditions."
  },
  {
    "question": "Which of the following is a component of an ER diagram?",
    "options": [
      "A) Index",
      "B) Attribute",
      "C) Stored Procedure",
      "D) Trigger"
    ],
    "answer": "B",
    "explanation": "An ER diagram consists of entities, attributes, and relationships, with attributes describing properties of entities."
  },
  {
    "question": "What is the role of the 'D' in ACID properties?",
    "options": [
      "A) Deletion",
      "B) Durability",
      "C) Dependency",
      "D) Distribution"
    ],
    "answer": "B",
    "explanation": "Durability ensures that once a transaction is committed, its changes are permanently saved, even in the event of a failure."
  },
  {
    "question": "Which of the following is a type of NoSQL database?",
    "options": [
      "A) MySQL",
      "B) PostgreSQL",
      "C) Cassandra",
      "D) Oracle"
    ],
    "answer": "C",
    "explanation": "Cassandra is a NoSQL database designed for high scalability and handling large amounts of data across distributed systems."
  },
  {
    "question": "What does the TRUNCATE command do in SQL?",
    "options": [
      "A) Deletes specific rows based on a condition",
      "B) Removes all rows from a table without logging individual deletions",
      "C) Modifies table structure",
      "D) Creates a new table"
    ],
    "answer": "B",
    "explanation": "TRUNCATE removes all rows from a table quickly without logging individual row deletions, unlike DELETE."
  },
  {
    "question": "Which relational algebra operation selects specific attributes from a relation?",
    "options": [
      "A) Selection",
      "B) Projection",
      "C) Union",
      "D) Join"
    ],
    "answer": "B",
    "explanation": "The Projection operation selects specific attributes (columns) from a relation, eliminating duplicates."
  },
  {
    "question": "What is the purpose of database encryption?",
    "options": [
      "A) To improve query performance",
      "B) To protect sensitive data from unauthorized access",
      "C) To increase data redundancy",
      "D) To create indexes"
    ],
    "answer": "B",
    "explanation": "Database encryption protects sensitive data by converting it into an unreadable format, accessible only with the correct key."
  },
  {
    "question": "Which of the following is a benefit of using views in a database?",
    "options": [
      "A) Increased storage usage",
      "B) Simplified query complexity",
      "C) Reduced data security",
      "D) Slower performance"
    ],
    "answer": "B",
    "explanation": "Views simplify complex queries by presenting data in a user-friendly format and can enhance security by restricting access."
  },
  {
    "question": "What is the purpose of a clustered index?",
    "options": [
      "A) To store data in a random order",
      "B) To physically order the data in a table based on the index key",
      "C) To prevent data retrieval",
      "D) To create relationships"
    ],
    "answer": "B",
    "explanation": "A clustered index determines the physical order of data in a table, improving retrieval performance for indexed columns."
  },
  {
    "question": "Which of the following is a disadvantage of NoSQL databases?",
    "options": [
      "A) High scalability",
      "B) Lack of standardized query language",
      "C) Support for structured data",
      "D) Fast query performance"
    ],
    "answer": "B",
    "explanation": "NoSQL databases often lack a standardized query language, making it harder to switch between different NoSQL systems."
  },
  {
    "question": "What is the purpose of a non-clustered index?",
    "options": [
      "A) To physically reorder the table data",
      "B) To create a separate structure for faster data retrieval",
      "C) To enforce constraints",
      "D) To delete records"
    ],
    "answer": "B",
    "explanation": "A non-clustered index creates a separate structure that points to the table data, improving retrieval without reordering the table."
  },
  {
    "question": "Which of the following is a feature of a relational database?",
    "options": [
      "A) Flexible schema",
      "B) Structured data with tables and keys",
      "C) No support for joins",
      "D) Limited scalability"
    ],
    "answer": "B",
    "explanation": "Relational databases store structured data in tables with defined relationships using keys and support operations like joins."
  },
  {
    "question": "What is the purpose of the UNION operation in relational algebra?",
    "options": [
      "A) To combine rows from two relations, removing duplicates",
      "B) To select specific columns",
      "C) To join two relations based on a condition",
      "D) To filter rows based on a condition"
    ],
    "answer": "A",
    "explanation": "The UNION operation combines rows from two relations, removing duplicates to produce a single result."
  },
  {
    "question": "Which of the following is a key feature of MongoDB?",
    "options": [
      "A) Fixed schema",
      "B) Document-based storage with JSON-like documents",
      "C) Exclusive use of SQL",
      "D) Limited scalability"
    ],
    "answer": "B",
    "explanation": "MongoDB uses a document-based model, storing data in flexible, JSON-like documents."
  },
  {
    "question": "What is the purpose of a database transaction log?",
    "options": [
      "A) To store query results",
      "B) To record changes for recovery and rollback",
      "C) To create indexes",
      "D) To encrypt data"
    ],
    "answer": "B",
    "explanation": "A transaction log records all changes made to the database, enabling recovery and rollback in case of failures."
  },
  {
    "question": "Which of the following is a type of database backup?",
    "options": [
      "A) Full backup",
      "B) Clustered backup",
      "C) Virtual backup",
      "D) Indexed backup"
    ],
    "answer": "A",
    "explanation": "A full backup captures the entire database, including all data and structures, at a specific point in time."
  },
  {
    "question": "What is the primary advantage of using a stored procedure?",
    "options": [
      "A) Increased data redundancy",
      "B) Improved performance and reusability",
      "C) Reduced data security",
      "D) Slower query execution"
    ],
    "answer": "B",
    "explanation": "Stored procedures improve performance by reducing network traffic and allow reuse of complex logic."
  },
  {
    "question": "Which of the following is a characteristic of a distributed database?",
    "options": [
      "A) Single point of failure",
      "B) Data stored across multiple locations",
      "C) Limited scalability",
      "D) Fixed schema"
    ],
    "answer": "B",
    "explanation": "Distributed databases store data across multiple locations, improving scalability and fault tolerance."
  },
  {
    "question": "What is the purpose of the GROUP BY clause in SQL?",
    "options": [
      "A) To sort query results",
      "B) To group rows with the same values into summary rows",
      "C) To filter rows based on a condition",
      "D) To join multiple tables"
    ],
    "answer": "B",
    "explanation": "The GROUP BY clause groups rows with identical values in specified columns into summary rows, often used with aggregate functions."
  },
  {
    "question": "Which SQL clause is used to filter grouped results?",
    "options": [
      "A) WHERE",
      "B) HAVING",
      "C) ORDER BY",
      "D) DISTINCT"
    ],
    "answer": "B",
    "explanation": "The HAVING clause filters grouped results, typically used with GROUP BY to apply conditions to aggregated data."
  },
  {
    "question": "What is the purpose of the ORDER BY clause in SQL?",
    "options": [
      "A) To group rows",
      "B) To sort query results",
      "C) To filter rows",
      "D) To join tables"
    ],
    "answer": "B",
    "explanation": "The ORDER BY clause sorts the result set of a query in ascending or descending order based on specified columns."
  },
  {
    "question": "What does the DISTINCT keyword do in SQL?",
    "options": [
      "A) Joins multiple tables",
      "B) Removes duplicate rows from the result set",
      "C) Groups rows by column values",
      "D) Filters rows based on a condition"
    ],
    "answer": "B",
    "explanation": "The DISTINCT keyword eliminates duplicate rows from the result set of a SELECT query."
  },
  {
    "question": "Which type of relationship in an ER diagram indicates a one-to-many connection?",
    "options": [
      "A) One-to-One",
      "B) Many-to-Many",
      "C) One-to-Many",
      "D) Many-to-One"
    ],
    "answer": "C",
    "explanation": "A one-to-many relationship indicates that one instance of an entity can be associated with multiple instances of another entity."
  },
  {
    "question": "What is the purpose of a composite key in a relational database?",
    "options": [
      "A) To encrypt data",
      "B) To uniquely identify records using multiple columns",
      "C) To create a view",
      "D) To delete records"
    ],
    "answer": "B",
    "explanation": "A composite key uses two or more columns to uniquely identify each record in a table."
  },
  {
    "question": "Which SQL function is used to count the number of rows in a result set?",
    "options": [
      "A) SUM()",
      "B) COUNT()",
      "C) AVG()",
      "D) MAX()"
    ],
    "answer": "B",
    "explanation": "The COUNT() function returns the number of rows in a result set or the number of non-NULL values in a column."
  },
  {
    "question": "What is the purpose of the CASCADE option in a FOREIGN KEY constraint?",
    "options": [
      "A) To prevent deletion of related records",
      "B) To automatically delete or update related records",
      "C) To create a new table",
      "D) To encrypt data"
    ],
    "answer": "B",
    "explanation": "The CASCADE option automatically deletes or updates records in a child table when the corresponding record in the parent table is deleted or updated."
  },
  {
    "question": "Which of the following is a type of database index?",
    "options": [
      "A) Primary Index",
      "B) Foreign Index",
      "C) Default Index",
      "D) Virtual Index"
    ],
    "answer": "A",
    "explanation": "A primary index is a type of index created on the primary key of a table to facilitate fast data retrieval."
  },
  {
    "question": "What is the purpose of the IN operator in SQL?",
    "options": [
      "A) To join tables",
      "B) To check if a value matches any value in a list",
      "C) To group rows",
      "D) To sort results"
    ],
    "answer": "B",
    "explanation": "The IN operator checks if a value matches any value in a specified list or subquery."
  },
  {
    "question": "Which SQL clause is used to limit the number of rows returned by a query?",
    "options": [
      "A) LIMIT",
      "B) GROUP BY",
      "C) ORDER BY",
      "D) HAVING"
    ],
    "answer": "A",
    "explanation": "The LIMIT clause restricts the number of rows returned by a query, often used for pagination."
  },
  {
    "question": "What is the purpose of a self-join in SQL?",
    "options": [
      "A) To join a table with itself",
      "B) To join two different tables",
      "C) To create a new table",
      "D) To delete records"
    ],
    "answer": "A",
    "explanation": "A self-join is a join where a table is joined with itself to compare rows within the same table."
  },
  {
    "question": "Which of the following is a characteristic of first normal form (1NF)?",
    "options": [
      "A) Elimination of transitive dependencies",
      "B) Elimination of repeating groups and ensuring atomic values",
      "C) Full functional dependency on the primary key",
      "D) No non-key attributes determining other attributes"
    ],
    "answer": "B",
    "explanation": "First Normal Form (1NF) eliminates repeating groups and ensures that each attribute contains atomic (indivisible) values."
  },
  {
    "question": "What is the purpose of the LIKE operator in SQL?",
    "options": [
      "A) To perform exact matches",
      "B) To perform pattern matching in strings",
      "C) To join tables",
      "D) To group rows"
    ],
    "answer": "B",
    "explanation": "The LIKE operator is used for pattern matching in strings, often with wildcards like % and _."
  },
  {
    "question": "Which type of NoSQL database is best suited for hierarchical data?",
    "options": [
      "A) Key-Value Store",
      "B) Document Store",
      "C) Column Store",
      "D) Graph Database"
    ],
    "answer": "B",
    "explanation": "Document stores, like MongoDB, are well-suited for hierarchical data due to their ability to store nested JSON-like documents."
  },
  {
    "question": "What is the purpose of a database schema?",
    "options": [
      "A) To store query results",
      "B) To define the structure and organization of a database",
      "C) To encrypt data",
      "D) To create backups"
    ],
    "answer": "B",
    "explanation": "A database schema defines the structure, including tables, columns, relationships, and constraints, of a database."
  },
  {
    "question": "Which of the following is a type of relational calculus?",
    "options": [
      "A) Tuple Relational Calculus",
      "B) Procedural Calculus",
      "C) Algebraic Calculus",
      "D) Functional Calculus"
    ],
    "answer": "A",
    "explanation": "Tuple Relational Calculus is a type of relational calculus that uses tuples to describe queries in a non-procedural way."
  },
  {
    "question": "What is the purpose of the BETWEEN operator in SQL?",
    "options": [
      "A) To join tables",
      "B) To check if a value lies within a range",
      "C) To group rows",
      "D) To sort results"
    ],
    "answer": "B",
    "explanation": "The BETWEEN operator checks if a value falls within a specified range, inclusive of the endpoints."
  },
  {
    "question": "Which of the following is a benefit of using triggers in a database?",
    "options": [
      "A) Increased storage requirements",
      "B) Automated enforcement of business rules",
      "C) Slower query performance",
      "D) Reduced data integrity"
    ],
    "answer": "B",
    "explanation": "Triggers automate the enforcement of business rules or data integrity by executing in response to specific events."
  },
  {
    "question": "What is the purpose of a database role in security?",
    "options": [
      "A) To create tables",
      "B) To manage user permissions and access control",
      "C) To optimize queries",
      "D) To delete records"
    ],
    "answer": "B",
    "explanation": "Database roles are used to manage user permissions and access control, simplifying security administration."
  },
  {
    "question": "Which of the following is a type of database recovery technique?",
    "options": [
      "A) Log-based recovery",
      "B) Index-based recovery",
      "C) View-based recovery",
      "D) Trigger-based recovery"
    ],
    "answer": "A",
    "explanation": "Log-based recovery uses transaction logs to restore a database to a consistent state after a failure."
  },
  {
    "question": "What is the purpose of the INTERSECT operation in relational algebra?",
    "options": [
      "A) To combine rows from two relations, removing duplicates",
      "B) To return rows common to two relations",
      "C) To select specific columns",
      "D) To filter rows based on a condition"
    ],
    "answer": "B",
    "explanation": "The INTERSECT operation returns rows that are common to two relations, removing duplicates."
  },
  {
    "question": "Which NoSQL database is optimized for graph-based data?",
    "options": [
      "A) Redis",
      "B) MongoDB",
      "C) Neo4j",
      "D) Cassandra"
    ],
    "answer": "C",
    "explanation": "Neo4j is a NoSQL graph database optimized for storing and querying graph-based data, such as relationships."
  },
  {
    "question": "What is the purpose of the EXISTS operator in SQL?",
    "options": [
      "A) To check if a subquery returns any rows",
      "B) To join tables",
      "C) To group rows",
      "D) To sort results"
    ],
    "answer": "A",
    "explanation": "The EXISTS operator checks if a subquery returns any rows, returning true if at least one row is found."
  },
  {
    "question": "Which of the following is a characteristic of a column-store NoSQL database?",
    "options": [
      "A) Optimized for row-based operations",
      "B) Optimized for analytical queries on large datasets",
      "C) Fixed schema",
      "D) Limited scalability"
    ],
    "answer": "B",
    "explanation": "Column-store NoSQL databases, like Cassandra, are optimized for analytical queries on large datasets by storing data in columns."
  },
  {
    "question": "What is the purpose of the COALESCE function in SQL?",
    "options": [
      "A) To return the first non-NULL value from a list",
      "B) To count rows",
      "C) To join tables",
      "D) To group rows"
    ],
    "answer": "A",
    "explanation": "The COALESCE function returns the first non-NULL value from a list of expressions."
  },
  {
    "question": "Which of the following is a disadvantage of database indexing?",
    "options": [
      "A) Faster query performance",
      "B) Increased storage and maintenance overhead",
      "C) Improved data integrity",
      "D) Simplified queries"
    ],
    "answer": "B",
    "explanation": "Indexes improve query performance but require additional storage and maintenance, which can slow down write operations."
  },
  {
    "question": "What is the purpose of a materialized view in a database?",
    "options": [
      "A) To store query results physically for faster access",
      "B) To create a virtual table",
      "C) To encrypt data",
      "D) To delete records"
    ],
    "answer": "A",
    "explanation": "A materialized view stores the result of a query physically, unlike a regular view, for faster access and periodic updates."
  },
  {
    "question": "Which SQL function is used to calculate the average of a column?",
    "options": [
      "A) SUM()",
      "B) COUNT()",
      "C) AVG()",
      "D) MAX()"
    ],
    "answer": "C",
    "explanation": "The AVG() function calculates the average of non-NULL values in a specified column."
  },
  {
    "question": "What is the purpose of the DIFFERENCE operation in relational algebra?",
    "options": [
      "A) To return rows in one relation but not in another",
      "B) To combine rows from two relations",
      "C) To select specific columns",
      "D) To join tables"
    ],
    "answer": "A",
    "explanation": "The DIFFERENCE operation returns rows that are in one relation but not in another, removing duplicates."
  },
  {
    "question": "Which of the following is a benefit of using a distributed database?",
    "options": [
      "A) Increased complexity in query execution",
      "B) Improved performance through parallel processing",
      "C) Reduced data availability",
      "D) Slower data retrieval"
    ],
    "answer": "B",
    "explanation": "Distributed databases improve performance by distributing data and processing across multiple nodes, enabling parallel execution."
  },
  {
    "question": "What is the purpose of the CASE statement in SQL?",
    "options": [
      "A) To perform conditional logic in queries",
      "B) To join tables",
      "C) To group rows",
      "D) To sort results"
    ],
    "answer": "A",
    "explanation": "The CASE statement allows conditional logic in SQL queries, enabling different outputs based on specified conditions."
  },
  {
    "question": "Which of the following is a type of database constraint?",
    "options": [
      "A) Index Constraint",
      "B) View Constraint",
      "C) CHECK Constraint",
      "D) Trigger Constraint"
    ],
    "answer": "C",
    "explanation": "The CHECK constraint is a type of database constraint that ensures column values meet a specific condition."
  },
  {
    "question": "What is the purpose of a database audit trail?",
    "options": [
      "A) To optimize queries",
      "B) To track changes and access to the database",
      "C) To create indexes",
      "D) To delete records"
    ],
    "answer": "B",
    "explanation": "A database audit trail tracks changes and access to the database, ensuring accountability and security."
  },
  {
    "question": "Which of the following is a characteristic of a graph database?",
    "options": [
      "A) Fixed schema",
      "B) Optimized for relationships and networks",
      "C) Limited scalability",
      "D) Exclusive use of SQL"
    ],
    "answer": "B",
    "explanation": "Graph databases, like Neo4j, are optimized for storing and querying relationships and networks, such as social graphs."
  },
  {
    "question": "What is the purpose of the NULLIF function in SQL?",
    "options": [
      "A) To return NULL if two expressions are equal",
      "B) To count NULL values",
      "C) To join tables",
      "D) To group rows"
    ],
    "answer": "A",
    "explanation": "The NULLIF function returns NULL if two expressions are equal; otherwise, it returns the first expression."
  },
  {
    "question": "Which of the following is a type of database transaction isolation level?",
    "options": [
      "A) Read Uncommitted",
      "B) Write Committed",
      "C) Delete Committed",
      "D) Update Uncommitted"
    ],
    "answer": "A",
    "explanation": "Read Uncommitted is a transaction isolation level that allows dirty reads, where uncommitted changes can be read."
  },
  {
    "question": "What is the purpose of a database partition?",
    "options": [
      "A) To encrypt data",
      "B) To divide a large table into smaller, manageable pieces",
      "C) To create a view",
      "D) To delete records"
    ],
    "answer": "B",
    "explanation": "Database partitioning divides a large table into smaller, more manageable pieces to improve performance and maintenance."
  },
  {
    "question": "Which of the following is a feature of a key-value store NoSQL database?",
    "options": [
      "A) Complex query support",
      "B) Simple key-based data retrieval",
      "C) Fixed schema",
      "D) Limited scalability"
    ],
    "answer": "B",
    "explanation": "Key-value store NoSQL databases, like Redis, provide simple and fast data retrieval using unique keys."
  },
  {
    "question": "What is the purpose of the RENAME command in SQL?",
    "options": [
      "A) To delete a table",
      "B) To change the name of a database object",
      "C) To create a new table",
      "D) To join tables"
    ],
    "answer": "B",
    "explanation": "The RENAME command changes the name of a database object, such as a table or column."
  },
  {
    "question": "Which of the following is a benefit of database replication?",
    "options": [
      "A) Increased data redundancy",
      "B) Improved data availability and fault tolerance",
      "C) Reduced query performance",
      "D) Slower data retrieval"
    ],
    "answer": "B",
    "explanation": "Database replication improves data availability and fault tolerance by maintaining copies of data across multiple servers."
  }
]
}