{
  "DataStructure": [
    {
      "question": "What principle does a stack follow?",
      "options": [
        "A) First-In-First-Out (FIFO)",
        "B) Last-In-First-Out (LIFO)",
        "C) Random Access",
        "D) Priority-Based Order"
      ],
      "answer": "B",
      "explanation": "A stack follows the Last-In-First-Out (LIFO) principle, where the last element added is the first one removed."
    },
    {
      "question": "Which of the following is NOT a basic stack operation?",
      "options": [
        "A) Push",
        "B) Pop",
        "C) Peek",
        "D) Swap"
      ],
      "answer": "D",
      "explanation": "The basic stack operations are Push (add), Pop (remove), and Peek (view top). Swap is not a standard stack operation."
    },
    {
      "question": "What happens when you 'pop' an element from a stack?",
      "options": [
        "A) The element is added to the top",
        "B) The element is removed from the top",
        "C) The element is moved to the bottom",
        "D) The stack is reversed"
      ],
      "answer": "B",
      "explanation": "Popping removes the top element from the stack."
    },
    {
      "question": "What is the time complexity of push and pop operations in a stack (assuming array implementation)?",
      "options": [
        "A) O(n)",
        "B) O(log n)",
        "C) O(1)",
        "D) O(n²)"
      ],
      "answer": "C",
      "explanation": "Push and pop operations in a stack are O(1) (constant time) because they only involve the top element."
    },
    {
      "question": "Which data structure is commonly used to implement a stack?",
      "options": [
        "A) Linked List",
        "B) Queue",
        "C) Tree",
        "D) Graph"
      ],
      "answer": "A",
      "explanation": "Stacks are often implemented using arrays or linked lists due to their efficient insertion/deletion at one end."
    },
    {
      "question": "What is the result of pushing 5, 3, then 1 onto a stack and then popping twice?",
      "options": [
        "A) Remaining stack: [5]",
        "B) Remaining stack: [5, 3]",
        "C) Remaining stack: [1]",
        "D) Remaining stack: [3, 1]"
      ],
      "answer": "A",
      "explanation": "After pushes: [5, 3, 1]. After first pop: [5, 3]. After second pop: [5]."
    },
    {
      "question": "Which application is a stack NOT typically used for?",
      "options": [
        "A) Undo functionality in text editors",
        "B) Function call management in programming",
        "C) Breadth-First Search (BFS) traversal",
        "D) Expression evaluation (e.g., postfix)"
      ],
      "answer": "C",
      "explanation": "BFS uses a queue, not a stack. Stacks are used for depth-first processing like undo, call stacks, and expression evaluation."
    },
    {
      "question": "What is the 'peek' operation in a stack?",
      "options": [
        "A) Remove the top element",
        "B) Add an element to the middle",
        "C) View the top element without removing it",
        "D) Reverse the stack order"
      ],
      "answer": "C",
      "explanation": "Peek returns the top element without modifying the stack."
    },
    {
      "question": "What is a stack overflow?",
      "options": [
        "A) When the stack is empty",
        "B) When the stack exceeds its memory limit",
        "C) When elements are sorted in ascending order",
        "D) When pop is called on an empty stack"
      ],
      "answer": "B",
      "explanation": "Stack overflow occurs when the stack grows beyond its allocated memory (e.g., infinite recursion)."
    },
    {
      "question": "In which scenario is a stack preferred over a queue?",
      "options": [
        "A) Printing tasks in order of arrival",
        "B) Reversing a sequence of elements",
        "C) Scheduling processes in an OS",
        "D) Handling a waiting list"
      ],
      "answer": "B",
      "explanation": "A stack's LIFO property is useful for reversing order (e.g., parsing expressions, backtracking). Queues are better for FIFO tasks like scheduling."
    },
    {
      "question": "What principle does a simple queue follow?",
      "options": [
        "A) Last-In-First-Out (LIFO)",
        "B) First-In-First-Out (FIFO)",
        "C) Priority-Based Order",
        "D) Random Access"
      ],
      "answer": "B",
      "explanation": "A simple queue follows the First-In-First-Out (FIFO) principle, where the first element added is the first one removed."
    },
    {
      "question": "Which operation adds an element to the rear of a queue?",
      "options": [
        "A) Pop",
        "B) Push",
        "C) Enqueue",
        "D) Dequeue"
      ],
      "answer": "C",
      "explanation": "Enqueue adds an element to the rear (end) of the queue, while dequeue removes from the front."
    },
    {
      "question": "What is the main advantage of a circular queue over a simple queue?",
      "options": [
        "A) Allows random access to elements",
        "B) Prevents memory wastage by reusing empty spaces",
        "C) Automatically sorts elements",
        "D) Supports LIFO operations"
      ],
      "answer": "B",
      "explanation": "A circular queue reuses the empty spaces created after dequeuing, making it memory-efficient."
    },
    {
      "question": "In a deque (double-ended queue), what operation is NOT supported?",
      "options": [
        "A) Insert at front",
        "B) Insert at rear",
        "C) Delete from middle",
        "D) Delete from front"
      ],
      "answer": "C",
      "explanation": "A deque allows insertion/deletion at both ends but not arbitrary middle positions (unless implemented with extra features)."
    },
    {
      "question": "What is the time complexity of enqueue and dequeue in a simple queue (array implementation)?",
      "options": [
        "A) O(n)",
        "B) O(1)",
        "C) O(log n)",
        "D) O(n²)"
      ],
      "answer": "B",
      "explanation": "In a well-implemented queue, enqueue and dequeue are O(1) operations."
    },
    {
      "question": "Which data structure is typically used to implement a priority queue?",
      "options": [
        "A) Array",
        "B) Linked List",
        "C) Heap",
        "D) Stack"
      ],
      "answer": "C",
      "explanation": "Priority queues are often implemented using heaps (min/max) for efficient priority-based operations."
    },
    {
      "question": "What happens when you dequeue an element from an empty queue?",
      "options": [
        "A) Returns null/undefined",
        "B) Throws an underflow error",
        "C) Automatically resizes the queue",
        "D) Returns the last added element"
      ],
      "answer": "B",
      "explanation": "Dequeuing from an empty queue results in an underflow error (or similar exception)."
    },
    {
      "question": "Which application is a priority queue NOT typically used for?",
      "options": [
        "A) CPU task scheduling",
        "B) Breadth-First Search (BFS)",
        "C) Dijkstra's shortest path algorithm",
        "D) Emergency room patient triage"
      ],
      "answer": "B",
      "explanation": "BFS uses a simple queue (FIFO). Priority queues are used for prioritized processing like task scheduling or triage."
    },
    {
      "question": "In a circular queue, how is the rear pointer adjusted after reaching the end?",
      "options": [
        "A) It resets to 0",
        "B) It moves backward",
        "C) It remains at the end",
        "D) It doubles the queue size"
      ],
      "answer": "A",
      "explanation": "In a circular queue, the rear/front pointers wrap around to 0 when they reach the end, creating a 'circular' behavior."
    },
    {
      "question": "What distinguishes a deque from a simple queue?",
      "options": [
        "A) Supports insertion/deletion at both ends",
        "B) Only allows insertion at the front",
        "C) Automatically sorts elements",
        "D) Uses LIFO principle"
      ],
      "answer": "A",
      "explanation": "A deque (double-ended queue) allows insertion and deletion at both front and rear, unlike a simple queue (FIFO)."
    },
    {
      "question": "What is a key characteristic of a Singly Linked List?",
      "options": [
        "A) Each node has pointers to both the next and previous nodes",
        "B) Each node only has a pointer to the next node",
        "C) The last node points back to the first node, forming a loop",
        "D) Nodes are stored in contiguous memory locations"
      ],
      "answer": "B",
      "explanation": "In a Singly Linked List, each node contains data and a pointer only to the next node, not the previous one."
    },
    {
      "question": "Which operation in a Doubly Linked List allows traversal in both directions?",
      "options": [
        "A) Each node has only a 'next' pointer",
        "B) Each node has 'next' and 'previous' pointers",
        "C) The list is circular with no end",
        "D) Nodes are accessed via an array index"
      ],
      "answer": "B",
      "explanation": "A Doubly Linked List has nodes with both 'next' and 'previous' pointers, enabling bidirectional traversal."
    },
    {
      "question": "What defines a Circular Linked List?",
      "options": [
        "A) The last node points to null",
        "B) The last node points back to the first node",
        "C) It cannot be traversed fully",
        "D) It uses a hash table for node access"
      ],
      "answer": "B",
      "explanation": "A Circular Linked List forms a loop where the last node's 'next' pointer points back to the first node."
    },
    {
      "question": "What is the time complexity of inserting a node at the beginning of a Singly Linked List?",
      "options": [
        "A) O(n)",
        "B) O(1)",
        "C) O(log n)",
        "D) O(n²)"
      ],
      "answer": "B",
      "explanation": "Inserting at the beginning of a Singly Linked List is O(1) because it only requires updating the head pointer."
    },
    {
      "question": "Which operation requires O(n) time to delete a node from a Singly Linked List (given only the node's reference)?",
      "options": [
        "A) Deleting the head node",
        "B) Deleting the tail node",
        "C) Deleting a middle node",
        "D) All of the above"
      ],
      "answer": "B",
      "explanation": "Deleting the tail node in a Singly Linked List requires traversing the entire list to update the previous node's 'next' pointer, making it O(n)."
    },
    {
      "question": "What is the purpose of the 'Reverse' operation in a Linked List?",
      "options": [
        "A) To sort the list in ascending order",
        "B) To invert the order of nodes (first becomes last, etc.)",
        "C) To delete all duplicate nodes",
        "D) To merge two lists into one"
      ],
      "answer": "B",
      "explanation": "Reversing a Linked List flips the order of nodes, making the first node the last and vice versa."
    },
    {
      "question": "In a Doubly Linked List, what happens during a node deletion (given the node's reference)?",
      "options": [
        "A) Only the 'next' pointer of the previous node is updated",
        "B) Both 'next' and 'previous' pointers of adjacent nodes are updated",
        "C) The node is simply marked as 'deleted' but remains in memory",
        "D) The entire list is traversed to find the node"
      ],
      "answer": "B",
      "explanation": "In a Doubly Linked List, deletion requires updating the 'next' pointer of the previous node and the 'previous' pointer of the next node."
    },
    {
      "question": "What is a key advantage of a Linked List over an array?",
      "options": [
        "A) Constant-time access to any element",
        "B) Lower memory overhead per element",
        "C) Dynamic size and efficient insertions/deletions",
        "D) Contiguous memory allocation improves cache performance"
      ],
      "answer": "C",
      "explanation": "Linked Lists support dynamic sizing and O(1) insertions/deletions at the head, unlike arrays which may require resizing or shifting."
    },
    {
      "question": "What is the time complexity of merging two sorted Singly Linked Lists into one sorted list?",
      "options": [
        "A) O(1)",
        "B) O(n log n)",
        "C) O(n)",
        "D) O(n²)"
      ],
      "answer": "C",
      "explanation": "Merging two sorted linked lists takes O(n) time, where n is the total number of nodes, as each node is visited once."
    },
    {
      "question": "Which Linked List variation is most efficient for implementing a queue with O(1) enqueue and dequeue operations?",
      "options": [
        "A) Singly Linked List with only a head pointer",
        "B) Doubly Linked List with head and tail pointers",
        "C) Circular Linked List with a tail pointer",
        "D) Singly Linked List with head and tail pointers"
      ],
      "answer": "D",
      "explanation": "A Singly Linked List with head and tail pointers allows O(1) enqueue (at tail) and dequeue (at head) operations, ideal for a queue."
    },
    {
      "question": "What is the key difference between a static array and a dynamic array?",
      "options": [
        "A) Static arrays can only store integers, while dynamic arrays can store any data type.",
        "B) Static arrays have a fixed size, while dynamic arrays can resize during runtime.",
        "C) Dynamic arrays are stored in stack memory, while static arrays use heap memory.",
        "D) Static arrays support faster search operations than dynamic arrays."
      ],
      "answer": "B",
      "explanation": "Static arrays have a fixed size determined at compile time, whereas dynamic arrays can grow or shrink as needed during runtime."
    },
    {
      "question": "What is the time complexity of inserting an element at the end of a dynamic array (assuming no resizing is needed)?",
      "options": [
        "A) O(1)",
        "B) O(n)",
        "C) O(log n)",
        "D) O(n²)"
      ],
      "answer": "A",
      "explanation": "Appending to a dynamic array is O(1) when space is available, but resizing (if required) makes it O(n) amortized."
    },
    {
      "question": "Which operation is typically O(n) in both static and dynamic arrays?",
      "options": [
        "A) Accessing an element by index.",
        "B) Inserting an element at the beginning.",
        "C) Deleting the last element.",
        "D) Searching for an element by value."
      ],
      "answer": "B",
      "explanation": "Inserting at the beginning requires shifting all elements, making it O(n). Accessing by index is O(1), while searching is O(n) due to traversal."
    },
    {
      "question": "What happens when a dynamic array needs to grow beyond its current capacity?",
      "options": [
        "A) The program crashes with an 'out of memory' error.",
        "B) The array automatically switches to a linked list for better performance.",
        "C) A new larger array is allocated, and elements are copied over.",
        "D) The array stops accepting new elements."
      ],
      "answer": "C",
      "explanation": "Dynamic arrays resize by allocating a new, larger chunk of memory and copying existing elements to it."
    },
    {
      "question": "What is the worst-case time complexity of searching for an element in an unsorted array?",
      "options": [
        "A) O(1)",
        "B) O(log n)",
        "C) O(n)",
        "D) O(n log n)"
      ],
      "answer": "C",
      "explanation": "In the worst case, you may need to check every element in the array, resulting in O(n) time."
    },
    {
      "question": "Which of the following is an advantage of a static array over a dynamic array?",
      "options": [
        "A) No memory overhead for resizing operations.",
        "B) Ability to store heterogeneous data types.",
        "C) Automatic sorting of elements.",
        "D) Faster insertions at arbitrary positions."
      ],
      "answer": "A",
      "explanation": "Static arrays avoid the overhead of resizing but lack flexibility in size adjustment."
    },
    {
      "question": "In a dynamic array, what is the amortized time complexity of insertion at the end?",
      "options": [
        "A) O(1)",
        "B) O(n)",
        "C) O(log n)",
        "D) O(n²)"
      ],
      "answer": "A",
      "explanation": "Although resizing is O(n), it happens infrequently, making the average (amortized) cost O(1) per insertion."
    },
    {
      "question": "Which operation is generally faster in a static array compared to a dynamic array?",
      "options": [
        "A) Insertion at the end.",
        "B) Deletion from the middle.",
        "C) Accessing an element by index.",
        "D) Resizing the array."
      ],
      "answer": "C",
      "explanation": "Access by index is O(1) in both, but static arrays may have slight locality advantages due to fixed memory allocation."
    },
    {
      "question": "What is the time complexity of deleting an element from the middle of an array?",
      "options": [
        "A) O(1)",
        "B) O(n)",
        "C) O(log n)",
        "D) O(n log n)"
      ],
      "answer": "B",
      "explanation": "Deleting from the middle requires shifting all subsequent elements, resulting in O(n) time."
    },
    {
      "question": "Why might a dynamic array be preferred over a linked list for certain applications?",
      "options": [
        "A) Dynamic arrays provide faster worst-case insertion times.",
        "B) Dynamic arrays allow O(1) random access by index.",
        "C) Linked lists use less memory overall.",
        "D) Linked lists have better cache locality."
      ],
      "answer": "B",
      "explanation": "Dynamic arrays support O(1) access by index, while linked lists require O(n) traversal for random access."
    },
    {
      "question": "What is the maximum number of children a node can have in a binary tree?",
      "options": [
        "A) 1",
        "B) 2",
        "C) 3",
        "D) Unlimited"
      ],
      "answer": "B",
      "explanation": "A binary tree restricts each node to at most two children (left and right)."
    },
    {
      "question": "In a Binary Search Tree (BST), how are elements organized?",
      "options": [
        "A) Randomly",
        "B) Left child ≤ Parent ≤ Right child",
        "C) Parent always greater than children",
        "D) Only leaves store values"
      ],
      "answer": "B",
      "explanation": "BSTs maintain order where left child ≤ parent ≤ right child for efficient searching."
    },
    {
      "question": "What is the primary purpose of an AVL tree?",
      "options": [
        "A) To minimize memory usage",
        "B) To ensure the tree remains balanced",
        "C) To allow unlimited node children",
        "D) To eliminate traversal operations"
      ],
      "answer": "B",
      "explanation": "AVL trees self-balance to maintain O(log n) time complexity for operations."
    },
    {
      "question": "Which property must a max-heap satisfy?",
      "options": [
        "A) Every leaf must be at the same level",
        "B) Parent nodes are smaller than children",
        "C) Parent nodes are greater than children",
        "D) It must be a complete binary search tree"
      ],
      "answer": "C",
      "explanation": "In a max-heap, parents must be ≥ children (root is the maximum)."
    },
    {
      "question": "Which traversal visits nodes in the order: Left, Root, Right?",
      "options": [
        "A) Preorder",
        "B) Inorder",
        "C) Postorder",
        "D) Level-order"
      ],
      "answer": "B",
      "explanation": "Inorder traversal follows Left → Root → Right, yielding sorted order in BSTs."
    },
    {
      "question": "What is the time complexity of searching in a balanced BST?",
      "options": [
        "A) O(1)",
        "B) O(log n)",
        "C) O(n)",
        "D) O(n log n)"
      ],
      "answer": "B",
      "explanation": "Balanced BSTs halve search space at each step, leading to logarithmic time."
    },
    {
      "question": "Which tree structure uses rotations to maintain balance?",
      "options": [
        "A) Binary Heap",
        "B) Binary Search Tree",
        "C) AVL Tree",
        "D) Trie"
      ],
      "answer": "C",
      "explanation": "AVL trees perform rotations to restore balance after insertions/deletions."
    },
    {
      "question": "In a min-heap, where is the smallest element located?",
      "options": [
        "A) At any leaf node",
        "B) At the root",
        "C) In the middle of the tree",
        "D) Only in the left subtree"
      ],
      "answer": "B",
      "explanation": "Min-heaps ensure the root is the smallest element for O(1) access."
    },
    {
      "question": "Which traversal is used to create a copy of a tree?",
      "options": [
        "A) Inorder",
        "B) Preorder",
        "C) Postorder",
        "D) Level-order"
      ],
      "answer": "B",
      "explanation": "Preorder (Root → Left → Right) preserves hierarchy for easy reconstruction."
    },
    {
      "question": "What is the height of a perfect binary tree with n nodes?",
      "options": [
        "A) O(1)",
        "B) O(log n)",
        "C) O(n)",
        "D) O(n²)"
      ],
      "answer": "B",
      "explanation": "Perfect trees have height log(n+1)−1, or O(log n)."
    },
    {
      "question": "Which graph representation uses a V x V matrix where entries indicate edge weights or presence?",
      "options": [
        "A) Adjacency List",
        "B) Incidence Matrix",
        "C) Adjacency Matrix",
        "D) Edge List"
      ],
      "answer": "C",
      "explanation": "An adjacency matrix is a square matrix where rows and columns represent vertices, and entries denote edges or their weights."
    },
    {
      "question": "In BFS traversal, which data structure is typically used to manage the nodes to be explored next?",
      "options": [
        "A) Stack",
        "B) Priority Queue",
        "C) Queue",
        "D) Heap"
      ],
      "answer": "C",
      "explanation": "BFS uses a queue to explore nodes level by level, ensuring the shortest path in unweighted graphs."
    },
    {
      "question": "Which algorithm is used to find the shortest path in a graph with negative edge weights?",
      "options": [
        "A) Dijkstra's Algorithm",
        "B) Prim's Algorithm",
        "C) Bellman-Ford Algorithm",
        "D) Kruskal's Algorithm"
      ],
      "answer": "C",
      "explanation": "Bellman-Ford can handle negative weights (but not negative cycles), unlike Dijkstra's."
    },
    {
      "question": "What is the time complexity of Dijkstra's Algorithm using a binary heap?",
      "options": [
        "A) O(V^2)",
        "B) O(V + E)",
        "C) O((V + E) log V)",
        "D) O(V log V)"
      ],
      "answer": "C",
      "explanation": "With a binary heap, Dijkstra's runs in O((V + E) log V) due to priority queue operations."
    },
    {
      "question": "Which Minimum Spanning Tree (MST) algorithm works by greedily adding the smallest edge that connects two disjoint sets?",
      "options": [
        "A) Prim's Algorithm",
        "B) Kruskal's Algorithm",
        "C) Borůvka's Algorithm",
        "D) Floyd-Warshall Algorithm"
      ],
      "answer": "B",
      "explanation": "Kruskal's sorts edges and uses Union-Find to connect disjoint sets without cycles."
    },
    {
      "question": "Topological Sorting is applicable only to which type of graph?",
      "options": [
        "A) Undirected Graphs",
        "B) Directed Acyclic Graphs (DAGs)",
        "C) Weighted Graphs",
        "D) Complete Graphs"
      ],
      "answer": "B",
      "explanation": "Topological sort requires a directed acyclic graph (DAG) to linearly order vertices without violating dependencies."
    },
    {
      "question": "In DFS traversal, which data structure is typically used?",
      "options": [
        "A) Queue",
        "B) Stack",
        "C) Heap",
        "D) Priority Queue"
      ],
      "answer": "B",
      "explanation": "DFS uses a stack (implicitly via recursion or explicitly) to explore as far as possible before backtracking."
    },
    {
      "question": "What is the key invariant in Prim's MST algorithm?",
      "options": [
        "A) Always add the cheapest edge in the graph",
        "B) Maintain a tree that spans all vertices incrementally",
        "C) Sort edges in non-decreasing order first",
        "D) Relax all edges repeatedly"
      ],
      "answer": "B",
      "explanation": "Prim's grows the MST by always adding the minimum-weight edge connected to the current tree."
    },
    {
      "question": "Which algorithm detects negative weight cycles in a graph?",
      "options": [
        "A) Dijkstra's Algorithm",
        "B) Kruskal's Algorithm",
        "C) Bellman-Ford Algorithm",
        "D) Prim's Algorithm"
      ],
      "answer": "C",
      "explanation": "Bellman-Ford can detect negative cycles by checking for further improvements after V-1 iterations."
    },
    {
      "question": "What is the space complexity of an adjacency list for a graph with V vertices and E edges?",
      "options": [
        "A) O(V^2)",
        "B) O(V + E)",
        "C) O(E log V)",
        "D) O(V)"
      ],
      "answer": "B",
      "explanation": "An adjacency list stores each vertex and its edges, totaling O(V + E) space."
    },
    {
      "question": "What is the time complexity of inserting an element at the beginning of a singly linked list?",
      "options": [
        "A) O(1)",
        "B) O(n)",
        "C) O(log n)",
        "D) O(n²)"
      ],
      "answer": "A",
      "explanation": "Inserting at the beginning of a singly linked list is O(1) because it only requires updating the head pointer."
    },
    {
      "question": "Which data structure uses the FIFO (First-In-First-Out) principle?",
      "options": [
        "A) Stack",
        "B) Queue",
        "C) Priority Queue",
        "D) Tree"
      ],
      "answer": "B",
      "explanation": "A Queue follows the FIFO principle, where the first element added is the first one removed."
    },
    {
      "question": "Which of the following is NOT a linear data structure?",
      "options": [
        "A) Array",
        "B) Linked List",
        "C) Stack",
        "D) Binary Tree"
      ],
      "answer": "D",
      "explanation": "A Binary Tree is a non-linear data structure because elements are arranged hierarchically."
    },
    {
      "question": "In a max-heap, where is the largest element located?",
      "options": [
        "A) At the leftmost leaf node",
        "B) At the rightmost leaf node",
        "C) At the root",
        "D) At any random position"
      ],
      "answer": "C",
      "explanation": "In a max-heap, the largest element is always at the root."
    },
    {
      "question": "Which traversal visits the root node first in a binary tree?",
      "options": [
        "A) Inorder",
        "B) Postorder",
        "C) Preorder",
        "D) Level-order"
      ],
      "answer": "C",
      "explanation": "Preorder traversal visits the root node before its children."
    },
    {
      "question": "What is the primary advantage of a hash table?",
      "options": [
        "A) Guaranteed sorted order",
        "B) O(1) average-case time complexity for insertions and lookups",
        "C) Fixed size",
        "D) Slow search times"
      ],
      "answer": "B",
      "explanation": "Hash tables provide O(1) average-case time complexity for insertions and lookups."
    },
    {
      "question": "Which data structure is best suited for implementing an undo feature?",
      "options": [
        "A) Queue",
        "B) Stack",
        "C) Linked List",
        "D) Tree"
      ],
      "answer": "B",
      "explanation": "A Stack is ideal for an undo feature because it follows LIFO (Last-In-First-Out)."
    },
    {
      "question": "What is the height of a complete binary tree with n nodes?",
      "options": [
        "A) O(n)",
        "B) O(log n)",
        "C) O(n log n)",
        "D) O(1)"
      ],
      "answer": "B",
      "explanation": "The height of a complete binary tree is O(log n) because it is balanced."
    },
    {
      "question": "Which algorithm is used to find the shortest path in an unweighted graph?",
      "options": [
        "A) Dijkstra's Algorithm",
        "B) Bellman-Ford Algorithm",
        "C) Breadth-First Search (BFS)",
        "D) Depth-First Search (DFS)"
      ],
      "answer": "C",
      "explanation": "BFS is used to find the shortest path in an unweighted graph."
    },
    {
      "question": "What is the main disadvantage of an adjacency matrix for representing a graph?",
      "options": [
        "A) Difficult to implement",
        "B) High space complexity for sparse graphs",
        "C) Slow traversal",
        "D) Cannot represent directed graphs"
      ],
      "answer": "B",
      "explanation": "An adjacency matrix consumes O(n²) space, which is inefficient for sparse graphs."
    },
    {
      "question": "Which sorting algorithm has the best average-case time complexity?",
      "options": [
        "A) Bubble Sort",
        "B) Insertion Sort",
        "C) Merge Sort",
        "D) Selection Sort"
      ],
      "answer": "C",
      "explanation": "Merge Sort has an average-case time complexity of O(n log n), which is optimal for comparison-based sorting."
    },
    {
      "question": "What is the purpose of a sentinel node in a linked list?",
      "options": [
        "A) To store the largest value",
        "B) To simplify boundary conditions in operations",
        "C) To act as a temporary placeholder",
        "D) To slow down traversals"
      ],
      "answer": "B",
      "explanation": "A sentinel node simplifies boundary conditions by ensuring the list is never empty."
    },
    {
      "question": "Which data structure is typically used for implementing a priority queue?",
      "options": [
        "A) Stack",
        "B) Queue",
        "C) Heap",
        "D) Linked List"
      ],
      "answer": "C",
      "explanation": "A Heap is commonly used to implement a priority queue due to its efficient insertions and deletions."
    },
    {
      "question": "What is the time complexity of searching in a balanced binary search tree (BST)?",
      "options": [
        "A) O(1)",
        "B) O(n)",
        "C) O(log n)",
        "D) O(n log n)"
      ],
      "answer": "C",
      "explanation": "Searching in a balanced BST takes O(log n) time due to the tree's height being logarithmic."
    },
    {
      "question": "Which of the following is a dynamic data structure?",
      "options": [
        "A) Array",
        "B) Linked List",
        "C) Static Array",
        "D) Tuple"
      ],
      "answer": "B",
      "explanation": "A Linked List is dynamic because its size can grow or shrink at runtime."
    },
    {
      "question": "Which graph algorithm uses a greedy approach?",
      "options": [
        "A) Depth-First Search (DFS)",
        "B) Breadth-First Search (BFS)",
        "C) Dijkstra's Algorithm",
        "D) Floyd-Warshall Algorithm"
      ],
      "answer": "C",
      "explanation": "Dijkstra's Algorithm uses a greedy approach to find the shortest path."
    },
    {
      "question": "What is the main advantage of a doubly linked list over a singly linked list?",
      "options": [
        "A) Lower memory usage",
        "B) Faster insertion at the end",
        "C) Ability to traverse in both directions",
        "D) Fixed size"
      ],
      "answer": "C",
      "explanation": "A doubly linked list allows traversal in both directions (forward and backward)."
    },
    {
      "question": "If a hash table's load factor exceeds 0.7, what problem is MOST likely to occur?",
      "options": [
        "A) Faster lookups due to cache optimization",
        "B) Increased collisions degrading performance",
        "C) Automatic sorting of keys",
        "D) Memory deallocation"
      ],
      "answer": "B",
      "explanation": "A high load factor increases collision frequency, leading to O(n) lookup time in worst-case scenarios (e.g., chaining)."
    },
    {
      "question": "What paradoxical behavior can occur in a Fibonacci Heap's 'decrease-key' operation?",
      "options": [
        "A) Nodes gain priority without updates",
        "B) Trees may become unbalanced permanently",
        "C) A node can become its own grandparent",
        "D) All keys reset to zero"
      ],
      "answer": "C",
      "explanation": "During cascading cuts, a node can be promoted to the root list and later become a grandparent of itself."
    },
    {
      "question": "How does a Bloom filter achieve space efficiency for set membership tests?",
      "options": [
        "A) By storing cryptographic hashes",
        "B) Using probabilistic bits with possible false positives",
        "C) Compressing elements losslessly",
        "D) Sorting elements in-place"
      ],
      "answer": "B",
      "explanation": "Bloom filters use multiple hash functions to set bits in a bit array, allowing false positives but no false negatives."
    },
    {
      "question": "What makes a Skip List probabilistically balanced despite lacking explicit balancing rules?",
      "options": [
        "A) Random coin flips determine node heights",
        "B) It uses AVL tree rotations",
        "C) Nodes are sorted by hash values",
        "D) Automatic rehashing when full"
      ],
      "answer": "A",
      "explanation": "Skip lists use randomized level assignment for nodes, statistically mimicking tree balancing."
    },
    {
      "question": "Why might a graph represented with an adjacency matrix consume less memory than an adjacency list for certain graphs?",
      "options": [
        "A) When the graph is dense (nearly complete)",
        "B) When the graph is a binary tree",
        "C) When using strings as node labels",
        "D) Never—adjacency lists are always smaller"
      ],
      "answer": "A",
      "explanation": "For dense graphs, the matrix's O(V²) space can be comparable to or better than an adjacency list's O(V+E)."
    },
    {
      "question": "In a concurrent environment, why is a lock-free queue built with CAS (Compare-And-Swap) operations?",
      "options": [
        "A) To guarantee FIFO ordering",
        "B) To avoid deadlocks without mutexes",
        "C) To enable automatic sorting",
        "D) To prioritize certain threads"
      ],
      "answer": "B",
      "explanation": "CAS-based atomic operations allow thread-safe modifications without traditional locking."
    },
    {
      "question": "What is the counterintuitive space complexity of a Morris Traversal for tree inorder traversal?",
      "options": [
        "A) O(n log n)",
        "B) O(1)",
        "C) O(log n)",
        "D) O(n²)"
      ],
      "answer": "B",
      "explanation": "Morris Traversal modifies the tree temporarily to track traversal progress, using no additional stack/heap space."
    },
    {
      "question": "Why does the Cuckoo Hashing scheme guarantee O(1) worst-case lookup time?",
      "options": [
        "A) By allowing infinite rehashing",
        "B) By using two hash tables and evicting conflicting keys",
        "C) By storing keys in sorted order",
        "D) By disabling collision handling"
      ],
      "answer": "B",
      "explanation": "Each key has two possible slots; if both are occupied, the existing key is moved to its alternate location."
    },
    {
      "question": "What is the surprising role of a 'dummy node' in simplifying linked list algorithms?",
      "options": [
        "A) It stores the list's length",
        "B) It eliminates edge cases for empty lists or head/tail operations",
        "C) It acts as a cryptographic salt",
        "D) It enables random access"
      ],
      "answer": "B",
      "explanation": "A dummy node ensures the head/tail pointers are never null, simplifying insertion/deletion logic."
    },
    {
      "question": "How does the Union-Find data structure achieve 'almost constant' time per operation?",
      "options": [
        "A) Path compression and union by rank",
        "B) Using a balanced BST internally",
        "C) Preallocating all possible elements",
        "D) Hashing element names"
      ],
      "answer": "A",
      "explanation": "Path compression flattens the structure during finds, while union by rank keeps trees shallow."
    },
    {
      "question": "What is the implicit data structure formed by Python's `sys.getrecursionlimit()`?",
      "options": [
        "A) A stack tracking function calls",
        "B) A heap managing memory",
        "C) A queue for thread scheduling",
        "D) A graph of module dependencies"
      ],
      "answer": "A",
      "explanation": "Recursion limits prevent stack overflow by capping the call stack depth."
    },
    {
      "question": "Why might a Trie use more memory than a hash table for the same set of strings?",
      "options": [
        "A) Tries store all characters separately, including common prefixes",
        "B) Hash tables compress strings losslessly",
        "C) Tries require sorting keys",
        "D) Hash tables ignore string lengths"
      ],
      "answer": "A",
      "explanation": "Tries duplicate shared prefixes (e.g., 'un-' in 'undo' and 'untie'), while hash tables store full keys."
    },
    {
      "question": "What unusual optimization does a 'van Emde Boas tree' exploit for integer keys?",
      "options": [
        "A) Recursive clustering by bit ranges",
        "B) Storing keys as Roman numerals",
        "C) Using Fibonacci sequences for hashing",
        "D) Dynamic resizing based on prime numbers"
      ],
      "answer": "A",
      "explanation": "It splits keys into high/low bits, creating a hierarchy of smaller sub-trees for O(log log U) operations."
    },
    {
      "question": "How does a rope data structure enable efficient text editing operations?",
      "options": [
        "A) By concatenating strings with binary tree nodes",
        "B) Using lossy compression for whitespace",
        "C) Storing text as a linked list of lines",
        "D) Automatically translating Unicode"
      ],
      "answer": "A",
      "explanation": "Ropes split text into tree nodes, allowing O(log n) insertions/deletions without full reallocation."
    },
    {
      "question": "What is the purpose of a 'circular buffer' in real-time systems?",
      "options": [
        "A) To enforce thread synchronization",
        "B) To overwrite old data seamlessly when full",
        "C) To encrypt data in-place",
        "D) To sort elements chronologically"
      ],
      "answer": "B",
      "explanation": "Circular buffers reuse storage by overwriting the oldest entries, ideal for streaming data."
    },
    {
      "question": "Why does a persistent data structure often use path copying?",
      "options": [
        "A) To create immutable versions without rebuilding entire structures",
        "B) To enable multi-threaded locking",
        "C) To compress historical versions",
        "D) To generate cryptographic hashes"
      ],
      "answer": "A",
      "explanation": "Only modified paths are copied, sharing unchanged parts between versions for efficiency."
    },
    {
      "question": "What is the key insight behind a count-min sketch for frequency estimation?",
      "options": [
        "A) Overcounting across multiple hash functions gives probabilistic bounds",
        "B) Exact counts are stored in a compressed matrix",
        "C) It uses machine learning to predict frequencies",
        "D) Elements are sorted by frequency"
      ],
      "answer": "A",
      "explanation": "Multiple hash functions increment counters, with the minimum count providing an upper bound estimate."
    },
    {
      "question": "How does a Judy array achieve cache efficiency for sparse data?",
      "options": [
        "A) By using adaptive radix trees with compressed pointers",
        "B) Storing data in a Bloom filter",
        "C) Employing recursive B-trees",
        "D) Allocating memory in fixed-size blocks"
      ],
      "answer": "A",
      "explanation": "Judy arrays optimize memory usage and locality by dynamically choosing node types based on sparsity."
    }
  ]
}