{
  "Discrete_Mathematics": [
    {
      "question": "Which of the following is a tautology?",
      "options": [
        "A) p and not p",
        "B) p or not p",
        "C) p implies q",
        "D) p if and only if not q"
      ],
      "answer": "B",
      "explanation": "A tautology is a statement that is always true. p or not p (p or not p) is always true because either p is true or its negation is true."
    },
    {
      "question": "What is the truth value of p and q when p is false and q is true?",
      "options": [
        "A) True",
        "B) False",
        "C) Depends on context",
        "D) Undefined"
      ],
      "answer": "B",
      "explanation": "The conjunction p and q is true only if both p and q are true. Since p is false, p and q is false."
    },
    {
      "question": "Which logical connective represents 'if and only if'?",
      "options": [
        "A) implies",
        "B) and",
        "C) if and only if",
        "D) or"
      ],
      "answer": "C",
      "explanation": "The biconditional connective if and only if represents 'if and only if', meaning p if and only if q is true when p and q have the same truth value."
    },
    {
      "question": "Which of the following is logically equivalent to not(p or q)?",
      "options": [
        "A) not p and not q",
        "B) not p or not q",
        "C) p and q",
        "D) p or q"
      ],
      "answer": "A",
      "explanation": "By De Morgan's Law, not(p or q) is equivalent to not p and not q."
    },
    {
      "question": "Which rule of inference is used in the argument: 'If it rains, the ground is wet. It rains. Therefore, the ground is wet.'?",
      "options": [
        "A) Modus Ponens",
        "B) Modus Tollens",
        "C) Disjunctive Syllogism",
        "D) Hypothetical Syllogism"
      ],
      "answer": "A",
      "explanation": "Modus Ponens follows the form: If p implies q and p, then q."
    },
    {
      "question": "What does the quantifier for all represent?",
      "options": [
        "A) there exists",
        "B) for all",
        "C) Some",
        "D) None"
      ],
      "answer": "B",
      "explanation": "The universal quantifier for all means 'for all' and indicates that a statement holds for every element in a domain."
    },
    {
      "question": "Translate the statement 'All dogs are mammals' into predicate logic, where D(x) means x is a dog and M(x) means x is a mammal.",
      "options": [
        "A) there exists x (D(x) implies M(x))",
        "B) for all x (D(x) implies M(x))",
        "C) for all x (D(x) and M(x))",
        "D) there exists x (D(x) and M(x))"
      ],
      "answer": "B",
      "explanation": "'All dogs are mammals' means for every x, if x is a dog, then x is a mammal, expressed as for all x (D(x) implies M(x))."
    },
    {
      "question": "What is the power set of the set {1, 2}?",
      "options": [
        "A) {{empty set}, {1}, {2}}",
        "B) {{empty set}, {1}, {2}, {1, 2}}",
        "C) {{1}, {2}, {1, 2}}",
        "D) {{1, 2}}"
      ],
      "answer": "B",
      "explanation": "The power set of a set includes all possible subsets, including the empty set and the set itself. For {1, 2}, it is {{empty set}, {1}, {2}, {1, 2}}."
    },
    {
      "question": "What is the result of the set operation A union B if A = {1, 3, 5} and B = {2, 4, 6}?",
      "options": [
        "A) {1, 2, 3, 4, 5, 6}",
        "B) {1, 3, 5}",
        "C) {2, 4, 6}",
        "D) {empty set}"
      ],
      "answer": "A",
      "explanation": "The union A union B includes all elements in A or B, so {1, 3, 5} union {2, 4, 6} = {1, 2, 3, 4, 5, 6}."
    },
    {
      "question": "What is the Cartesian product of {a, b} and {1, 2}?",
      "options": [
        "A) {(a, 1), (a, 2), (b, 1), (b, 2)}",
        "B) {(a, b), (1, 2)}",
        "C) {(a, 1), (b, 2)}",
        "D) {(1, a), (2, b)}"
      ],
      "answer": "A",
      "explanation": "The Cartesian product A Cartesian product B consists of all ordered pairs (x, y) where x is in A and y is in B. For {a, b} Cartesian product {1, 2}, it is {(a, 1), (a, 2), (b, 1), (b, 2)}."
    },
    {
      "question": "A function f is injective if:",
      "options": [
        "A) Every element in the codomain is mapped to",
        "B) No two distinct elements in the domain map to the same element in the codomain",
        "C) The function has an inverse",
        "D) The domain equals the codomain"
      ],
      "answer": "B",
      "explanation": "A function is injective (one-to-one) if distinct elements in the domain map to distinct elements in the codomain."
    },
    {
      "question": "Which of the following relations is reflexive on the set {1, 2, 3}?",
      "options": [
        "A) {(1, 2), (2, 3)}",
        "B) {(1, 1), (2, 2), (3, 3), (1, 2)}",
        "C) {(1, 2), (2, 1)}",
        "D) {(1, 1), (2, 3)}"
      ],
      "answer": "B",
      "explanation": "A relation is reflexive if (x, x) is in the relation for every x in the set. Option B includes (1, 1), (2, 2), and (3, 3)."
    },
    {
      "question": "What is the greatest common divisor (GCD) of 48 and 18?",
      "options": [
        "A) 6",
        "B) 12",
        "C) 18",
        "D) 24"
      ],
      "answer": "A",
      "explanation": "Using the Euclidean algorithm: 48 = 2 × 18 + 12, 18 = 1 × 12 + 6, 12 = 2 × 6 + 0. The GCD is 6."
    },
    {
      "question": "What is 17 modulo 5?",
      "options": [
        "A) 1",
        "B) 2",
        "C) 3",
        "D) 4"
      ],
      "answer": "B",
      "explanation": "To find 17 modulo 5, divide 17 by 5: 17 = 3 × 5 + 2. The remainder is 2, so 17 modulo 5 = 2."
    },
    {
      "question": "Which of the following is a correct application of the principle of mathematical induction?",
      "options": [
        "A) Prove the base case and assume the statement is true for n = k + 1",
        "B) Prove the base case and show that if the statement is true for n = k, it is true for n = k + 1",
        "C) Prove the statement for n = k and assume it for n = k + 1",
        "D) Show the statement is true for n = k + 1 directly"
      ],
      "answer": "B",
      "explanation": "Mathematical induction involves proving a base case and showing that if the statement holds for n = k, it holds for n = k + 1."
    },
    {
      "question": "How many permutations are there of the letters in the word 'CAT'?",
      "options": [
        "A) 3",
        "B) 6",
        "C) 9",
        "D) 12"
      ],
      "answer": "B",
      "explanation": "The number of permutations of 'CAT' (3 distinct letters) is 3 factorial = 6."
    },
    {
      "question": "What does the pigeonhole principle state?",
      "options": [
        "A) If n items are placed into m containers and n > m, at least one container has more than one item",
        "B) If n items are placed into n containers, each container has exactly one item",
        "C) If n items are placed into m containers and n < m, some containers are empty",
        "D) If n items are placed into m containers, the items are evenly distributed"
      ],
      "answer": "A",
      "explanation": "The pigeonhole principle states that if more items are placed into fewer containers, at least one container must have more than one item."
    },
    {
      "question": "What is the degree of a vertex in a graph?",
      "options": [
        "A) The number of vertices in the graph",
        "B) The number of edges incident to the vertex",
        "C) The number of paths starting at the vertex",
        "D) The number of cycles containing the vertex"
      ],
      "answer": "B",
      "explanation": "The degree of a vertex is the number of edges incident to it."
    },
    {
      "question": "Which of the following graphs is bipartite?",
      "options": [
        "A) A cycle graph with 3 vertices",
        "B) A complete graph with 4 vertices",
        "C) A cycle graph with 4 vertices",
        "D) A complete graph with 3 vertices"
      ],
      "answer": "C",
      "explanation": "A bipartite graph can have its vertices partitioned into two sets such that edges only connect vertices between the sets. A cycle graph with an even number of vertices (like 4) is bipartite."
    },
    {
      "question": "What is the time complexity of a linear search algorithm in Big-O notation?",
      "options": [
        "A) O(1)",
        "B) O(log n)",
        "C) O(n)",
        "D) O(n²)"
      ],
      "answer": "C",
      "explanation": "Linear search checks each element in a list, so its time complexity is O(n) in the worst case."
    },
    {
      "question": "Which Boolean expression is equivalent to A and (B or C)?",
      "options": [
        "A) (A and B) or (A and C)",
        "B) (A or B) and (A or C)",
        "C) A or (B and C)",
        "D) (A and B) and (A and C)"
      ],
      "answer": "A",
      "explanation": "By the distributive law in Boolean algebra, A and (B or C) = (A and B) or (A and C)."
    },
    {
      "question": "What is the negation of the statement 'Some cats are black'?",
      "options": [
        "A) Some cats are not black",
        "B) All cats are black",
        "C) No cats are black",
        "D) All cats are not black"
      ],
      "answer": "A",
      "explanation": "The negation of 'Some cats are black' (there exists x C(x) and B(x)) is 'Some cats are not black' (there exists x C(x) and not B(x))."
    },
    {
      "question": "If A = {1, 2, 3} and B = {2, 3, 4}, what is A intersection B?",
      "options": [
        "A) {1, 2, 3, 4}",
        "B) {2, 3}",
        "C) {1, 4}",
        "D) {empty set}"
      ],
      "answer": "B",
      "explanation": "The intersection A intersection B contains elements common to both sets, so {1, 2, 3} intersection {2, 3, 4} = {2, 3}."
    },
    {
      "question": "A function f: A → B is surjective if:",
      "options": [
        "A) Every element in A maps to a unique element in B",
        "B) Every element in B is mapped to by at least one element in A",
        "C) The function is one-to-one",
        "D) The domain equals the codomain"
      ],
      "answer": "B",
      "explanation": "A function is surjective (onto) if every element in the codomain B is the image of at least one element in the domain A."
    },
    {
      "question": "Which of the following is an equivalence relation?",
      "options": [
        "A) The relation 'is less than' on real numbers",
        "B) The relation 'is equal to' on integers",
        "C) The relation 'is greater than' on integers",
        "D) The function is one-to-one"
      ],
      "answer": "B",
      "explanation": "An equivalence relation must be reflexive, symmetric, and transitive. The relation 'is equal to' satisfies all three properties."
    },
    {
      "question": "What is the least common multiple (LCM) of 12 and 18?",
      "options": [
        "A) 6",
        "B) 36",
        "C) 72",
        "D) 108"
      ],
      "answer": "B",
      "explanation": "LCM is found using the formula LCM(a, b) = (a × b) / GCD(a, b). GCD(12, 18) = 6, so LCM = (12 × 18) / 6 = 36."
    },
    {
      "question": "Which of the following is a valid conclusion from the premises: p implies q, not q?",
      "options": [
        "A) p",
        "B) not p",
        "C) q",
        "D) not q"
      ],
      "answer": "B",
      "explanation": "Using Modus Tollens: p implies q and not q imply not p."
    },
    {
      "question": "How many subsets does a set with 4 elements have?",
      "options": [
        "A) 4",
        "B) 8",
        "C) 16",
        "D) 32"
      ],
      "answer": "C",
      "explanation": "A set with n elements has 2^n subsets. For n = 4, 2^4 = 16."
    },
    {
      "question": "What is the complement of the set A = {1, 3, 5} in the universal set U = {1, 2, 3, 4, 5, 6}?",
      "options": [
        "A) {2, 4, 6}",
        "B) {1, 3, 5}",
        "C) {1, 2, 3, 4, 5, 6}",
        "D) {empty set}"
      ],
      "answer": "A",
      "explanation": "The complement of A in U contains all elements in U that are not in A, so {2, 4, 6}."
    },
    {
      "question": "Which graph traversal algorithm explores as far as possible along each branch before backtracking?",
      "options": [
        "A) Breadth-First Search (BFS)",
        "B) Depth-First Search (DFS)",
        "C) Dijkstra’s Algorithm",
        "D) Prim’s Algorithm"
      ],
      "answer": "B",
      "explanation": "Depth-First Search (DFS) explores as far as possible along each branch before backtracking."
    },
    {
      "question": "What is the value of the combination C(5, 2)?",
      "options": [
        "A) 5",
        "B) 10",
        "C) 15",
        "D) 20"
      ],
      "answer": "B",
      "explanation": "C(n, k) = n factorial / (k factorial (n-k) factorial). For C(5, 2) = 5 factorial / (2 factorial 3 factorial) = (5 × 4) / (2 × 1) = 10."
    },
    {
      "question": "Which of the following is a tree?",
      "options": [
        "A) A graph with a cycle",
        "B) A connected graph with no cycles",
        "C) A disconnected graph",
        "D) A complete graph with 4 vertices"
      ],
      "answer": "B",
      "explanation": "A tree is a connected graph with no cycles."
    },
    {
      "question": "What is the inverse of the function f(x) = 2x + 3?",
      "options": [
        "A) f inverse(x) = (x - 3) / 2",
        "B) f inverse(x) = 2x - 3",
        "C) f inverse(x) = (x + 3) / 2",
        "D) f inverse(x) = x / 2 - 3"
      ],
      "answer": "A",
      "explanation": "To find the inverse, solve y = 2x + 3 for x: x = (y - 3) / 2. Thus, f inverse(x) = (x - 3) / 2."
    },
    {
      "question": "Which of the following is a prime number?",
      "options": [
        "A) 1",
        "B) 4",
        "C) 7",
        "D) 9"
      ],
      "answer": "C",
      "explanation": "A prime number is a natural number greater than 1 that has no positive divisors other than 1 and itself. 7 is prime."
    },
    {
      "question": "What is the result of the Boolean expression A or (not A and B)?",
      "options": [
        "A) A or B",
        "B) A and B",
        "C) A",
        "D) B"
      ],
      "answer": "A",
      "explanation": "Using Boolean algebra: A or (not A and B) = (A or not A) and (A or B) = 1 and (A or B) = A or B."
    },
    {
      "question": "How many edges does a complete graph with 5 vertices have?",
      "options": [
        "A) 5",
        "B) 10",
        "C) 15",
        "D) 20"
      ],
      "answer": "B",
      "explanation": "A complete graph with n vertices has n(n-1)/2 edges. For n = 5, 5(5-1)/2 = 10."
    },
    {
      "question": "What is the negation of for all x P(x)?",
      "options": [
        "A) there exists x not P(x)",
        "B) for all x not P(x)",
        "C) there exists x P(x)",
        "D) not for all x P(x)"
      ],
      "answer": "A",
      "explanation": "The negation of for all x P(x) is there exists x not P(x), meaning there exists an x for which P(x) is false."
    },
    {
      "question": "Which of the following is a contingency?",
      "options": [
        "A) p or not p",
        "B) p and not p",
        "C) p implies p",
        "D) p if and only if p"
      ],
      "answer": "C",
      "explanation": "A contingency is a statement that can be true or false depending on the truth values of its variables. p implies q is a contingency."
    },
    {
      "question": "What is the range of the function f(x) = x² defined on the real numbers?",
      "options": [
        "A) All real numbers",
        "B) Non-negative real numbers",
        "C) Positive real numbers",
        "D) Negative real numbers"
      ],
      "answer": "B",
      "explanation": "The range of f(x) = x² is all non-negative real numbers, as x² ≥ 0 for all real x."
    },
    {
      "question": "Which of the following is a transitive relation?",
      "options": [
        "A) {(1, 2), (2, 1)}",
        "B) {(1, 1), (1, 2), (2, 2), (2, 1)}",
        "C) {(1, 2), (2, 3), (1, 3)}",
        "D) {(1, 1), (2, 2)}"
      ],
      "answer": "C",
      "explanation": "A relation is transitive if (a, b) and (b, c) imply (a, c). In option C, (1, 2) and (2, 3) imply (1, 3), which is present."
    },
    {
      "question": "What is the solution to the congruence 3x is congruent to 6 (modulo 9)?",
      "options": [
        "A) x is congruent to 1 (modulo 9)",
        "B) x is congruent to 2 (modulo 9)",
        "C) x is congruent to 3 (modulo 9)",
        "D) No solution"
      ],
      "answer": "B",
      "explanation": "Solve 3x is congruent to 6 (modulo 9). Divide both sides by 3 (since GCD(3, 9) = 3 divides 6): x is congruent to 2 (modulo 3). Since 9/3 = 3, solutions are x is congruent to 2, 5, 8 (modulo 9). The simplest is x is congruent to 2 (modulo 9)."
    },
    {
      "question": "What is the base case in a proof by mathematical induction?",
      "options": [
        "A) The step where n = k is assumed",
        "B) The step where n = k + 1 is proved",
        "C) The initial case, typically n = 0 or n = 1",
        "D) The case where the statement is true for all n"
      ],
      "answer": "C",
      "explanation": "The base case is the initial case (often n = 0 or n = 1) that is directly proved to establish the foundation for induction."
    },
    {
      "question": "How many ways can 3 distinct books be arranged on a shelf?",
      "options": [
        "A) 3",
        "B) 6",
        "C) 9",
        "D) 12"
      ],
      "answer": "B",
      "explanation": "The number of ways to arrange 3 distinct books is 3 factorial = 6."
    },
    {
      "question": "Which of the following graphs has an Euler circuit?",
      "options": [
        "A) A graph with all vertices of odd degree",
        "B) A connected graph with all vertices of even degree",
        "C) A disconnected graph",
        "D) A graph with one vertex of degree 1"
      ],
      "answer": "B",
      "explanation": "A graph has an Euler circuit if it is connected and all vertices have even degree."
    },
    {
      "question": "What is the time complexity of bubble sort in Big-O notation?",
      "options": [
        "A) O(n)",
        "B) O(n log n)",
        "C) O(n²)",
        "D) O(log n)"
      ],
      "answer": "C",
      "explanation": "Bubble sort has a worst-case time complexity of O(n²) due to nested loops comparing and swapping elements."
    },
    {
      "question": "Which Boolean law states that A and A = A?",
      "options": [
        "A) Distributive Law",
        "B) Idempotent Law",
        "C) Associative Law",
        "D) Commutative Law"
      ],
      "answer": "B",
      "explanation": "The Idempotent Law in Boolean algebra states that A and A = A and A or A = A."
    },
    {
      "question": "What is the number of vertices in a binary tree with height 3, assuming it is a full binary tree?",
      "options": [
        "A) 7",
        "B) 15",
        "C) 31",
        "D) 63"
      ],
      "answer": "A",
      "explanation": "A full binary tree of height h has 2^(h+1) - 1 vertices. For h = 3, 2^(3+1) - 1 = 2^4 - 1 = 15 - 1 = 7."
    },
    {
      "question": "What is the negation of there exists x (P(x) and Q(x))?",
      "options": [
        "A) for all x (not P(x) or not Q(x))",
        "B) there exists x (not P(x) and not Q(x))",
        "C) for all x (P(x) and Q(x))",
        "D) there exists x (P(x) or Q(x))"
      ],
      "answer": "A",
      "explanation": "By De Morgan’s laws and quantifier negation, not there exists x (P(x) and Q(x)) = for all x not (P(x) and Q(x)) = for all x (not P(x) or not Q(x))."
    },
    {
      "question": "If A = {a, b, c}, how many elements are in the power set of A?",
      "options": [
        "A) 3",
        "B) 4",
        "C) 8",
        "D) 16"
      ],
      "answer": "C",
      "explanation": "The power set of a set with n elements has 2^n elements. For |A| = 3, 2^3 = 8."
    },
    {
      "question": "Which of the following functions is bijective from real numbers to real numbers?",
      "options": [
        "A) f(x) = x²",
        "B) f(x) = x³",
        "C) f(x) = sin(x)",
        "D) f(x) = |x|"
      ],
      "answer": "B",
      "explanation": "A function is bijective if it is both injective and surjective. f(x) = x³ is one-to-one (injective) and onto (surjective) on real numbers."
    },
    {
      "question": "What is the result of the set difference A - B if A = {1, 2, 3, 4} and B = {2, 4, 6}?",
      "options": [
        "A) {1, 3}",
        "B) {2, 4}",
        "C) {1, 3, 6}",
        "D) {6}"
      ],
      "answer": "A",
      "explanation": "The set difference A - B contains elements in A but not in B, so {1, 2, 3, 4} - {2, 4, 6} = {1, 3}."
    },
    {
      "question": "Which of the following is a valid conclusion from the premises: p or q, not p?",
      "options": [
        "A) p",
        "B) q",
        "C) not q",
        "D) p and q"
      ],
      "answer": "B",
      "explanation": "From p or q and not p, we can conclude q using disjunctive syllogism."
    },
    {
      "question": "How many distinct Hamiltonian cycles are there in a complete graph with 4 vertices?",
      "options": [
        "A) 2",
        "B) 3",
        "C) 6",
        "D) 12"
      ],
      "answer": "C",
      "explanation": "In a complete graph with n vertices, the number of distinct Hamiltonian cycles is (n-1) factorial / 2. For n = 4, (4-1) factorial / 2 = 3 factorial / 2 = 6 / 2 = 3."
    },
    {
      "question": "What is the value of P(6, 3)?",
      "options": [
        "A) 18",
        "B) 120",
        "C) 216",
        "D) 720"
      ],
      "answer": "B",
      "explanation": "P(n, k) = n factorial / (n-k) factorial = 6 factorial / (6-3) factorial = 6 × 5 × 4 = 120."
    },
    {
      "question": "Which of the following is a spanning tree of a graph?",
      "options": [
        "A) A subgraph with cycles",
        "B) A connected subgraph with no cycles that includes all vertices",
        "C) A disconnected subgraph",
        "D) A subgraph with fewer vertices than the original graph"
      ],
      "answer": "B",
      "explanation": "A spanning tree is a connected subgraph with no cycles that includes all vertices of the original graph."
    },
    {
      "question": "What is the simplified form of the Boolean expression (A and B) or (A and not B)?",
      "options": [
        "A) A",
        "B) B",
        "C) A or B",
        "D) A and B"
      ],
      "answer": "A",
      "explanation": "(A and B) or (A and not B) = A and (B or not B) = A and 1 = A."
    },
    {
      "question": "What is the GCD of 0 and 5?",
      "options": [
        "A) 0",
        "B) 5",
        "C) 1",
        "D) Undefined"
      ],
      "answer": "B",
      "explanation": "By definition, GCD(0, a) = |a| for any non-zero a. Thus, GCD(0, 5) = 5."
    },
    {
      "question": "Which of the following graphs is connected?",
      "options": [
        "A) A graph with two components",
        "B) A graph where every pair of vertices has a path between them",
        "C) A graph with no edges",
        "D) A graph with no vertices"
      ],
      "answer": "B",
      "explanation": "A graph is connected if there is a path between every pair of vertices."
    },
    {
      "question": "What is the truth value of p implies q when p is false?",
      "options": [
        "A) True",
        "B) False",
        "C) Depends on q",
        "D) Undefined"
      ],
      "answer": "A",
      "explanation": "An implication p implies q is true when p is false, regardless of q’s truth value."
    },
    {
      "question": "How many elements are in the set A Cartesian product B if |A| = 2 and |B| = 3?",
      "options": [
        "A) 2",
        "B) 3",
        "C) 5",
        "D) 6"
      ],
      "answer": "D",
      "explanation": "The Cartesian product A Cartesian product B has |A| × |B| elements. For |A| = 2 and |B| = 3, 2 × 3 = 6."
    },
    {
      "question": "Which of the following is a contradiction?",
      "options": [
        "A) p or not p",
        "B) p and not p",
        "C) p implies p",
        "D) p if and only if q"
      ],
      "answer": "B",
      "explanation": "A contradiction is a statement that is always false. p and not p is always false because p and not p cannot both be true."
    },
    {
      "question": "What is the composite function (f ∘ g)(x) if f(x) = x + 1 and g(x) = x²?",
      "options": [
        "A) x² + 1",
        "B) (x + 1)²",
        "C) x²",
        "D) x + 1"
      ],
      "answer": "A",
      "explanation": "(f ∘ g)(x) = f(g(x)) = f(x²) = x² + 1."
    },
    {
      "question": "Which of the following is an antisymmetric relation?",
      "options": [
        "A) {(1, 1), (1, 2), (2, 1)}",
        "B) {(1, 2), (2, 3), (3, 1)}",
        "C) {(1, 1), (1, 2), (2, 2)}",
        "D) {(1, 2), (2, 1), (2, 2)}"
      ],
      "answer": "C",
      "explanation": "A relation is antisymmetric if (a, b) and (b, a) in the relation imply a = b. In option C, (1, 2) is present but (2, 1) is not, and (1, 1), (2, 2) satisfy the condition."
    },
    {
      "question": "What is the number of ways to choose 2 items from 5 without regard to order?",
      "options": [
        "A) 5",
        "B) 10",
        "C) 20",
        "D) 25"
      ],
      "answer": "B",
      "explanation": "The number of ways to choose 2 items from 5 is C(5, 2) = 5 factorial / (2 factorial 3 factorial) = 10."
    },
    {
      "question": "Which of the following is a property of a binary tree?",
      "options": [
        "A) Every node has at most one child",
        "B) Every node has at most two children",
        "C) Every node has exactly two children",
        "D) The tree contains cycles"
      ],
      "answer": "B",
      "explanation": "A binary tree is a tree where each node has at most two children."
    },
    {
      "question": "What is the solution to the recurrence relation T(n) = T(n-1) + 1, with T(1) = 1?",
      "options": [
        "A) T(n) = n",
        "B) T(n) = n + 1",
        "C) T(n) = n - 1",
        "D) T(n) = 2n"
      ],
      "answer": "A",
      "explanation": "Solving the recurrence: T(n) = T(n-1) + 1 = T(n-2) + 2 = ... = T(1) + (n-1) = 1 + (n-1) = n."
    },
    {
      "question": "Which of the following is a valid Venn diagram representation for A intersection B?",
      "options": [
        "A) The entire region of A and B",
        "B) The overlapping region of A and B",
        "C) The region of A excluding B",
        "D) The region of B excluding A"
      ],
      "answer": "B",
      "explanation": "The intersection A intersection B is represented by the overlapping region of the sets A and B in a Venn diagram."
    },
    {
      "question": "What is the domain of the function f(x) = 1 / (x - 2)?",
      "options": [
        "A) All real numbers",
        "B) All real numbers except x = 2",
        "C) All real numbers except x = 0",
        "D) Positive real numbers"
      ],
      "answer": "B",
      "explanation": "The function is undefined when x - 2 = 0, so the domain is all real numbers except x = 2."
    },
    {
      "question": "Which of the following is logically equivalent to p implies q?",
      "options": [
        "A) not p or q",
        "B) p and q",
        "C) not p and q",
        "D) p or q"
      ],
      "answer": "A",
      "explanation": "The implication p implies q is logically equivalent to not p or q, as can be verified by truth tables."
    },
    {
      "question": "What is the number of elements in the set {x | x is an integer and 1 ≤ x ≤ 5}?",
      "options": [
        "A) 3",
        "B) 4",
        "C) 5",
        "D) 6"
      ],
      "answer": "C",
      "explanation": "The set includes integers from 1 to 5 inclusive: {1, 2, 3, 4, 5}, which has 5 elements."
    },
    {
      "question": "Which of the following is a symmetric relation on the set {1, 2, 3}?",
      "options": [
        "A) {(1, 2), (2, 3)}",
        "B) {(1, 1), (1, 2), (2, 1)}",
        "C) {(1, 2), (2, 3), (1, 3)}",
        "D) {(1, 1), (2, 2), (3, 3)}"
      ],
      "answer": "B",
      "explanation": "A relation is symmetric if (a, b) in the relation implies (b, a) is also in the relation. Option B includes (1, 2) and (2, 1), satisfying symmetry."
    },
    {
      "question": "What is the value of 2³ modulo 7?",
      "options": [
        "A) 1",
        "B) 2",
        "C) 4",
        "D) 8"
      ],
      "answer": "A",
      "explanation": "Compute 2³ = 8. Then, 8 modulo 7 = 8 - 7 = 1, so 2³ modulo 7 = 1."
    },
    {
      "question": "Which of the following is a correct step in strong induction?",
      "options": [
        "A) Assume the statement is true for n = k + 1",
        "B) Assume the statement is true for all n ≤ k",
        "C) Prove the statement for n = k + 1 directly",
        "D) Prove the base case for n = k"
      ],
      "answer": "B",
      "explanation": "In strong induction, the inductive hypothesis assumes the statement is true for all integers n ≤ k to prove it for n = k + 1."
    },
    {
      "question": "How many ways can 4 people be seated in 4 distinct chairs?",
      "options": [
        "A) 12",
        "B) 24",
        "C) 36",
        "D) 48"
      ],
      "answer": "B",
      "explanation": "The number of ways to arrange 4 people in 4 chairs is 4 factorial = 4 × 3 × 2 × 1 = 24."
    },
    {
      "question": "Which of the following graphs has a Hamiltonian path?",
      "options": [
        "A) A disconnected graph",
        "B) A complete graph with 3 vertices",
        "C) A cycle graph with 3 vertices",
        "D) A tree with 4 vertices"
      ],
      "answer": "B",
      "explanation": "A complete graph with 3 vertices (K₃) has a Hamiltonian path (e.g., 1-2-3), as it contains all possible edges."
    },
    {
      "question": "What is the space complexity of a recursive factorial algorithm in Big-O notation?",
      "options": [
        "A) O(1)",
        "B) O(n)",
        "C) O(n²)",
        "D) O(log n)"
      ],
      "answer": "B",
      "explanation": "A recursive factorial algorithm uses O(n) space due to the call stack storing n recursive calls."
    },
    {
      "question": "Which Boolean expression represents the output of an XOR gate?",
      "options": [
        "A) A and B",
        "B) A or B",
        "C) (A and not B) or (not A and B)",
        "D) A and not B"
      ],
      "answer": "C",
      "explanation": "The XOR gate outputs true when exactly one input is true, represented by (A and not B) or (not A and B)."
    },
    {
      "question": "What is the number of leaves in a complete binary tree with 7 nodes?",
      "options": [
        "A) 2",
        "B) 3",
        "C) 4",
        "D) 5"
      ],
      "answer": "C",
      "explanation": "A complete binary tree with 7 nodes has 4 leaves, as it is filled level by level, with the last level having 4 nodes."
    },
    {
      "question": "What is the negation of the statement 'All birds can fly'?",
      "options": [
        "A) Some birds can fly",
        "B) Some birds cannot fly",
        "C) No birds can fly",
        "D) All birds cannot fly"
      ],
      "answer": "B",
      "explanation": "The negation of 'All birds can fly' (for all x B(x) implies F(x)) is 'Some birds cannot fly' (there exists x B(x) and not F(x))."
    },
    {
      "question": "If A = {1, 2} and B = {2, 3}, what is A symmetric difference B (symmetric difference)?",
      "options": [
        "A) {1, 2, 3}",
        "B) {1, 3}",
        "C) {2}",
        "D) {empty set}"
      ],
      "answer": "B",
      "explanation": "The symmetric difference A symmetric difference B = (A - B) union (B - A) = {1} union {3} = {1, 3}."
    },
    {
      "question": "Which of the following functions is not injective?",
      "options": [
        "A) f(x) = 2x + 1",
        "B) f(x) = x²",
        "C) f(x) = x + 1",
        "D) f(x) = 3x"
      ],
      "answer": "B",
      "explanation": "f(x) = x² is not injective because f(-x) = f(x) (e.g., f(-2) = f(2) = 4), so distinct inputs map to the same output."
    },
    {
      "question": "What is the number of partitions of the set {1, 2, 3} into 2 non-empty subsets?",
      "options": [
        "A) 2",
        "B) 3",
        "C) 4",
        "D) 6"
      ],
      "answer": "B",
      "explanation": "The partitions of {1, 2, 3} into 2 non-empty subsets are {{1}, {2, 3}}, {{2}, {1, 3}}, {{3}, {1, 2}}, so there are 3 partitions."
    },
    {
      "question": "What is the value of 5 factorial (factorial)?",
      "options": [
        "A) 20",
        "B) 60",
        "C) 120",
        "D) 720"
      ],
      "answer": "C",
      "explanation": "5 factorial = 5 × 4 × 3 × 2 × 1 = 120."
    },
    {
      "question": "Which of the following is a property of an Euler path?",
      "options": [
        "A) It visits every vertex exactly once",
        "B) It visits every edge exactly once",
        "C) It is a cycle",
        "D) It contains all vertices of odd degree"
      ],
      "answer": "B",
      "explanation": "An Euler path visits every edge of the graph exactly once."
    },
    {
      "question": "Which of the following relations is both reflexive and transitive but not symmetric?",
      "options": [
        "A) {(1, 1), (1, 2), (2, 2)}",
        "B) {(1, 2), (2, 1)}",
        "C) {(1, 1), (2, 2), (1, 2), (2, 1)}",
        "D) {(1, 2), (2, 3), (3, 1)}"
      ],
      "answer": "A",
      "explanation": "The relation {(1, 1), (1, 2), (2, 2)} is reflexive (includes (1, 1), (2, 2)), transitive ((1, 2) and (2, 2) imply (1, 2), which is present), but not symmetric ((1, 2) is present, but (2, 1) is not)."
    },
    {
      "question": "What is the time complexity of merge sort in Big-O notation?",
      "options": [
        "A) O(n)",
        "B) O(n log n)",
        "C) O(n²)",
        "D) O(log n)"
      ],
      "answer": "B",
      "explanation": "Merge sort has a time complexity of O(n log n) due to dividing the array into two halves (log n levels) and merging n elements at each level."
    },
    {
      "question": "Which Boolean expression is equivalent to not(A and B)?",
      "options": [
        "A) not A or not B",
        "B) not A and not B",
        "C) A or B",
        "D) A and B"
      ],
      "answer": "A",
      "explanation": "By De Morgan's Law, not(A and B) = not A or not B."
    },
    {
      "question": "What is the number of edges in a binary tree with 5 vertices?",
      "options": [
        "A) 3",
        "B) 4",
        "C) 5",
        "D) 6"
      ],
      "answer": "B",
      "explanation": "A tree with n vertices has n-1 edges. For n = 5, the number of edges is 5 - 1 = 4."
    },
    {
      "question": "Which of the following is a valid conclusion from the premises: p implies q, q implies r?",
      "options": [
        "A) p implies r",
        "B) p and q",
        "C) q implies p",
        "D) r implies p"
      ],
      "answer": "A",
      "explanation": "Using hypothetical syllogism, from p implies q and q implies r, we can conclude p implies r."
    }
  ]
}