[
    {"input": "hello", "intent": "greetings"},
    {"input": "hi there", "intent": "greetings"},
    {"input": "what time is it", "intent": "time_query"},
    {"input": "current date", "intent": "time_query"},
    {"input": "show my tasks", "intent": "task_help"},
    {"input": "how many tasks do I have", "intent": "task_count"},
    {"input": "task status", "intent": "task_classification"},
    {"input": "pomodoro timer", "intent": "pomodoro"},
    {"input": "what's my streak", "intent": "streak"},
    {"input": "study tips", "intent": "study_tips"},
    {"input": "motivate me", "intent": "motivation"},
    {"input": "due tomorrow", "intent": "tomorrow_query"},
    {"input": "who are you", "intent": "name_response"},
    {"input": "who made you", "intent": "DevelopApollo"},
    {"input": "thanks", "intent": "gratitude"},
    {"input": "best doctor", "intent": "Doctor_tip"},
    {"input": "help me", "intent": "pattern_help"},
    {"input": "user guide", "intent": "userGuide"},
    {"input": "completed tasks", "intent": "pattern_completed"},
    {"input": "I feel tired", "intent": "motivation"},
    {"input": "exam revision", "intent": "student_specific"}
]