{
    "Introduction to Information Systems":
    [
  {
    "question": "Which of the following is NOT a core component of an information system?",
    "options": [
      "A) Hardware",
      "B) Software",
      "C) Data",
      "D) Electricity"
    ],
    "answer": "D",
    "explanation": "The five core components of an information system are hardware, software, data, people, and processes. Electricity is a utility, not a component."
  },
  {
    "question": "What is the role of 'people' in an information system?",
    "options": [
      "A) To operate and manage the system",
      "B) To provide electricity to hardware",
      "C) To replace software functions",
      "D) To store data physically"
    ],
    "answer": "A",
    "explanation": "People are essential in information systems as they design, operate, and manage the system to achieve goals."
  },
  {
    "question": "Which component of an information system refers to the rules or guidelines for its operation?",
    "options": [
      "A) Hardware",
      "B) Software",
      "C) Processes",
      "D) Data"
    ],
    "answer": "C",
    "explanation": "Processes define the procedures and rules that govern how an information system functions."
  },
  {
    "question": "What is the difference between data and information?",
    "options": [
      "A) Data is processed; information is raw",
      "B) Data is raw facts; information is processed data with meaning",
      "C) Data and information are the same",
      "D) Information is stored in hardware; data is stored in software"
    ],
    "answer": "B",
    "explanation": "Data consists of raw facts, while information is data that has been processed and given context or meaning."
  },
  {
    "question": "Which of the following best describes 'knowledge'?",
    "options": [
      "A) Raw numbers collected from a sensor",
      "B) Processed data presented in a report",
      "C) Understanding gained from analyzing information",
      "D) A computer's physical components"
    ],
    "answer": "C",
    "explanation": "Knowledge is the insight or understanding derived from analyzing information and applying experience."
  },
  {
    "question": "What is an example of hardware in an information system?",
    "options": [
      "A) Microsoft Word",
      "B) A database file",
      "C) A server computer",
      "D) A business process"
    ],
    "answer": "C",
    "explanation": "Hardware refers to physical devices like computers, servers, and networking equipment."
  },
  {
    "question": "Which of the following is an example of software?",
    "options": [
      "A) A keyboard",
      "B) An operating system",
      "C) A printed report",
      "D) A company's policy manual"
    ],
    "answer": "B",
    "explanation": "Software includes programs like operating systems, applications, and databases that run on hardware."
  },
  {
    "question": "How does information differ from knowledge?",
    "options": [
      "A) Information is processed data; knowledge is applied information",
      "B) Information is stored in hardware; knowledge is stored in software",
      "C) Information is raw; knowledge is processed information",
      "D) There is no difference"
    ],
    "answer": "A",
    "explanation": "Information is structured data, while knowledge is the application and interpretation of that information."
  },
  {
    "question": "Which component ensures that an information system aligns with business goals?",
    "options": [
      "A) Hardware",
      "B) Software",
      "C) Processes",
      "D) People"
    ],
    "answer": "D",
    "explanation": "People design and manage processes to ensure the system meets business objectives."
  },
  {
    "question": "What is an example of data?",
    "options": [
      "A) A sales report summarizing quarterly results",
      "B) A customer's name in a database",
      "C) A manager's decision based on trends",
      "D) A company's IT policy"
    ],
    "answer": "B",
    "explanation": "Data consists of individual facts, such as a customer's name, before being processed into information."
  },
  {
    "question": "Which of the following best defines 'processes' in an information system?",
    "options": [
      "A) The physical parts of a computer",
      "B) The programs that run on a computer",
      "C) The step-by-step methods to accomplish tasks",
      "D) The raw inputs collected from users"
    ],
    "answer": "C",
    "explanation": "Processes are structured activities or workflows that define how tasks are performed within the system."
  },
  {
    "question": "Why is data alone not sufficient for decision-making?",
    "options": [
      "A) It is always inaccurate",
      "B) It lacks context and meaning",
      "C) It cannot be stored electronically",
      "D) It is the same as knowledge"
    ],
    "answer": "B",
    "explanation": "Raw data lacks context; it must be processed into information to be useful for decision-making."
  },
  {
    "question": "Which of the following represents information?",
    "options": [
      "A) A list of random numbers",
      "B) A weather forecast derived from sensor data",
      "C) A computer's CPU",
      "D) A programming language"
    ],
    "answer": "B",
    "explanation": "Information is data that has been processed and organized to provide meaning, such as a weather forecast."
  },
  {
    "question": "What is the correct hierarchy from simplest to most complex?",
    "options": [
      "A) Information → Data → Knowledge",
      "B) Data → Information → Knowledge",
      "C) Knowledge → Information → Data",
      "D) Data → Knowledge → Information"
    ],
    "answer": "B",
    "explanation": "Data is raw, information is processed data, and knowledge is derived from understanding information."
  },
  {
    "question": "Which component is responsible for executing instructions in an information system?",
    "options": [
      "A) Hardware",
      "B) Software",
      "C) People",
      "D) Processes"
    ],
    "answer": "B",
    "explanation": "Software consists of programs that provide instructions for hardware to execute tasks."
  },
  {
    "question": "What is the primary function of a Transaction Processing System (TPS)?",
    "options": [
      "A) To support strategic decision-making",
      "B) To record and process daily business transactions",
      "C) To manage customer interactions",
      "D) To store unstructured knowledge"
    ],
    "answer": "B",
    "explanation": "A TPS is designed to handle high volumes of routine transactions, such as sales, payments, and inventory updates."
  },
  {
    "question": "Which of the following is a characteristic of a Management Information System (MIS)?",
    "options": [
      "A) Provides real-time analytics for executives",
      "B) Focuses on unstructured data processing",
      "C) Generates summarized reports for middle management",
      "D) Replaces human decision-making entirely"
    ],
    "answer": "C",
    "explanation": "MIS converts raw data into structured reports to help mid-level managers monitor and control operations."
  },
  {
    "question": "Decision Support Systems (DSS) are primarily used for:",
    "options": [
      "A) Automating payroll processing",
      "B) Supporting semi-structured and unstructured decisions",
      "C) Managing customer service calls",
      "D) Storing employee training manuals"
    ],
    "answer": "B",
    "explanation": "DSS assists managers in analyzing complex problems by providing interactive tools and models."
  },
  {
    "question": "What is a key feature of Enterprise Resource Planning (ERP) systems?",
    "options": [
      "A) Department-specific data silos",
      "B) Standalone modules for finance and HR",
      "C) Integrated database across business functions",
      "D) Focus only on customer data"
    ],
    "answer": "C",
    "explanation": "ERP systems unify finance, HR, supply chain, and other functions into a single integrated system."
  },
  {
    "question": "Customer Relationship Management (CRM) systems help businesses:",
    "options": [
      "A) Track competitor pricing exclusively",
      "B) Manage interactions with current and potential customers",
      "C) Automate manufacturing processes",
      "D) Replace all face-to-face customer service"
    ],
    "answer": "B",
    "explanation": "CRM systems centralize customer data to improve sales, marketing, and service efforts."
  },
  {
    "question": "Knowledge Management Systems (KMS) are designed to:",
    "options": [
      "A) Process high-speed transactions",
      "B) Capture, store, and share organizational knowledge",
      "C) Generate financial statements automatically",
      "D) Monitor real-time stock market data"
    ],
    "answer": "B",
    "explanation": "KMS enables organizations to retain and disseminate expertise, best practices, and lessons learned."
  },
  {
    "question": "Which system would a retail store use to process sales at checkout?",
    "options": [
      "A) DSS",
      "B) TPS",
      "C) KMS",
      "D) ERP"
    ],
    "answer": "B",
    "explanation": "A TPS handles real-time sales transactions, inventory updates, and receipt generation."
  },
  {
    "question": "What type of decision is a DSS BEST suited for?",
    "options": [
      "A) Routine, repetitive decisions",
      "B) Strategic decisions with uncertainty",
      "C) Data entry tasks",
      "D) Regulated financial audits"
    ],
    "answer": "B",
    "explanation": "DSS excels in scenarios requiring analysis of alternatives (e.g., market expansion or investment choices)."
  },
  {
    "question": "Which component is NOT typically part of an ERP system?",
    "options": [
      "A) Human Resources module",
      "B) Supply Chain Management module",
      "C) Customer sentiment analysis for social media",
      "D) Financial accounting module"
    ],
    "answer": "C",
    "explanation": "While ERP integrates core business functions, social media analytics are more aligned with CRM or specialized tools."
  },
  {
    "question": "A CRM system would LEAST likely be used for:",
    "options": [
      "A) Tracking customer purchase history",
      "B) Managing email marketing campaigns",
      "C) Optimizing warehouse inventory levels",
      "D) Logging customer service complaints"
    ],
    "answer": "C",
    "explanation": "Inventory optimization falls under supply chain management (ERP), not CRM."
  },
  {
    "question": "What is a benefit of a Knowledge Management System?",
    "options": [
      "A) Reducing the need for employee training",
      "B) Preventing all data breaches",
      "C) Enabling faster access to expert knowledge",
      "D) Automating all managerial decisions"
    ],
    "answer": "C",
    "explanation": "KMS allows employees to quickly find documented solutions or expertise, improving efficiency."
  },
  {
    "question": "Which system would a CFO use to forecast annual revenue?",
    "options": [
      "A) TPS",
      "B) MIS",
      "C) DSS",
      "D) KMS"
    ],
    "answer": "C",
    "explanation": "A DSS provides modeling and simulation tools for financial forecasting."
  },
  {
    "question": "What distinguishes MIS from DSS?",
    "options": [
      "A) MIS focuses on past performance; DSS on future scenarios",
      "B) MIS is used only by executives",
      "C) DSS cannot handle quantitative data",
      "D) MIS replaces human judgment entirely"
    ],
    "answer": "A",
    "explanation": "MIS reports historical data, while DSS helps evaluate hypothetical situations (e.g., 'what-if' analysis)."
  },
  {
    "question": "Which of the following is a transaction processed by a TPS?",
    "options": [
      "A) A CEO’s strategic plan",
      "B) A customer’s online order",
      "C) An employee’s training manual",
      "D) A market research report"
    ],
    "answer": "B",
    "explanation": "TPS handles operational transactions like orders, withdrawals, or reservations."
  },
  {
    "question": "ERP systems improve efficiency by:",
    "options": [
      "A) Creating separate databases for each department",
      "B) Eliminating all paper-based processes",
      "C) Standardizing processes across departments",
      "D) Focusing only on external stakeholders"
    ],
    "answer": "C",
    "explanation": "ERP reduces redundancy by using shared data and unified workflows (e.g., finance + inventory)."
  },
  {
    "question": "A sales team uses a CRM system primarily to:",
    "options": [
      "A) Process payroll",
      "B) Track leads and customer interactions",
      "C) Design new products",
      "D) Audit financial statements"
    ],
    "answer": "B",
    "explanation": "CRM systems log sales activities, customer preferences, and communication history."
  },
  {
    "question": "Which technology is often integrated into modern KMS?",
    "options": [
      "A) Blockchain for transaction security",
      "B) AI for knowledge retrieval and recommendations",
      "C) Robotics for manufacturing",
      "D) IoT for weather tracking"
    ],
    "answer": "B",
    "explanation": "AI-powered search and chatbots enhance knowledge discovery in KMS."
  },
  {
    "question": "What is a limitation of TPS?",
    "options": [
      "A) Cannot handle real-time processing",
      "B) Lacks analytical capabilities for decision-making",
      "C) Too expensive for small businesses",
      "D) Focuses only on external data"
    ],
    "answer": "B",
    "explanation": "TPS ensures data accuracy but doesn’t analyze trends; that’s the role of MIS/DSS."
  },
  {
    "question": "Which department benefits MOST from MIS reports?",
    "options": [
      "A) Janitorial services",
      "B) Middle management (e.g., department heads)",
      "C) External vendors",
      "D) Regulatory agencies"
    ],
    "answer": "B",
    "explanation": "MIS provides performance summaries (e.g., sales by region) for tactical decisions."
  },
  {
    "question": "A DSS might include tools for:",
    "options": [
      "A) Printing shipping labels",
      "B) Simulating the impact of a price change",
      "C) Recording daily attendance",
      "D) Storing employee IDs"
    ],
    "answer": "B",
    "explanation": "DSS supports scenario analysis (e.g., pricing strategies or risk assessment)."
  },
  {
    "question": "Which ERP module handles employee payroll?",
    "options": [
      "A) SCM",
      "B) HRM",
      "C) CRM",
      "D) KMS"
    ],
    "answer": "B",
    "explanation": "Human Resource Management (HRM) modules manage payroll, benefits, and recruitment."
  },
  {
    "question": "A KMS would MOST likely store:",
    "options": [
      "A) Real-time stock prices",
      "B) Best practices for project management",
      "C) Raw sales transactions",
      "D) Competitor trade secrets"
    ],
    "answer": "B",
    "explanation": "KMS archives organizational knowledge like guidelines, case studies, or troubleshooting tips."
  },
  {
    "question": "Which system is critical for 'just-in-time' inventory management?",
    "options": [
      "A) TPS",
      "B) DSS",
      "C) ERP",
      "D) CRM"
    ],
    "answer": "C",
    "explanation": "ERP’s supply chain module optimizes inventory levels to reduce waste."
  },
  {
    "question": "What is a key input for a CRM system?",
    "options": [
      "A) Machine sensor data",
      "B) Customer feedback and purchase history",
      "C) Employee vacation requests",
      "D) Government tax codes"
    ],
    "answer": "B",
    "explanation": "CRM relies on customer data (e.g., contact details, preferences, complaints) to personalize interactions."
  },
  {
    "question": "Which statement about DSS is TRUE?",
    "options": [
      "A) It only uses internal data sources",
      "B) It requires no user input",
      "C) It may incorporate external data (e.g., market trends)",
      "D) It is used exclusively by frontline staff"
    ],
    "answer": "C",
    "explanation": "DSS often combines internal data with external sources (e.g., economic indicators) for robust analysis."
  },
  {
    "question": "An example of a TPS in banking is:",
    "options": [
      "A) A system that approves loans",
      "B) An ATM processing withdrawals",
      "C) A system for board meeting minutes",
      "D) A customer satisfaction survey tool"
    ],
    "answer": "B",
    "explanation": "ATMs execute real-time transactions (a core TPS function)."
  },
  {
    "question": "Which system helps reduce 'islands of information' in organizations?",
    "options": [
      "A) TPS",
      "B) ERP",
      "C) KMS",
      "D) DSS"
    ],
    "answer": "B",
    "explanation": "ERP integrates disparate departmental systems into a single source of truth."
  },
  {
    "question": "A CRM analytics feature might identify:",
    "options": [
      "A) Optimal factory machine settings",
      "B) Customers at risk of churning",
      "C) Employee payroll discrepancies",
      "D) Tax filing deadlines"
    ],
    "answer": "B",
    "explanation": "CRM analytics can predict customer behavior (e.g., likelihood to churn) based on historical patterns."
  },
  {
    "question": "What is a challenge of implementing ERP systems?",
    "options": [
      "A) Low cost of deployment",
      "B) Resistance to process standardization",
      "C) Lack of modular options",
      "D) Inability to handle financial data"
    ],
    "answer": "B",
    "explanation": "Employees may resist changing legacy processes to align with ERP workflows."
  },
  {
    "question": "Which system would a tech support team use to access troubleshooting guides?",
    "options": [
      "A) TPS",
      "B) DSS",
      "C) KMS",
      "D) MIS"
    ],
    "answer": "C",
    "explanation": "KMS stores documentation, FAQs, and expert knowledge for problem-solving."
  },
  {
    "question": "Which of the following is an example of an input device?",
    "options": [
      "A) Monitor",
      "B) Printer",
      "C) Keyboard",
      "D) Speaker"
    ],
    "answer": "C",
    "explanation": "A keyboard is an input device used to enter data into a computer."
  },
  {
    "question": "What is the primary function of an output device?",
    "options": [
      "A) To process data",
      "B) To store data",
      "C) To display or present data",
      "D) To input data"
    ],
    "answer": "C",
    "explanation": "Output devices like monitors and printers display or present data to the user."
  },
  {
    "question": "Which storage device has the fastest access speed?",
    "options": [
      "A) Hard Disk Drive (HDD)",
      "B) Solid State Drive (SSD)",
      "C) USB Flash Drive",
      "D) CD-ROM"
    ],
    "answer": "B",
    "explanation": "SSDs use flash memory and have no moving parts, making them faster than HDDs."
  },
  {
    "question": "What is the main purpose of system software?",
    "options": [
      "A) To perform specific tasks for users",
      "B) To manage hardware and provide a platform for application software",
      "C) To create documents and spreadsheets",
      "D) To browse the internet"
    ],
    "answer": "B",
    "explanation": "System software (e.g., operating systems) manages hardware and enables application software to run."
  },
  {
    "question": "Which of the following is an example of application software?",
    "options": [
      "A) Windows OS",
      "B) Linux Kernel",
      "C) Microsoft Word",
      "D) Device Drivers"
    ],
    "answer": "C",
    "explanation": "Application software is designed for end-user tasks, such as word processing."
  },
  {
    "question": "What is a relational database?",
    "options": [
      "A) A database that stores data in a single table",
      "B) A database that organizes data into tables with relationships between them",
      "C) A database that only stores images and videos",
      "D) A database without any structure"
    ],
    "answer": "B",
    "explanation": "Relational databases use tables (relations) linked by keys to organize data efficiently."
  },
  {
    "question": "Which component of a DBMS is responsible for data retrieval and manipulation?",
    "options": [
      "A) Data Definition Language (DDL)",
      "B) Data Manipulation Language (DML)",
      "C) Data Control Language (DCL)",
      "D) Transaction Control Language (TCL)"
    ],
    "answer": "B",
    "explanation": "DML (e.g., SQL's SELECT, INSERT) handles data queries and updates."
  },
  {
    "question": "What is the role of a primary key in a relational database?",
    "options": [
      "A) To store large binary files",
      "B) To uniquely identify each record in a table",
      "C) To create backups of the database",
      "D) To encrypt data"
    ],
    "answer": "B",
    "explanation": "A primary key ensures each row in a table is unique (e.g., EmployeeID)."
  },
  {
    "question": "Which network topology connects all devices in a closed loop?",
    "options": [
      "A) Star",
      "B) Bus",
      "C) Ring",
      "D) Mesh"
    ],
    "answer": "C",
    "explanation": "In a ring topology, data travels in one direction around a circular path."
  },
  {
    "question": "What does LAN stand for?",
    "options": [
      "A) Local Area Network",
      "B) Large Area Network",
      "C) Linked Access Network",
      "D) Logical Address Node"
    ],
    "answer": "A",
    "explanation": "A LAN connects devices within a limited area (e.g., a home or office)."
  },
  {
    "question": "Which protocol is used to transfer web pages over the internet?",
    "options": [
      "A) FTP",
      "B) HTTP",
      "C) SMTP",
      "D) TCP"
    ],
    "answer": "B",
    "explanation": "HTTP (Hypertext Transfer Protocol) is the foundation of web data communication."
  },
  {
    "question": "What is the function of a router in a network?",
    "options": [
      "A) To connect devices within the same LAN",
      "B) To forward data packets between different networks",
      "C) To store website data",
      "D) To encrypt emails"
    ],
    "answer": "B",
    "explanation": "Routers direct traffic between networks (e.g., home network and the internet)."
  },
  {
    "question": "Which device converts digital signals to analog for telephone line transmission?",
    "options": [
      "A) Switch",
      "B) Modem",
      "C) Hub",
      "D) Repeater"
    ],
    "answer": "B",
    "explanation": "Modems modulate/demodulate signals for analog communication (e.g., DSL)."
  },
  {
    "question": "What is cloud storage?",
    "options": [
      "A) Physical storage devices in a user's office",
      "B) Remote storage accessed via the internet",
      "C) A type of RAM",
      "D) An offline backup solution"
    ],
    "answer": "B",
    "explanation": "Cloud storage (e.g., Google Drive) hosts data on remote servers accessible online."
  },
  {
    "question": "Which of the following is a volatile storage device?",
    "options": [
      "A) SSD",
      "B) HDD",
      "C) RAM",
      "D) DVD"
    ],
    "answer": "C",
    "explanation": "RAM loses its data when power is turned off (volatile)."
  },
  {
    "question": "What is the purpose of an operating system?",
    "options": [
      "A) To edit photos",
      "B) To manage hardware and software resources",
      "C) To design websites",
      "D) To create databases"
    ],
    "answer": "B",
    "explanation": "OSs (e.g., Windows, macOS) handle memory, processes, and hardware coordination."
  },
  {
    "question": "Which database operation adds new records to a table?",
    "options": [
      "A) SELECT",
      "B) UPDATE",
      "C) INSERT",
      "D) DELETE"
    ],
    "answer": "C",
    "explanation": "The SQL INSERT command adds new rows to a table."
  },
  {
    "question": "What is a foreign key in a relational database?",
    "options": [
      "A) A key used to encrypt data",
      "B) A field that links to a primary key in another table",
      "C) A backup of the primary key",
      "D) A temporary key for queries"
    ],
    "answer": "B",
    "explanation": "Foreign keys enforce referential integrity between tables (e.g., CustomerID in Orders)."
  },
  {
    "question": "Which network device operates at the Data Link layer of the OSI model?",
    "options": [
      "A) Router",
      "B) Switch",
      "C) Hub",
      "D) Modem"
    ],
    "answer": "B",
    "explanation": "Switches use MAC addresses to forward frames within a LAN (Layer 2)."
  },
  {
    "question": "What does SQL stand for?",
    "options": [
      "A) Structured Query Language",
      "B) Simple Question Language",
      "C) System Query Logic",
      "D) Sequential Question Loop"
    ],
    "answer": "A",
    "explanation": "SQL is the standard language for managing relational databases."
  },
  {
    "question": "Which of the following is NOT a type of malware?",
    "options": [
      "A) Virus",
      "B) Firewall",
      "C) Trojan Horse",
      "D) Spyware"
    ],
    "answer": "B",
    "explanation": "A firewall is a security system that blocks unauthorized network access."
  },
  {
    "question": "What is the purpose of a UPS (Uninterruptible Power Supply)?",
    "options": [
      "A) To increase internet speed",
      "B) To provide backup power during outages",
      "C) To cool down servers",
      "D) To encrypt data"
    ],
    "answer": "B",
    "explanation": "A UPS provides temporary power to devices during electrical failures."
  },
  {
    "question": "Which wireless technology is used for short-range communication (e.g., headphones)?",
    "options": [
      "A) Wi-Fi",
      "B) Bluetooth",
      "C) NFC",
      "D) LTE"
    ],
    "answer": "B",
    "explanation": "Bluetooth enables wireless communication over short distances (~10 meters)."
  },
  {
    "question": "What is the main advantage of a distributed database?",
    "options": [
      "A) Lower hardware costs",
      "B) Data is stored in a single location",
      "C) Improved availability and fault tolerance",
      "D) Simpler query processing"
    ],
    "answer": "C",
    "explanation": "Distributed databases replicate data across locations to reduce downtime."
  },
  {
    "question": "Which protocol ensures secure data transmission over the internet?",
    "options": [
      "A) HTTP",
      "B) FTP",
      "C) HTTPS",
      "D) SMTP"
    ],
    "answer": "C",
    "explanation": "HTTPS encrypts data using SSL/TLS to protect sensitive information."
  },
  {
    "question": "What is the function of an optical mouse?",
    "options": [
      "A) To scan documents",
      "B) To track movement using light",
      "C) To project images onto a screen",
      "D) To print documents"
    ],
    "answer": "B",
    "explanation": "Optical mice use LEDs or lasers to detect surface movement."
  },
  {
    "question": "Which of the following is a characteristic of system software?",
    "options": [
      "A) User-friendly interfaces",
      "B) Task-specific functionality",
      "C) Direct hardware management",
      "D) Used only for gaming"
    ],
    "answer": "C",
    "explanation": "System software (e.g., OS, drivers) directly controls hardware resources."
  },
  {
    "question": "In networking, what does IP stand for?",
    "options": [
      "A) Internet Protocol",
      "B) Internal Processing",
      "C) Integrated Pathway",
      "D) Intelligent Port"
    ],
    "answer": "A",
    "explanation": "IP addresses uniquely identify devices on a network for data routing."
  },
  {
    "question": "Which storage technology is commonly used in USB flash drives?",
    "options": [
      "A) Magnetic storage",
      "B) Optical storage",
      "C) Flash memory",
      "D) Cloud storage"
    ],
    "answer": "C",
    "explanation": "USB drives use NAND flash memory for portable, non-volatile storage."
  },
  {
    "question": "What is the primary purpose of a DBMS?",
    "options": [
      "A) To create graphics",
      "B) To manage and organize databases efficiently",
      "C) To replace all application software",
      "D) To block network attacks"
    ],
    "answer": "B",
    "explanation": "DBMS software (e.g., MySQL, Oracle) handles data storage, retrieval, and security."
  },
  
  {
    "question": "What is the primary characteristic of cloud computing?",
    "options": [
      "A) On-premise data storage",
      "B) Local software installation",
      "C) On-demand access to shared computing resources",
      "D) Limited scalability"
    ],
    "answer": "C",
    "explanation": "Cloud computing provides scalable, on-demand access to shared resources (e.g., servers, storage) over the internet."
  },
  {
    "question": "Which of the following is NOT a cloud service model?",
    "options": [
      "A) Infrastructure as a Service (IaaS)",
      "B) Platform as a Service (PaaS)",
      "C) Software as a Service (SaaS)",
      "D) Hardware as a Service (HaaS)"
    ],
    "answer": "D",
    "explanation": "The main cloud service models are IaaS, PaaS, and SaaS. HaaS is not a standard category."
  },
  {
    "question": "What is the main goal of Artificial Intelligence (AI)?",
    "options": [
      "A) To replace all human jobs",
      "B) To enable machines to perform tasks requiring human intelligence",
      "C) To eliminate the need for data",
      "D) To focus solely on data storage"
    ],
    "answer": "B",
    "explanation": "AI aims to simulate human intelligence in machines (e.g., reasoning, learning, problem-solving)."
  },
  {
    "question": "Which of the following is a subset of AI?",
    "options": [
      "A) Blockchain",
      "B) Machine Learning (ML)",
      "C) Internet of Things (IoT)",
      "D) Big Data"
    ],
    "answer": "B",
    "explanation": "ML is a subset of AI that focuses on training algorithms to learn patterns from data."
  },
  {
    "question": "What is supervised learning in Machine Learning?",
    "options": [
      "A) Training a model using labeled data",
      "B) Letting a model learn without any data",
      "C) Using only unlabeled data for training",
      "D) Ignoring input-output pairs"
    ],
    "answer": "A",
    "explanation": "Supervised learning uses labeled datasets to train models to predict outcomes (e.g., spam detection)."
  },
  {
    "question": "Which term describes large, complex datasets that traditional tools cannot process?",
    "options": [
      "A) Small Data",
      "B) Big Data",
      "C) Structured Data",
      "D) Encrypted Data"
    ],
    "answer": "B",
    "explanation": "Big Data refers to high-volume, high-velocity, and/or high-variety datasets requiring advanced tools."
  },
  {
    "question": "What are the three V's of Big Data?",
    "options": [
      "A) Volume, Velocity, Variety",
      "B) Value, Veracity, Viscosity",
      "C) Vision, Voice, Validation",
      "D) Virtual, Viral, Volatile"
    ],
    "answer": "A",
    "explanation": "The three V's are Volume (size), Velocity (speed of generation), and Variety (data types)."
  },
  {
    "question": "Which technology connects physical devices to the internet for data exchange?",
    "options": [
      "A) Blockchain",
      "B) Internet of Things (IoT)",
      "C) Cloud Computing",
      "D) Artificial Intelligence"
    ],
    "answer": "B",
    "explanation": "IoT enables devices (e.g., smart thermostats, wearables) to collect and share data via the internet."
  },
  {
    "question": "What is a key challenge of IoT?",
    "options": [
      "A) Limited device connectivity",
      "B) Data security and privacy risks",
      "C) Inability to generate data",
      "D) Lack of sensors"
    ],
    "answer": "B",
    "explanation": "IoT devices often face security vulnerabilities due to weak encryption and large attack surfaces."
  },
  {
    "question": "Which of the following best describes blockchain?",
    "options": [
      "A) A centralized database managed by a single entity",
      "B) A distributed ledger technology with immutable records",
      "C) A type of cloud storage service",
      "D) A machine learning algorithm"
    ],
    "answer": "B",
    "explanation": "Blockchain is a decentralized, tamper-proof ledger where transactions are recorded in blocks."
  },
  {
    "question": "What is the purpose of consensus mechanisms in blockchain?",
    "options": [
      "A) To slow down transactions",
      "B) To ensure all nodes agree on the ledger's state",
      "C) To delete historical data",
      "D) To centralize control"
    ],
    "answer": "B",
    "explanation": "Consensus mechanisms (e.g., Proof of Work) validate transactions across distributed nodes."
  },
  {
    "question": "Which cloud deployment model is exclusive to a single organization?",
    "options": [
      "A) Public Cloud",
      "B) Private Cloud",
      "C) Hybrid Cloud",
      "D) Community Cloud"
    ],
    "answer": "B",
    "explanation": "Private clouds are dedicated to one organization, offering greater control and security."
  },
  {
    "question": "What is the role of neural networks in AI?",
    "options": [
      "A) To store blockchain transactions",
      "B) To model complex patterns inspired by the human brain",
      "C) To replace IoT devices",
      "D) To reduce data volume"
    ],
    "answer": "B",
    "explanation": "Neural networks are ML algorithms designed to recognize patterns (e.g., image or speech recognition)."
  },
  {
    "question": "Which tool is commonly used for Big Data processing?",
    "options": [
      "A) Microsoft Word",
      "B) Apache Hadoop",
      "C) Adobe Photoshop",
      "D) Google Chrome"
    ],
    "answer": "B",
    "explanation": "Hadoop is an open-source framework for distributed storage and processing of large datasets."
  },
  {
    "question": "What is a smart contract in blockchain?",
    "options": [
      "A) A legal document written by lawyers",
      "B) Self-executing code that enforces contract terms",
      "C) A type of IoT sensor",
      "D) A cloud storage agreement"
    ],
    "answer": "B",
    "explanation": "Smart contracts automate agreements (e.g., Ethereum) when predefined conditions are met."
  },
  {
    "question": "Which of the following is an example of edge computing in IoT?",
    "options": [
      "A) Sending all data to a central cloud server",
      "B) Processing data locally on an IoT device",
      "C) Using blockchain for data storage",
      "D) Eliminating all sensors"
    ],
    "answer": "B",
    "explanation": "Edge computing processes data near its source (e.g., a smart camera) to reduce latency."
  },
  {
    "question": "What is data mining in Big Data analytics?",
    "options": [
      "A) Extracting raw data from the earth",
      "B) Discovering patterns in large datasets",
      "C) Deleting irrelevant data",
      "D) Encrypting all data"
    ],
    "answer": "B",
    "explanation": "Data mining uses statistical and ML techniques to uncover insights (e.g., customer behavior)."
  },
  {
    "question": "Which blockchain feature ensures data cannot be altered retroactively?",
    "options": [
      "A) Mutability",
      "B) Immutability",
      "C) Scalability",
      "D) Flexibility"
    ],
    "answer": "B",
    "explanation": "Immutability means once data is recorded on the blockchain, it cannot be changed."
  },
  {
    "question": "What is the primary benefit of hybrid cloud?",
    "options": [
      "A) 100% public accessibility",
      "B) Combining public and private cloud flexibility",
      "C) Eliminating all on-premise infrastructure",
      "D) Using only blockchain"
    ],
    "answer": "B",
    "explanation": "Hybrid clouds blend public and private clouds, balancing scalability and security."
  },
  {
    "question": "Which AI technique is used for real-time language translation?",
    "options": [
      "A) Natural Language Processing (NLP)",
      "B) Robotic Process Automation (RPA)",
      "C) Blockchain mining",
      "D) IoT sensing"
    ],
    "answer": "A",
    "explanation": "NLP enables machines to understand and generate human language (e.g., Google Translate)."
  }
]
}