{
"Machine_Learning":[
  {
    "question": "What defines Machine Learning as a field within Artificial Intelligence?",
    "options": [
      "A) Creating physical robots",
      "B) Enabling systems to learn from data without explicit programming",
      "C) Storing large datasets",
      "D) Designing user interfaces"
    ],
    "answer": "B",
    "explanation": "Machine Learning is a subset of AI that focuses on systems learning patterns from data to improve performance without being explicitly programmed."
  },
  {
    "question": "Which type of Machine Learning involves learning from labeled data?",
    "options": [
      "A) Unsupervised Learning",
      "B) Supervised Learning",
      "C) Reinforcement Learning",
      "D) Semi-Supervised Learning"
    ],
    "answer": "B",
    "explanation": "Supervised Learning uses labeled data, where inputs are paired with correct outputs, to train models for tasks like classification or regression."
  },
  {
    "question": "What is the purpose of training data in Machine Learning?",
    "options": [
      "A) To evaluate model performance",
      "B) To store model predictions",
      "C) To train the model to learn patterns",
      "D) To visualize results"
    ],
    "answer": "C",
    "explanation": "Training data is used to teach a Machine Learning model to recognize patterns and make predictions by adjusting its parameters."
  },
  {
    "question": "Which algorithm is used for predicting continuous values in Machine Learning?",
    "options": [
      "A) Logistic Regression",
      "B) Linear Regression",
      "C) K-Nearest Neighbors",
      "D) Decision Trees"
    ],
    "answer": "B",
    "explanation": "Linear Regression is a supervised learning algorithm used to predict continuous output variables based on input features."
  },
  {
    "question": "Which metric evaluates the proportion of correct predictions in a classification model?",
    "options": [
      "A) Mean Squared Error",
      "B) Accuracy",
      "C) F1-Score",
      "D) Precision"
    ],
    "answer": "B",
    "explanation": "Accuracy measures the proportion of correct predictions (true positives and true negatives) out of all predictions in a classification model."
  },
  {
    "question": "What is overfitting in the context of Machine Learning?",
    "options": [
      "A) When a model is too simple to learn patterns",
      "B) When a model learns noise in the training data",
      "C) When a model is trained on too little data",
      "D) When a model is evaluated on test data only"
    ],
    "answer": "B",
    "explanation": "Overfitting occurs when a model learns the training data, including its noise, too well, leading to poor generalization on new data."
  },
  {
    "question": "Which Python library is commonly used for implementing Machine Learning algorithms?",
    "options": [
      "A) Flask",
      "B) Scikit-learn",
      "C) Matplotlib",
      "D) Django"
    ],
    "answer": "B",
    "explanation": "Scikit-learn is a widely used Python library that provides tools for Machine Learning, including algorithms for classification, regression, and clustering."
  },
  {
    "question": "Which type of Machine Learning is used for clustering tasks?",
    "options": [
      "A) Supervised Learning",
      "B) Unsupervised Learning",
      "C) Reinforcement Learning",
      "D) Semi-Supervised Learning"
    ],
    "answer": "B",
    "explanation": "Unsupervised Learning is used for clustering, where the algorithm groups unlabeled data based on patterns or similarities."
  },
  {
    "question": "What does a Confusion Matrix show in Machine Learning?",
    "options": [
      "A) Feature importance",
      "B) Classification model performance",
      "C) Training time",
      "D) Data distribution"
    ],
    "answer": "B",
    "explanation": "A Confusion Matrix shows the performance of a classification model by displaying true positives, true negatives, false positives, and false negatives."
  },
  {
    "question": "Which algorithm mimics the structure of the human brain in Machine Learning?",
    "options": [
      "A) Linear Regression",
      "B) Neural Networks",
      "C) K-Nearest Neighbors",
      "D) Support Vector Machines"
    ],
    "answer": "B",
    "explanation": "Neural Networks are inspired by the human brain, using interconnected nodes to model complex patterns in data."
  },
  {
    "question": "What is a key characteristic of Reinforcement Learning?",
    "options": [
      "A) Uses labeled data for training",
      "B) Learns by interacting with an environment",
      "C) Groups data into clusters",
      "D) Predicts continuous values"
    ],
    "answer": "B",
    "explanation": "Reinforcement Learning involves an agent learning by interacting with an environment, receiving rewards or penalties for actions."
  },
  {
    "question": "In Machine Learning, what are labels?",
    "options": [
      "A) Input variables",
      "B) Output or target variables",
      "C) Model parameters",
      "D) Evaluation metrics"
    ],
    "answer": "B",
    "explanation": "Labels are the output or target variables in supervised learning, representing the correct answers the model aims to predict."
  },
  {
    "question": "Which algorithm is used for binary classification tasks?",
    "options": [
      "A) Linear Regression",
      "B) Logistic Regression",
      "C) K-Means Clustering",
      "D) Apriori"
    ],
    "answer": "B",
    "explanation": "Logistic Regression is used for binary classification, predicting the probability of an instance belonging to one of two classes."
  },
  {
    "question": "Which metric balances precision and recall in Machine Learning?",
    "options": [
      "A) Accuracy",
      "B) F1-Score",
      "C) Mean Squared Error",
      "D) Confusion Matrix"
    ],
    "answer": "B",
    "explanation": "The F1-Score is the harmonic mean of precision and recall, providing a balanced measure for classification performance."
  },
  {
    "question": "What is underfitting in Machine Learning?",
    "options": [
      "A) When a model learns noise in the data",
      "B) When a model is too simple to capture patterns",
      "C) When a model is trained on too much data",
      "D) When a model performs well on test data"
    ],
    "answer": "B",
    "explanation": "Underfitting occurs when a model is too simple to capture the underlying patterns in the data, leading to poor performance."
  },
  {
    "question": "Which tool is used for building deep learning models?",
    "options": [
      "A) Scikit-learn",
      "B) TensorFlow",
      "C) Pandas",
      "D) NumPy"
    ],
    "answer": "B",
    "explanation": "TensorFlow is a popular library for building and training deep learning models, particularly neural networks."
  },
  {
    "question": "Which type of Machine Learning combines labeled and unlabeled data?",
    "options": [
      "A) Supervised Learning",
      "B) Unsupervised Learning",
      "C) Semi-Supervised Learning",
      "D) Reinforcement Learning"
    ],
    "answer": "C",
    "explanation": "Semi-Supervised Learning uses both labeled and unlabeled data to improve model performance, especially when labeled data is scarce."
  },
  {
    "question": "What is the purpose of testing data in Machine Learning?",
    "options": [
      "A) To train the model",
      "B) To evaluate model performance",
      "C) To store predictions",
      "D) To select features"
    ],
    "answer": "B",
    "explanation": "Testing data is used to evaluate how well a trained Machine Learning model generalizes to new, unseen data."
  },
  {
    "question": "Which algorithm is used for finding the nearest data points in classification?",
    "options": [
      "A) K-Nearest Neighbors",
      "B) Linear Regression",
      "C) Decision Trees",
      "D) Neural Networks"
    ],
    "answer": "A",
    "explanation": "K-Nearest Neighbors (KNN) classifies data points based on the majority class of their nearest neighbors in the feature space."
  },
  {
    "question": "Which metric is used to evaluate regression models?",
    "options": [
      "A) Precision",
      "B) Recall",
      "C) Mean Squared Error",
      "D) F1-Score"
    ],
    "answer": "C",
    "explanation": "Mean Squared Error (MSE) measures the average squared difference between predicted and actual values in regression tasks."
  },
  {
    "question": "What is a common cause of overfitting in Machine Learning?",
    "options": [
      "A) Using a very simple model",
      "B) Training on too much data",
      "C) Using a complex model with insufficient data",
      "D) Evaluating on test data"
    ],
    "answer": "C",
    "explanation": "Overfitting often occurs when a complex model is trained on insufficient data, causing it to memorize noise instead of learning general patterns."
  },
  {
    "question": "Which library is used for data manipulation in Machine Learning projects?",
    "options": [
      "A) TensorFlow",
      "B) Pandas",
      "C) Keras",
      "D) Scikit-learn"
    ],
    "answer": "B",
    "explanation": "Pandas is a Python library used for data manipulation and analysis, commonly used in Machine Learning for preprocessing data."
  },
  {
    "question": "Which type of Machine Learning is used for game playing?",
    "options": [
      "A) Supervised Learning",
      "B) Unsupervised Learning",
      "C) Reinforcement Learning",
      "D) Semi-Supervised Learning"
    ],
    "answer": "C",
    "explanation": "Reinforcement Learning is used for game playing, where an agent learns optimal actions through rewards and penalties."
  },
  {
    "question": "What are features in a Machine Learning model?",
    "options": [
      "A) Output predictions",
      "B) Input variables",
      "C) Evaluation metrics",
      "D) Model weights"
    ],
    "answer": "B",
    "explanation": "Features are the input variables or attributes used by a Machine Learning model to make predictions or decisions."
  },
  {
    "question": "Which algorithm splits data into branches for decision-making?",
    "options": [
      "A) Linear Regression",
      "B) Decision Trees",
      "C) K-Nearest Neighbors",
      "D) Support Vector Machines"
    ],
    "answer": "B",
    "explanation": "Decision Trees split data into branches based on feature values to make decisions, used for both classification and regression."
  },
  {
    "question": "Which metric measures the proportion of true positives among predicted positives?",
    "options": [
      "A) Accuracy",
      "B) Precision",
      "C) Recall",
      "D) F1-Score"
    ],
    "answer": "B",
    "explanation": "Precision measures the proportion of true positives among all predicted positives, indicating the accuracy of positive predictions."
  },
  {
    "question": "What can help prevent overfitting in Machine Learning?",
    "options": [
      "A) Using a more complex model",
      "B) Collecting more training data",
      "C) Training for fewer epochs",
      "D) Reducing feature selection"
    ],
    "answer": "B",
    "explanation": "Collecting more training data can help prevent overfitting by providing a more representative sample for the model to learn general patterns."
  },
  {
    "question": "Which library is built on top of TensorFlow for easier model building?",
    "options": [
      "A) Scikit-learn",
      "B) Keras",
      "C) Pandas",
      "D) NumPy"
    ],
    "answer": "B",
    "explanation": "Keras is a high-level API built on TensorFlow, designed to simplify the process of building and training deep learning models."
  },
  {
    "question": "Which type of Machine Learning is used for spam detection?",
    "options": [
      "A) Unsupervised Learning",
      "B) Supervised Learning",
      "C) Reinforcement Learning",
      "D) Semi-Supervised Learning"
    ],
    "answer": "B",
    "explanation": "Spam detection uses Supervised Learning, training on labeled data (spam vs. non-spam) to classify emails."
  },
  {
    "question": "What is the purpose of a model in Machine Learning?",
    "options": [
      "A) To store data",
      "B) To make predictions or decisions",
      "C) To visualize data",
      "D) To clean data"
    ],
    "answer": "B",
    "explanation": "A model in Machine Learning is a system trained to make predictions or decisions based on input data."
  },
  {
    "question": "Which algorithm uses a hyperplane to separate classes?",
    "options": [
      "A) Support Vector Machines",
      "B) Linear Regression",
      "C) K-Nearest Neighbors",
      "D) Decision Trees"
    ],
    "answer": "A",
    "explanation": "Support Vector Machines use a hyperplane to separate classes in the feature space, maximizing the margin between classes."
  },
  {
    "question": "Which metric measures the proportion of true positives among actual positives?",
    "options": [
      "A) Precision",
      "B) Recall",
      "C) Accuracy",
      "D) F1-Score"
    ],
    "answer": "B",
    "explanation": "Recall measures the proportion of true positives among all actual positives, indicating the model’s ability to identify positive instances."
  },
  {
    "question": "What is a sign of underfitting in Machine Learning?",
    "options": [
      "A) High training error",
      "B) Low training error",
      "C) High test accuracy",
      "D) Complex model structure"
    ],
    "answer": "A",
    "explanation": "Underfitting is indicated by high training error, as the model fails to capture patterns even in the training data."
  },
  {
    "question": "Which library is used for numerical computations in Machine Learning?",
    "options": [
      "A) NumPy",
      "B) Flask",
      "C) Django",
      "D) Matplotlib"
    ],
    "answer": "A",
    "explanation": "NumPy is a Python library used for numerical computations, essential for handling arrays and matrices in Machine Learning."
  },
  {
    "question": "Which type of Machine Learning is used for market basket analysis?",
    "options": [
      "A) Supervised Learning",
      "B) Unsupervised Learning",
      "C) Reinforcement Learning",
      "D) Semi-Supervised Learning"
    ],
    "answer": "B",
    "explanation": "Market basket analysis uses Unsupervised Learning to find associations between items, such as through association rule mining."
  },
  {
    "question": "What is the role of testing data in Machine Learning?",
    "options": [
      "A) To train the model",
      "B) To evaluate model generalization",
      "C) To select features",
      "D) To store predictions"
    ],
    "answer": "B",
    "explanation": "Testing data is used to evaluate how well a Machine Learning model generalizes to new, unseen data."
  },
  {
    "question": "Which algorithm is non-parametric and based on distance metrics?",
    "options": [
      "A) Linear Regression",
      "B) K-Nearest Neighbors",
      "C) Decision Trees",
      "D) Neural Networks"
    ],
    "answer": "B",
    "explanation": "K-Nearest Neighbors is a non-parametric algorithm that uses distance metrics to classify or predict based on the nearest data points."
  },
  {
    "question": "Which metric is used to evaluate the balance between precision and recall?",
    "options": [
      "A) Accuracy",
      "B) F1-Score",
      "C) Mean Squared Error",
      "D) Confusion Matrix"
    ],
    "answer": "B",
    "explanation": "The F1-Score is the harmonic mean of precision and recall, balancing the two metrics for classification evaluation."
  },
  {
    "question": "What can cause overfitting in a Machine Learning model?",
    "options": [
      "A) Using too little training data",
      "B) Using a very simple model",
      "C) Using too much testing data",
      "D) Using a small number of features"
    ],
    "answer": "A",
    "explanation": "Using too little training data can cause overfitting, as the model may memorize the limited data instead of learning general patterns."
  },
  {
    "question": "Which library is used for deep learning with GPU support?",
    "options": [
      "A) Scikit-learn",
      "B) PyTorch",
      "C) Pandas",
      "D) NumPy"
    ],
    "answer": "B",
    "explanation": "PyTorch is a deep learning library that supports GPU acceleration, widely used for building and training neural networks."
  },
  {
    "question": "Which type of Machine Learning is used for price prediction?",
    "options": [
      "A) Unsupervised Learning",
      "B) Supervised Learning",
      "C) Reinforcement Learning",
      "D) Semi-Supervised Learning"
    ],
    "answer": "B",
    "explanation": "Price prediction is a regression task that uses Supervised Learning, training on labeled data to predict continuous values."
  },
  {
    "question": "What is a model in Machine Learning?",
    "options": [
      "A) A dataset",
      "B) A trained system for predictions",
      "C) A visualization tool",
      "D) A programming language"
    ],
    "answer": "B",
    "explanation": "A model is a trained system in Machine Learning that uses learned patterns to make predictions or decisions on new data."
  },
  {
    "question": "Which algorithm is used for hierarchical data splitting?",
    "options": [
      "A) Linear Regression",
      "B) Decision Trees",
      "C) K-Nearest Neighbors",
      "D) Support Vector Machines"
    ],
    "answer": "B",
    "explanation": "Decision Trees use hierarchical data splitting based on feature values to make decisions for classification or regression."
  },
  {
    "question": "Which metric is used to evaluate regression model accuracy?",
    "options": [
      "A) Precision",
      "B) Recall",
      "C) Mean Squared Error",
      "D) F1-Score"
    ],
    "answer": "C",
    "explanation": "Mean Squared Error (MSE) is used to evaluate regression models by measuring the average squared difference between predicted and actual values."
  },
  {
    "question": "What is a common technique to reduce overfitting?",
    "options": [
      "A) Increasing model complexity",
      "B) Adding regularization",
      "C) Reducing training data",
      "D) Ignoring test data"
    ],
    "answer": "B",
    "explanation": "Regularization techniques, like L1 or L2 regularization, reduce overfitting by penalizing overly complex models."
  },
  {
    "question": "Which library is used for data visualization in Machine Learning?",
    "options": [
      "A) Matplotlib",
      "B) Flask",
      "C) Django",
      "D) TensorFlow"
    ],
    "answer": "A",
    "explanation": "Matplotlib is a Python library used for data visualization, commonly used in Machine Learning to plot data and model results."
  },
  {
    "question": "Which type of Machine Learning is used for robot navigation?",
    "options": [
      "A) Supervised Learning",
      "B) Unsupervised Learning",
      "C) Reinforcement Learning",
      "D) Semi-Supervised Learning"
    ],
    "answer": "C",
    "explanation": "Robot navigation uses Reinforcement Learning, where the robot learns optimal paths through trial and error with rewards."
  },
  {
    "question": "What are labels in supervised Machine Learning?",
    "options": [
      "A) Input features",
      "B) Output variables",
      "C) Model parameters",
      "D) Test data"
    ],
    "answer": "B",
    "explanation": "Labels in supervised Machine Learning are the output variables or target values the model is trained to predict."
  },
  {
    "question": "Which algorithm maximizes the margin between classes?",
    "options": [
      "A) Support Vector Machines",
      "B) Linear Regression",
      "C) K-Nearest Neighbors",
      "D) Decision Trees"
    ],
    "answer": "A",
    "explanation": "Support Vector Machines maximize the margin between classes by finding the optimal hyperplane that separates them."
  },
  {
    "question": "Which metric evaluates the proportion of correct positive predictions?",
    "options": [
      "A) Accuracy",
      "B) Precision",
      "C) Recall",
      "D) F1-Score"
    ],
    "answer": "B",
    "explanation": "Precision evaluates the proportion of correct positive predictions among all positive predictions made by the model."
  }
]
}