{
  "OOP":[
  {
    "question": "What is the primary difference between a class and an object?",
    "options": [
      "A) A class is an instance of an object",
      "B) A class is a blueprint, and an object is an instance of that blueprint",
      "C) A class is a function, and an object is a variable",
      "D) A class and an object are the same"
    ],
    "answer": "B",
    "explanation": "A class defines the structure and behavior (blueprint), while an object is a specific instance created from that class."
  },
  {
    "question": "Which keyword is used to define a class in most object-oriented programming languages?",
    "options": [
      "A) struct",
      "B) class",
      "C) object",
      "D) interface"
    ],
    "answer": "B",
    "explanation": "The 'class' keyword is used to define a class in languages like Java, C++, and Python."
  },
  {
    "question": "What does encapsulation in OOP primarily achieve?",
    "options": [
      "A) Code reusability",
      "B) Data hiding and bundling",
      "C) Method overriding",
      "D) Dynamic method dispatch"
    ],
    "answer": "B",
    "explanation": "Encapsulation bundles data and methods together and restricts access to some components, ensuring data hiding."
  },
  {
    "question": "Which access modifier makes a class member accessible only within the same class?",
    "options": [
      "A) public",
      "B) protected",
      "C) private",
      "D) default"
    ],
    "answer": "C",
    "explanation": "The 'private' access modifier restricts access to the class itself."
  },
  {
    "question": "What is the purpose of a getter method in encapsulation?",
    "options": [
      "A) To modify private fields directly",
      "B) To provide controlled access to private fields",
      "C) To delete private fields",
      "D) To make fields public"
    ],
    "answer": "B",
    "explanation": "Getters allow controlled read access to private fields without exposing them directly."
  },
  {
    "question": "Which OOP concept allows a class to inherit properties from another class?",
    "options": [
      "A) Polymorphism",
      "B) Encapsulation",
      "C) Inheritance",
      "D) Abstraction"
    ],
    "answer": "C",
    "explanation": "Inheritance allows a class (subclass) to inherit properties and methods from another class (superclass)."
  },
  {
    "question": "What type of inheritance involves multiple levels of classes inheriting from one another?",
    "options": [
      "A) Single inheritance",
      "B) Multilevel inheritance",
      "C) Hierarchical inheritance",
      "D) Multiple inheritance"
    ],
    "answer": "B",
    "explanation": "Multilevel inheritance involves a chain of classes where a class inherits from a class that itself inherits from another."
  },
  {
    "question": "Which of the following is an example of compile-time polymorphism?",
    "options": [
      "A) Method overriding",
      "B) Method overloading",
      "C) Dynamic dispatch",
      "D) Virtual functions"
    ],
    "answer": "B",
    "explanation": "Method overloading, where multiple methods share the same name but have different parameters, is resolved at compile time."
  },
  {
    "question": "What is method overriding in OOP?",
    "options": [
      "A) Defining multiple methods with the same name in the same class",
      "B) A subclass providing a specific implementation of a method defined in its parent class",
      "C) Hiding a method from the parent class",
      "D) Changing the access modifier of a method"
    ],
    "answer": "B",
    "explanation": "Method overriding occurs when a subclass redefines a method from its parent class to provide a specific implementation."
  },
  {
    "question": "What is the main purpose of abstraction in OOP?",
    "options": [
      "A) To expose all implementation details",
      "B) To hide complex implementation and show only essential features",
      "C) To allow multiple inheritance",
      "D) To create static methods"
    ],
    "answer": "B",
    "explanation": "Abstraction hides complex implementation details and exposes only the necessary functionality to the user."
  },
  {
    "question": "Which of the following is used to achieve abstraction in OOP?",
    "options": [
      "A) Static methods",
      "B) Abstract classes and interfaces",
      "C) Private variables",
      "D) Constructors"
    ],
    "answer": "B",
    "explanation": "Abstract classes and interfaces provide a way to define abstract methods and achieve abstraction."
  },
  {
    "question": "What is a constructor in OOP?",
    "options": [
      "A) A method to destroy an object",
      "B) A special method to initialize an object",
      "C) A method to copy an object",
      "D) A static method to access class variables"
    ],
    "answer": "B",
    "explanation": "A constructor is a special method called when an object is created to initialize its state."
  },
  {
    "question": "What happens if a class does not define a constructor explicitly?",
    "options": [
      "A) The class cannot be instantiated",
      "B) A default constructor is provided by the compiler",
      "C) The class uses a destructor instead",
      "D) An error occurs during compilation"
    ],
    "answer": "B",
    "explanation": "If no constructor is defined, the compiler provides a default constructor with no parameters."
  },
  {
    "question": "Which access modifier allows a class member to be accessed by subclasses?",
    "options": [
      "A) private",
      "B) protected",
      "C) public",
      "D) Both B and C"
    ],
    "answer": "D",
    "explanation": "Both 'protected' and 'public' allow access by subclasses, but 'protected' restricts access outside the class hierarchy."
  },
  {
    "question": "What does the 'static' keyword indicate in OOP?",
    "options": [
      "A) A method that cannot be overridden",
      "B) A member that belongs to the class rather than an instance",
      "C) A variable that cannot be modified",
      "D) A method that is abstract"
    ],
    "answer": "B",
    "explanation": "Static members belong to the class itself, not to any specific object instance."
  },
  {
    "question": "What is the purpose of the 'this' keyword in a class?",
    "options": [
      "A) To refer to the parent class",
      "B) To refer to the current object instance",
      "C) To create a new object",
      "D) To call a static method"
    ],
    "answer": "B",
    "explanation": "The 'this' keyword refers to the current object instance within a class."
  },
  {
    "question": "Which type of class relationship is described as a 'has-a' relationship?",
    "options": [
      "A) Association",
      "B) Aggregation",
      "C) Composition",
      "D) Both B and C"
    ],
    "answer": "D",
    "explanation": "Both aggregation and composition represent 'has-a' relationships, with composition being stronger."
  },
  {
    "question": "What is the key difference between aggregation and composition?",
    "options": [
      "A) Aggregation is a stronger relationship than composition",
      "B) Composition implies ownership, while aggregation does not",
      "C) Aggregation cannot involve multiple objects",
      "D) Composition is used only in inheritance"
    ],
    "answer": "B",
    "explanation": "Composition implies the contained object cannot exist without the container, while aggregation is a looser relationship."
  },
  {
    "question": "Which of the following best describes method overloading?",
    "options": [
      "A) Redefining a method in a subclass",
      "B) Defining multiple methods with the same name but different parameters",
      "C) Hiding a parent class method",
      "D) Calling a method dynamically at runtime"
    ],
    "answer": "B",
    "explanation": "Method overloading involves multiple methods with the same name but different parameter lists in the same class."
  },
  {
    "question": "Which OOP principle is violated if a subclass cannot override a parent class method?",
    "options": [
      "A) Encapsulation",
      "B) Inheritance",
      "C) Polymorphism",
      "D) Abstraction"
    ],
    "answer": "C",
    "explanation": "Polymorphism, specifically method overriding, allows a subclass to provide a specific implementation of a parent class method."
  },
  {
    "question": "What is an interface in OOP?",
    "options": [
      "A) A class with only private methods",
      "B) A blueprint for a class that defines abstract methods",
      "C) A method that cannot be overridden",
      "D) A static class with no instances"
    ],
    "answer": "B",
    "explanation": "An interface defines a contract of methods that a class must implement, typically without providing implementations."
  },
  {
    "question": "Which of the following is true about a destructor?",
    "options": [
      "A) It is called when an object is created",
      "B) It is used to clean up resources when an object is destroyed",
      "C) It must be called manually",
      "D) It is the same as a constructor"
    ],
    "answer": "B",
    "explanation": "A destructor is a special method called automatically when an object is destroyed to release resources."
  },
  {
    "question": "What is the default access modifier in a class if none is specified?",
    "options": [
      "A) public",
      "B) private",
      "C) protected",
      "D) It depends on the programming language"
    ],
    "answer": "D",
    "explanation": "The default access modifier varies by language (e.g., 'package-private' in Java, 'public' in Python)."
  },
  {
    "question": "Which keyword is used to inherit a class in Java?",
    "options": [
      "A) implements",
      "B) extends",
      "C) inherits",
      "D) super"
    ],
    "answer": "B",
    "explanation": "The 'extends' keyword is used in Java to indicate that a class inherits from another class."
  },
  {
    "question": "What is the result of calling a static method?",
    "options": [
      "A) It requires an object instance",
      "B) It can be called using the class name",
      "C) It cannot access class variables",
      "D) It is always abstract"
    ],
    "answer": "B",
    "explanation": "Static methods belong to the class and can be called using the class name without creating an object."
  },
  {
    "question": "Which of the following is NOT a feature of OOP?",
    "options": [
      "A) Encapsulation",
      "B) Inheritance",
      "C) Recursion",
      "D) Polymorphism"
    ],
    "answer": "C",
    "explanation": "Recursion is a programming concept, not a core feature of OOP."
  },
  {
    "question": "What does the 'protected' access modifier allow?",
    "options": [
      "A) Access only within the same class",
      "B) Access within the same package and subclasses",
      "C) Access from any class",
      "D) Access only from static methods"
    ],
    "answer": "B",
    "explanation": "The 'protected' modifier allows access within the same package and also in subclasses, even in different packages."
  },
  {
    "question": "Which of the following is true about the 'this' keyword?",
    "options": [
      "A) It refers to a static method",
      "B) It can be used to differentiate instance variables from local variables",
      "C) It is used to call a destructor",
      "D) It refers to the parent class"
    ],
    "answer": "B",
    "explanation": "'this' is used to refer to the current object's instance variables, especially when shadowed by local variables."
  },
  {
    "question": "What is composition in OOP?",
    "options": [
      "A) A weak relationship between classes",
      "B) A strong 'owns-a' relationship where the contained object cannot exist independently",
      "C) A type of inheritance",
      "D) A method to override parent class behavior"
    ],
    "answer": "B",
    "explanation": "Composition is a strong relationship where the lifecycle of the contained object is tied to the container."
  },
  {
    "question": "Which type of polymorphism is achieved through method overriding?",
    "options": [
      "A) Compile-time polymorphism",
      "B) Run-time polymorphism",
      "C) Static polymorphism",
      "D) Structural polymorphism"
    ],
    "answer": "B",
    "explanation": "Method overriding allows run-time polymorphism, where the method to be called is determined at runtime."
  },
  {
    "question": "What is the purpose of a setter method in encapsulation?",
    "options": [
      "A) To provide read-only access to private fields",
      "B) To allow controlled modification of private fields",
      "C) To delete private fields",
      "D) To make fields static"
    ],
    "answer": "B",
    "explanation": "Setters provide controlled write access to private fields, often with validation logic."
  },
  {
    "question": "Which of the following is true about abstract classes?",
    "options": [
      "A) They cannot have any methods",
      "B) They cannot be instantiated directly",
      "C) They must contain only abstract methods",
      "D) They cannot be inherited"
    ],
    "answer": "B",
    "explanation": "Abstract classes cannot be instantiated directly and may contain both abstract and concrete methods."
  },
  {
    "question": "What is the main benefit of using interfaces in OOP?",
    "options": [
      "A) They allow multiple inheritance in languages that don’t support it",
      "B) They provide concrete method implementations",
      "C) They replace abstract classes entirely",
      "D) They make methods private"
    ],
    "answer": "A",
    "explanation": "Interfaces allow a form of multiple inheritance by defining a contract that classes can implement."
  },
  {
    "question": "Which of the following is a characteristic of a static variable?",
    "options": [
      "A) It is unique to each object instance",
      "B) It is shared across all instances of a class",
      "C) It cannot be modified",
      "D) It is always private"
    ],
    "answer": "B",
    "explanation": "Static variables are shared across all instances of a class and belong to the class itself."
  },
  {
    "question": "What happens when a subclass overrides a method?",
    "options": [
      "A) The parent class method is deleted",
      "B) The subclass provides its own implementation of the method",
      "C) The method becomes static",
      "D) The method cannot be called"
    ],
    "answer": "B",
    "explanation": "Overriding allows a subclass to provide a specific implementation of a method inherited from the parent class."
  },
  {
    "question": "Which of the following best describes association in OOP?",
    "options": [
      "A) A strong ownership relationship",
      "B) A general relationship between classes",
      "C) A type of inheritance",
      "D) A method to hide data"
    ],
    "answer": "B",
    "explanation": "Association is a general relationship between classes, often implemented through references."
  },
  {
    "question": "What is the key characteristic of hierarchical inheritance?",
    "options": [
      "A) One class inherits from multiple parent classes",
      "B) Multiple classes inherit from a single parent class",
      "C) A class inherits from itself",
      "D) A class has no parent class"
    ],
    "answer": "B",
    "explanation": "Hierarchical inheritance occurs when multiple classes inherit from a single parent class."
  },
  {
    "question": "Which of the following is true about constructors?",
    "options": [
      "A) They can return a value",
      "B) They have the same name as the class",
      "C) They are always static",
      "D) They are only used in abstract classes"
    ],
    "answer": "B",
    "explanation": "Constructors have the same name as the class and are used to initialize objects."
  },
  {
    "question": "What is the role of a destructor in OOP?",
    "options": [
      "A) To initialize an object",
      "B) To copy an object",
      "C) To clean up resources when an object is destroyed",
      "D) To override a parent class method"
    ],
    "answer": "C",
    "explanation": "Destructors are called when an object is destroyed to release resources like memory or file handles."
  },
  {
    "question": "Which access modifier provides the least restrictive access?",
    "options": [
      "A) private",
      "B) protected",
      "C) public",
      "D) default"
    ],
    "answer": "C",
    "explanation": "The 'public' access modifier allows access from any class or package."
  },
  {
    "question": "What is the purpose of the 'super' keyword in OOP?",
    "options": [
      "A) To refer to the current object",
      "B) To call a parent class’s constructor or method",
      "C) To make a method static",
      "D) To create an abstract class"
    ],
    "answer": "B",
    "explanation": "The 'super' keyword is used to access methods or constructors of the parent class."
  },
  {
    "question": "Which of the following is an example of run-time polymorphism?",
    "options": [
      "A) Method overloading",
      "B) Method overriding",
      "C) Static method calls",
      "D) Constructor overloading"
    ],
    "answer": "B",
    "explanation": "Method overriding enables run-time polymorphism, where the method called is determined at runtime."
  },
  {
    "question": "What is the main difference between an abstract class and an interface?",
    "options": [
      "A) An interface can have concrete methods",
      "B) An abstract class cannot be inherited",
      "C) An abstract class can have concrete methods, while an interface typically cannot",
      "D) An interface cannot be implemented"
    ],
    "answer": "C",
    "explanation": "Abstract classes can have both abstract and concrete methods, while interfaces traditionally have only abstract methods."
  },
  {
    "question": "Which of the following is true about static methods?",
    "options": [
      "A) They can access instance variables directly",
      "B) They can only be called by creating an object",
      "C) They belong to the class, not an instance",
      "D) They are always abstract"
    ],
    "answer": "C",
    "explanation": "Static methods belong to the class and can be called without creating an object."
  },
  {
    "question": "What is the benefit of encapsulation in OOP?",
    "options": [
      "A) It allows multiple inheritance",
      "B) It improves code reusability and security",
      "C) It enables run-time polymorphism",
      "D) It eliminates the need for constructors"
    ],
    "answer": "B",
    "explanation": "Encapsulation enhances security by hiding data and improves reusability by bundling related data and methods."
  },
  {
    "question": "Which type of relationship is aggregation in OOP?",
    "options": [
      "A) A strong 'owns-a' relationship",
      "B) A weak 'has-a' relationship",
      "C) A type of inheritance",
      "D) A method to override behavior"
    ],
    "answer": "B",
    "explanation": "Aggregation is a weak 'has-a' relationship where the contained object can exist independently."
  },
  {
    "question": "What is the purpose of method overloading?",
    "options": [
      "A) To allow a subclass to redefine a method",
      "B) To provide multiple ways to call a method with different parameters",
      "C) To make a method static",
      "D) To hide a parent class method"
    ],
    "answer": "B",
    "explanation": "Method overloading allows multiple methods with the same name but different parameters for flexibility."
  },
  {
    "question": "Which of the following is a characteristic of an abstract method?",
    "options": [
      "A) It must have a body",
      "B) It must be static",
      "C) It has no implementation in the class where it is declared",
      "D) It cannot be overridden"
    ],
    "answer": "C",
    "explanation": "An abstract method is declared without an implementation and must be implemented by subclasses."
  },
  {
    "question": "What is the result of using the 'private' access modifier on a method?",
    "options": [
      "A) The method can be accessed by subclasses",
      "B) The method is only accessible within the same class",
      "C) The method can be called from any class",
      "D) The method becomes static"
    ],
    "answer": "B",
    "explanation": "A 'private' method is only accessible within the class where it is defined."
  },
  {
    "question": "Which OOP concept allows objects to be treated as instances of their parent class?",
    "options": [
      "A) Encapsulation",
      "B) Polymorphism",
      "C) Abstraction",
      "D) Association"
    ],
    "answer": "B",
    "explanation": "Polymorphism allows objects to be treated as instances of their parent class, especially through method overriding."
  },
  {
    "question": "What is the role of the 'this' keyword when calling a constructor?",
    "options": [
      "A) To call another constructor in the same class",
      "B) To call a parent class constructor",
      "C) To create a new object",
      "D) To make the constructor static"
    ],
    "answer": "A",
    "explanation": "'this' can be used to call another constructor in the same class (constructor chaining)."
  },
  {
    "question": "Which of the following is true about composition in OOP?",
    "options": [
      "A) The contained object can exist independently",
      "B) The container object controls the lifecycle of the contained object",
      "C) It is a type of inheritance",
      "D) It is weaker than aggregation"
    ],
    "answer": "B",
    "explanation": "In composition, the container object owns the contained object, controlling its lifecycle."
  },
  {
    "question": "What is the main advantage of using inheritance in OOP?",
    "options": [
      "A) It hides data",
      "B) It promotes code reusability",
      "C) It eliminates the need for constructors",
      "D) It prevents method overriding"
    ],
    "answer": "B",
    "explanation": "Inheritance allows subclasses to reuse code from parent classes, reducing redundancy."
  },
  {
    "question": "Which of the following is a feature of run-time polymorphism?",
    "options": [
      "A) It is resolved at compile time",
      "B) It uses method overloading",
      "C) It involves dynamic method dispatch",
      "D) It requires static methods"
    ],
    "answer": "C",
    "explanation": "Run-time polymorphism uses dynamic method dispatch to determine which method to call at runtime."
  },
  {
    "question": "What is the purpose of an abstract class in OOP?",
    "options": [
      "A) To provide a complete implementation of all methods",
      "B) To serve as a base class with some methods left unimplemented",
      "C) To prevent inheritance",
      "D) To make all methods static"
    ],
    "answer": "B",
    "explanation": "Abstract classes provide a partial implementation and serve as a base for subclasses to extend."
  },
  {
    "question": "Which of the following is true about the 'protected' access modifier?",
    "options": [
      "A) It restricts access to the same class only",
      "B) It allows access within the same package and subclasses",
      "C) It makes members accessible globally",
      "D) It prevents inheritance"
    ],
    "answer": "B",
    "explanation": "'protected' allows access within the same package and in subclasses, even across packages."
  },
  {
    "question": "What is the key difference between method overloading and method overriding?",
    "options": [
      "A) Overloading occurs in subclasses, while overriding occurs in the same class",
      "B) Overloading involves different parameter lists, while overriding uses the same signature",
      "C) Overloading is run-time polymorphism, while overriding is compile-time",
      "D) Overloading cannot be used with inheritance"
    ],
    "answer": "B",
    "explanation": "Overloading uses different parameter lists in the same class, while overriding redefines a method with the same signature in a subclass."
  },
  {
    "question": "Which of the following best describes an interface in OOP?",
    "options": [
      "A) A class with only concrete methods",
      "B) A contract that specifies methods a class must implement",
      "C) A class that cannot be inherited",
      "D) A method to hide implementation details"
    ],
    "answer": "B",
    "explanation": "An interface defines a contract of methods that implementing classes must provide."
  },
  {
    "question": "What is the effect of declaring a variable as static in a class?",
    "options": [
      "A) Each object gets its own copy of the variable",
      "B) The variable is shared across all instances of the class",
      "C) The variable cannot be modified",
      "D) The variable is only accessible within the class"
    ],
    "answer": "B",
    "explanation": "A static variable is shared across all instances of the class and belongs to the class itself."
  },
  {
    "question": "Which of the following is true about destructors?",
    "options": [
      "A) They are called when an object is created",
      "B) They are used to initialize object state",
      "C) They are called automatically when an object is destroyed",
      "D) They must be called explicitly"
    ],
    "answer": "C",
    "explanation": "Destructors are automatically called when an object is destroyed to clean up resources."
  },
  {
    "question": "What is the purpose of the 'public' access modifier?",
    "options": [
      "A) To restrict access to the same class",
      "B) To allow access from any class or package",
      "C) To prevent inheritance",
      "D) To make a method static"
    ],
    "answer": "B",
    "explanation": "The 'public' access modifier allows unrestricted access to the member from any class or package."
  },
  {
    "question": "Which keyword in Python is used to define a class?",
    "options": [
      "A) def",
      "B) class",
      "C) struct",
      "D) object"
    ],
    "answer": "B",
    "explanation": "In Python, the 'class' keyword is used to define a class."
  },
  {
    "question": "What is the effect of making a class member private?",
    "options": [
      "A) It can be accessed by any class",
      "B) It can only be accessed within the same class",
      "C) It becomes static",
      "D) It can be accessed only by subclasses"
    ],
    "answer": "B",
    "explanation": "Private members are only accessible within the class they are defined in."
  },
  {
    "question": "Which of the following is a valid reason to use inheritance?",
    "options": [
      "A) To hide implementation details",
      "B) To promote code reuse and establish a relationship between classes",
      "C) To prevent method overloading",
      "D) To make all methods static"
    ],
    "answer": "B",
    "explanation": "Inheritance promotes code reuse by allowing subclasses to inherit properties and methods from a parent class."
  },
  {
    "question": "What is the outcome of using method overloading in a class?",
    "options": [
      "A) It allows a method to be redefined in a subclass",
      "B) It enables multiple methods with the same name but different parameters",
      "C) It makes the method abstract",
      "D) It prevents the method from being overridden"
    ],
    "answer": "B",
    "explanation": "Method overloading allows multiple methods with the same name but different parameter lists in the same class."
  },
  {
    "question": "Which of the following is true about an abstract method?",
    "options": [
      "A) It must have a complete implementation",
      "B) It is declared without an implementation",
      "C) It cannot be overridden",
      "D) It is always static"
    ],
    "answer": "B",
    "explanation": "An abstract method is declared without an implementation and must be implemented by subclasses."
  },
  {
    "question": "What is the purpose of using the 'protected' access modifier in a class?",
    "options": [
      "A) To restrict access to static methods only",
      "B) To allow access within the same package and subclasses",
      "C) To make members globally accessible",
      "D) To prevent any access outside the class"
    ],
    "answer": "B",
    "explanation": "The 'protected' access modifier allows access within the same package and in subclasses."
  },
  {
    "question": "Which of the following is a characteristic of polymorphism in OOP?",
    "options": [
      "A) It restricts method access",
      "B) It allows objects to be treated as instances of their parent class",
      "C) It prevents code reuse",
      "D) It eliminates the need for constructors"
    ],
    "answer": "B",
    "explanation": "Polymorphism allows objects to be treated as instances of their parent class, enabling flexibility."
  },
  {
    "question": "What happens when a constructor is overloaded?",
    "options": [
      "A) The constructor becomes static",
      "B) Multiple constructors with different parameter lists are defined",
      "C) The constructor cannot be called",
      "D) The constructor is inherited"
    ],
    "answer": "B",
    "explanation": "Constructor overloading allows multiple constructors with different parameter lists in the same class."
  },
  {
    "question": "Which of the following is true about the 'super' keyword?",
    "options": [
      "A) It refers to the current object instance",
      "B) It is used to access methods or constructors of the parent class",
      "C) It makes a method abstract",
      "D) It prevents method overriding"
    ],
    "answer": "B",
    "explanation": "The 'super' keyword is used to call methods or constructors of the parent class."
  },
  {
    "question": "What is the key difference between single and multiple inheritance?",
    "options": [
      "A) Single inheritance involves multiple parent classes",
      "B) Multiple inheritance allows a class to inherit from more than one parent class",
      "C) Single inheritance is not supported in OOP",
      "D) Multiple inheritance is resolved at compile time"
    ],
    "answer": "B",
    "explanation": "Multiple inheritance allows a class to inherit from multiple parent classes, while single inheritance involves only one parent class."
  },
  {
    "question": "Which of the following is a benefit of using abstraction?",
    "options": [
      "A) It exposes all implementation details",
      "B) It simplifies complex systems by hiding unnecessary details",
      "C) It prevents method overloading",
      "D) It eliminates the need for inheritance"
    ],
    "answer": "B",
    "explanation": "Abstraction simplifies systems by hiding complex implementation details and showing only essential features."
  },
  {
    "question": "What is the purpose of a default constructor?",
    "options": [
      "A) To initialize an object with default values",
      "B) To override a parent class constructor",
      "C) To make a constructor static",
      "D) To prevent object creation"
    ],
    "answer": "A",
    "explanation": "A default constructor initializes an object with default values when no constructor is explicitly defined."
  },
  {
    "question": "Which of the following is true about static methods in OOP?",
    "options": [
      "A) They can directly access instance variables",
      "B) They belong to the class and do not require an object instance",
      "C) They are always overridden",
      "D) They cannot be called"
    ],
    "answer": "B",
    "explanation": "Static methods belong to the class and can be called without creating an object instance."
  },
  {
    "question": "What is the main difference between association and aggregation?",
    "options": [
      "A) Association is a stronger relationship than aggregation",
      "B) Aggregation implies a 'has-a' relationship, while association is more general",
      "C) Association cannot involve multiple objects",
      "D) Aggregation is a type of inheritance"
    ],
    "answer": "B",
    "explanation": "Aggregation is a specific type of association that represents a 'has-a' relationship, while association is a more general connection."
  },
  {
    "question": "Which of the following is true about method overriding?",
    "options": [
      "A) It occurs within the same class",
      "B) It requires the same method signature in the subclass",
      "C) It is resolved at compile time",
      "D) It cannot involve inheritance"
    ],
    "answer": "B",
    "explanation": "Method overriding requires the subclass to redefine a method with the same signature as the parent class."
  },
  {
    "question": "What is the purpose of an interface in a programming language like Java?",
    "options": [
      "A) To provide a complete method implementation",
      "B) To define a contract that classes must follow",
      "C) To prevent inheritance",
      "D) To make all methods static"
    ],
    "answer": "B",
    "explanation": "An interface defines a contract of methods that implementing classes must provide."
  },
  {
    "question": "Which of the following is a characteristic of a destructor?",
    "options": [
      "A) It is called when an object is created",
      "B) It cannot be defined explicitly",
      "C) It is used to release resources when an object is destroyed",
      "D) It must return a value"
    ],
    "answer": "C",
    "explanation": "A destructor is used to clean up resources when an object is destroyed."
  },
  {
    "question": "What happens if a class tries to inherit from a final class in Java?",
    "options": [
      "A) The class can inherit without issues",
      "B) A compilation error occurs",
      "C) The class becomes abstract",
      "D) The class becomes static"
    ],
    "answer": "B",
    "explanation": "A final class in Java cannot be inherited, and attempting to do so results in a compilation error."
  },
  {
    "question": "Which of the following is true about the 'this' keyword in a constructor?",
    "options": [
      "A) It cannot be used in a constructor",
      "B) It is used to call another constructor in the same class",
      "C) It refers to the parent class",
      "D) It makes the constructor static"
    ],
    "answer": "B",
    "explanation": "'this' can be used in a constructor to call another constructor in the same class (constructor chaining)."
  },
  {
    "question": "What is the purpose of using getters and setters in encapsulation?",
    "options": [
      "A) To make fields public",
      "B) To provide controlled access to private fields",
      "C) To prevent inheritance",
      "D) To make methods static"
    ],
    "answer": "B",
    "explanation": "Getters and setters provide controlled access to private fields, allowing validation and encapsulation."
  },
  {
    "question": "Which of the following is a valid example of composition?",
    "options": [
      "A) A class inheriting from another class",
      "B) A car object containing an engine object that cannot exist independently",
      "C) A class with a static method",
      "D) A class with private fields"
    ],
    "answer": "B",
    "explanation": "Composition involves a strong 'owns-a' relationship, like a car owning an engine that cannot exist without the car."
  },
  {
    "question": "What is the main benefit of using polymorphism in OOP?",
    "options": [
      "A) It hides data",
      "B) It allows flexibility in method calls",
      "C) It prevents code reuse",
      "D) It eliminates the need for constructors"
    ],
    "answer": "B",
    "explanation": "Polymorphism allows flexibility by enabling objects to be treated as instances of their parent class or interface."
  },
  {
    "question": "Which of the following is true about a static variable?",
    "options": [
      "A) It is unique to each object instance",
      "B) It is shared across all instances of the class",
      "C) It cannot be accessed by static methods",
      "D) It is always private"
    ],
    "answer": "B",
    "explanation": "A static variable is shared across all instances of the class and belongs to the class itself."
  },
  {
    "question": "What is the purpose of an abstract class in Java?",
    "options": [
      "A) To provide a complete implementation of all methods",
      "B) To serve as a base class that cannot be instantiated",
      "C) To prevent method overriding",
      "D) To make all methods static"
    ],
    "answer": "B",
    "explanation": "An abstract class serves as a base class that cannot be instantiated and may contain abstract methods."
  },
  {
    "question": "Which of the following is true about method overloading?",
    "options": [
      "A) It requires inheritance",
      "B) It involves methods with the same name but different parameters",
      "C) It is resolved at runtime",
      "D) It prevents method overriding"
    ],
    "answer": "B",
    "explanation": "Method overloading involves defining multiple methods with the same name but different parameter lists."
  },
  {
    "question": "What is the effect of using the 'private' access modifier on a constructor?",
    "options": [
      "A) The constructor can be called from any class",
      "B) The constructor can only be called within the same class",
      "C) The constructor becomes static",
      "D) The constructor cannot be overloaded"
    ],
    "answer": "B",
    "explanation": "A private constructor can only be called within the same class, often used in singleton patterns."
  },
  {
    "question": "Which OOP concept is demonstrated when a subclass redefines a parent class method?",
    "options": [
      "A) Encapsulation",
      "B) Polymorphism",
      "C) Abstraction",
      "D) Association"
    ],
    "answer": "B",
    "explanation": "Polymorphism is demonstrated through method overriding, where a subclass redefines a parent class method."
  },
  {
    "question": "What is the purpose of the 'implements' keyword in Java?",
    "options": [
      "A) To inherit a class",
      "B) To implement an interface",
      "C) To make a method static",
      "D) To call a parent class constructor"
    ],
    "answer": "B",
    "explanation": "The 'implements' keyword in Java is used to indicate that a class implements an interface."
  },
  {
    "question": "Which of the following is true about aggregation in OOP?",
    "options": [
      "A) The contained object cannot exist independently",
      "B) It represents a weak 'has-a' relationship",
      "C) It is a type of inheritance",
      "D) It requires method overriding"
    ],
    "answer": "B",
    "explanation": "Aggregation represents a weak 'has-a' relationship where the contained object can exist independently."
  },
  {
    "question": "What is the main difference between an abstract class and a concrete class?",
    "options": [
      "A) A concrete class cannot be inherited",
      "B) An abstract class cannot be instantiated",
      "C) A concrete class must have abstract methods",
      "D) An abstract class cannot have methods"
    ],
    "answer": "B",
    "explanation": "An abstract class cannot be instantiated, while a concrete class can."
  },
  {
    "question": "Which of the following is a valid use of the 'this' keyword?",
    "options": [
      "A) To call a static method",
      "B) To distinguish instance variables from local variables",
      "C) To make a method abstract",
      "D) To prevent inheritance"
    ],
    "answer": "B",
    "explanation": "'this' is used to distinguish instance variables from local variables with the same name."
  },
  {
    "question": "What is the purpose of a parameterized constructor?",
    "options": [
      "A) To initialize an object with specific values",
      "B) To make a constructor static",
      "C) To prevent object creation",
      "D) To override a parent class method"
    ],
    "answer": "A",
    "explanation": "A parameterized constructor initializes an object with specific values passed as parameters."
  },
  {
    "question": "Which of the following is true about hierarchical inheritance?",
    "options": [
      "A) A class inherits from multiple parent classes",
      "B) Multiple classes inherit from a single parent class",
      "C) A class inherits from itself",
      "D) It is not supported in OOP"
    ],
    "answer": "B",
    "explanation": "Hierarchical inheritance involves multiple classes inheriting from a single parent class."
  },
  {
    "question": "What is the effect of declaring a method as final in Java?",
    "options": [
      "A) The method cannot be overridden",
      "B) The method becomes static",
      "C) The method cannot be called",
      "D) The method becomes abstract"
    ],
    "answer": "A",
    "explanation": "A final method in Java cannot be overridden by subclasses."
  },
  {
    "question": "Which of the following is a benefit of using encapsulation?",
    "options": [
      "A) It allows direct access to all fields",
      "B) It protects data integrity through controlled access",
      "C) It prevents method overloading",
      "D) It eliminates the need for inheritance"
    ],
    "answer": "B",
    "explanation": "Encapsulation protects data integrity by controlling access to fields through getters and setters."
  },
  {
    "question": "What is the purpose of the 'extends' keyword in Java?",
    "options": [
      "A) To implement an interface",
      "B) To inherit a class",
      "C) To make a method static",
      "D) To call a parent class constructor"
    ],
    "answer": "B",
    "explanation": "The 'extends' keyword in Java is used to indicate that a class inherits from another class."
  }
]
}