{
"Problem Solving":[
  {
    "question": "What is the purpose of a function declaration in C?",
    "options": [
      "A) To define the function's implementation",
      "B) To inform the compiler about the function's signature",
      "C) To allocate memory for the function",
      "D) To execute the function immediately"
    ],
    "answer": "B",
    "explanation": "A function declaration informs the compiler about the function's name, return type, and parameters, allowing it to be used before its definition."
  },
  {
    "question": "How does passing a parameter by value differ from passing by reference in C?",
    "options": [
      "A) By value modifies the original variable, by reference does not",
      "B) By value creates a copy, by reference uses a pointer to the original",
      "C) By value is slower, by reference is faster",
      "D) By value uses pointers, by reference uses copies"
    ],
    "answer": "B",
    "explanation": "Passing by value creates a copy of the variable, so changes do not affect the original. Passing by reference uses a pointer, allowing modifications to the original."
  },
  {
    "question": "What is the return type of a function that does not return a value?",
    "options": [
      "A) int",
      "B) void",
      "C) char",
      "D) float"
    ],
    "answer": "B",
    "explanation": "A function that does not return a value is declared with a 'void' return type."
  },
  {
    "question": "What is recursion in C programming?",
    "options": [
      "A) A loop that runs indefinitely",
      "B) A function that calls itself",
      "C) A pointer to a function",
      "D) A static variable declaration"
    ],
    "answer": "B",
    "explanation": "Recursion occurs when a function calls itself to solve a problem by breaking it into smaller subproblems."
  },
  {
    "question": "What is the scope of a variable declared inside a function?",
    "options": [
      "A) Global scope",
      "B) File scope",
      "C) Local scope",
      "D) External scope"
    ],
    "answer": "C",
    "explanation": "Variables declared inside a function have local scope, meaning they are only accessible within that function."
  },
  {
    "question": "What does the 'static' keyword do when applied to a function?",
    "options": [
      "A) Makes the function accessible globally",
      "B) Limits the function's scope to the file",
      "C) Inline the function's code",
      "D) Allocates memory dynamically"
    ],
    "answer": "B",
    "explanation": "A 'static' function has internal linkage, restricting its scope to the file where it is defined."
  },
  {
    "question": "What is a function pointer in C?",
    "options": [
      "A) A pointer to a variable inside a function",
      "B) A pointer to the memory address of a function",
      "C) A pointer to a structure",
      "D) A pointer to an array"
    ],
    "answer": "B",
    "explanation": "A function pointer stores the memory address of a function, allowing it to be called dynamically."
  },
  {
    "question": "How do you define a structure in C?",
    "options": [
      "A) struct { int x; };",
      "B) structure { int x; };",
      "C) define struct { int x; };",
      "D) struct x { int };"
    ],
    "answer": "A",
    "explanation": "A structure is defined using the 'struct' keyword followed by a block containing member declarations."
  },
  {
    "question": "How do you access a structure member using a pointer?",
    "options": [
      "A) Using the dot (.) operator",
      "B) Using the arrow (->) operator",
      "C) Using the asterisk (*) operator",
      "D) Using the ampersand (&) operator"
    ],
    "answer": "B",
    "explanation": "The arrow (->) operator is used to access structure members through a pointer."
  },
  {
    "question": "What happens when a structure is passed to a function by value?",
    "options": [
      "A) The original structure is modified",
      "B) A copy of the structure is created",
      "C) The function cannot access the structure",
      "D) The structure is passed by reference"
    ],
    "answer": "B",
    "explanation": "Passing a structure by value creates a copy, so changes in the function do not affect the original."
  },
  {
    "question": "What is an array of structures in C?",
    "options": [
      "A) An array where each element is a pointer",
      "B) An array where each element is a structure",
      "C) A structure containing arrays",
      "D) A structure with a single array member"
    ],
    "answer": "B",
    "explanation": "An array of structures is an array where each element is an instance of a structure."
  },
  {
    "question": "What is a nested structure in C?",
    "options": [
      "A) A structure containing another structure as a member",
      "B) A structure with multiple pointers",
      "C) A structure with arrays",
      "D) A structure with function pointers"
    ],
    "answer": "A",
    "explanation": "A nested structure is a structure that includes another structure as one of its members."
  },
  {
    "question": "What is the purpose of 'typedef' with a structure?",
    "options": [
      "A) To allocate memory for the structure",
      "B) To create an alias for the structure type",
      "C) To define a function pointer",
      "D) To make the structure static"
    ],
    "answer": "B",
    "explanation": "'typedef' creates an alias for a structure type, simplifying its declaration."
  },
  {
    "question": "What is the key difference between a structure and a union in C?",
    "options": [
      "A) Structures allocate memory for each member, unions share memory",
      "B) Unions cannot have pointers, structures can",
      "C) Structures are dynamic, unions are static",
      "D) Unions have more members than structures"
    ],
    "answer": "A",
    "explanation": "In a structure, each member has its own memory. In a union, all members share the same memory space."
  },
  {
    "question": "What is a pointer in C?",
    "options": [
      "A) A variable that stores a memory address",
      "B) A variable that stores a value",
      "C) A function that returns a value",
      "D) A structure with members"
    ],
    "answer": "A",
    "explanation": "A pointer is a variable that stores the memory address of another variable."
  },
  {
    "question": "How are pointers and arrays related in C?",
    "options": [
      "A) Arrays cannot be used with pointers",
      "B) Array names are pointers to the first element",
      "C) Arrays are pointers to structures",
      "D) Pointers are arrays of integers"
    ],
    "answer": "B",
    "explanation": "In C, an array name acts as a pointer to the first element of the array."
  },
  {
    "question": "What is a pointer to a pointer in C?",
    "options": [
      "A) A pointer that stores the address of another pointer",
      "B) A pointer to an array",
      "C) A pointer to a function",
      "D) A pointer to a structure"
    ],
    "answer": "A",
    "explanation": "A pointer to a pointer stores the memory address of another pointer variable."
  },
  {
    "question": "What is pointer arithmetic in C?",
    "options": [
      "A) Performing mathematical operations on pointer values",
      "B) Adding or subtracting integers to/from pointers to navigate memory",
      "C) Multiplying pointers together",
      "D) Dividing pointers by integers"
    ],
    "answer": "B",
    "explanation": "Pointer arithmetic involves adding or subtracting integers to/from a pointer to move to different memory locations."
  },
  {
    "question": "What is a void pointer in C?",
    "options": [
      "A) A pointer that cannot be dereferenced",
      "B) A pointer that can point to any data type",
      "C) A pointer to a function",
      "D) A pointer to a structure"
    ],
    "answer": "B",
    "explanation": "A void pointer is a generic pointer that can point to any data type but cannot be dereferenced directly."
  },
  {
    "question": "How are function pointers used with structures?",
    "options": [
      "A) To store structure members",
      "B) To point to functions within a structure",
      "C) To allocate memory for structures",
      "D) To create arrays of structures"
    ],
    "answer": "B",
    "explanation": "Function pointers in structures can store addresses of functions, allowing dynamic function calls."
  },
  {
    "question": "What does 'malloc()' do in C?",
    "options": [
      "A) Frees allocated memory",
      "B) Allocates memory dynamically",
      "C) Resizes allocated memory",
      "D) Initializes memory to zero"
    ],
    "answer": "B",
    "explanation": "'malloc()' allocates a specified amount of memory dynamically and returns a pointer to it."
  },
  {
    "question": "What is the difference between 'malloc()' and 'calloc()'?",
    "options": [
      "A) 'malloc()' initializes memory, 'calloc()' does not",
      "B) 'calloc()' allocates multiple blocks, 'malloc()' allocates one",
      "C) 'malloc()' allocates uninitialized memory, 'calloc()' initializes to zero",
      "D) 'calloc()' is faster than 'malloc()'"
    ],
    "answer": "C",
    "explanation": "'malloc()' allocates uninitialized memory, while 'calloc()' allocates memory and initializes it to zero."
  },
  {
    "question": "What does 'realloc()' do in C?",
    "options": [
      "A) Allocates new memory",
      "B) Resizes previously allocated memory",
      "C) Frees allocated memory",
      "D) Initializes memory to zero"
    ],
    "answer": "B",
    "explanation": "'realloc()' resizes a previously allocated memory block, preserving its contents."
  },
  {
    "question": "What is a memory leak in C?",
    "options": [
      "A) Allocating too much memory",
      "B) Failing to free dynamically allocated memory",
      "C) Using pointers incorrectly",
      "D) Writing to a file"
    ],
    "answer": "B",
    "explanation": "A memory leak occurs when dynamically allocated memory is not freed, leading to wasted resources."
  },
  {
    "question": "How can memory leaks be prevented in C?",
    "options": [
      "A) By using static variables",
      "B) By calling 'free()' for every 'malloc()' or 'calloc()'",
      "C) By avoiding pointers",
      "D) By using arrays instead of dynamic memory"
    ],
    "answer": "B",
    "explanation": "Memory leaks can be prevented by ensuring that every dynamically allocated memory block is freed using 'free()'."
  },
  {
    "question": "What does 'fopen()' do in C?",
    "options": [
      "A) Closes a file",
      "B) Opens a file for reading or writing",
      "C) Deletes a file",
      "D) Renames a file"
    ],
    "answer": "B",
    "explanation": "'fopen()' opens a file in the specified mode (e.g., read, write) and returns a file pointer."
  },
  {
    "question": "What is the file mode 'w' used for in 'fopen()'?",
    "options": [
      "A) Reading a file",
      "B) Writing to a file, overwriting if it exists",
      "C) Appending to a file",
      "D) Reading and writing a file"
    ],
    "answer": "B",
    "explanation": "The 'w' mode opens a file for writing, creating a new file or overwriting an existing one."
  },
  {
    "question": "What does 'fclose()' do in C?",
    "options": [
      "A) Opens a file",
      "B) Closes an open file",
      "C) Writes to a file",
      "D) Reads from a file"
    ],
    "answer": "B",
    "explanation": "'fclose()' closes a file that was opened with 'fopen()', freeing associated resources."
  },
  {
    "question": "What is the purpose of 'fscanf()' in C?",
    "options": [
      "A) To write formatted data to a file",
      "B) To read formatted data from a file",
      "C) To append data to a file",
      "D) To delete a file"
    ],
    "answer": "B",
    "explanation": "'fscanf()' reads formatted data from a file according to a specified format."
  },
  {
    "question": "How does 'fread()' differ from 'fscanf()'?",
    "options": [
      "A) 'fread()' reads binary data, 'fscanf()' reads formatted text",
      "B) 'fread()' writes to a file, 'fscanf()' reads from a file",
      "C) 'fread()' is for text files, 'fscanf()' is for binary files",
      "D) 'fread()' is faster than 'fscanf()'"
    ],
    "answer": "A",
    "explanation": "'fread()' reads raw binary data from a file, while 'fscanf()' reads formatted text."
  },
  {
    "question": "What is the stack usage in a recursive function?",
    "options": [
      "A) No stack is used",
      "B) Each recursive call adds a new frame to the call stack",
      "C) The stack is cleared after each call",
      "D) The stack is used only for the first call"
    ],
    "answer": "B",
    "explanation": "Each recursive call adds a new frame to the call stack, storing local variables and return addresses."
  },
  {
    "question": "Which recursive algorithm is used to calculate factorial?",
    "options": [
      "A) Divide and conquer",
      "B) Iterative looping",
      "C) Direct recursion with base case",
      "D) Binary search"
    ],
    "answer": "C",
    "explanation": "Factorial is calculated using direct recursion, where the function calls itself with a smaller input until reaching a base case."
  },
  {
    "question": "What does the bitwise AND operator (&) do in C?",
    "options": [
      "A) Performs a logical AND on bits",
      "B) Performs a bitwise AND on bits",
      "C) Shifts bits to the left",
      "D) Inverts all bits"
    ],
    "answer": "B",
    "explanation": "The bitwise AND operator (&) performs a bitwise AND operation on each pair of corresponding bits."
  },
  {
    "question": "What is bit masking in C?",
    "options": [
      "A) Using bitwise operators to manipulate specific bits",
      "B) Encrypting data with bits",
      "C) Shifting bits to the right",
      "D) Inverting all bits in a variable"
    ],
    "answer": "A",
    "explanation": "Bit masking uses bitwise operators to set, clear, or toggle specific bits in a variable."
  },
  {
    "question": "What does 'argc' represent in 'main(int argc, char *argv[])'?",
    "options": [
      "A) The number of command-line arguments",
      "B) The size of the argument array",
      "C) The name of the program",
      "D) The first argument"
    ],
    "answer": "A",
    "explanation": "'argc' represents the number of command-line arguments, including the program name."
  },
  {
    "question": "What is 'argv[0]' in 'main(int argc, char *argv[])'?",
    "options": [
      "A) The first command-line argument",
      "B) The name of the program",
      "C) The number of arguments",
      "D) A null pointer"
    ],
    "answer": "B",
    "explanation": "'argv[0]' contains the name of the program as it was executed."
  },
  {
    "question": "What is the purpose of the '#define' preprocessor directive?",
    "options": [
      "A) To include a file",
      "B) To define a macro or constant",
      "C) To exclude code from compilation",
      "D) To declare a function"
    ],
    "answer": "B",
    "explanation": "'#define' is used to define macros or constants that are replaced by the preprocessor before compilation."
  },
  {
    "question": "What does '#ifndef' do in C?",
    "options": [
      "A) Includes a file",
      "B) Checks if a macro is not defined",
      "C) Defines a new macro",
      "D) Excludes a file"
    ],
    "answer": "B",
    "explanation": "'#ifndef' checks if a macro is not defined, often used for conditional compilation."
  },
  {
    "question": "What is a singly linked list in C?",
    "options": [
      "A) A list where each node points to the previous node",
      "B) A list where each node points to the next node",
      "C) A list with two pointers per node",
      "D) A circular list"
    ],
    "answer": "B",
    "explanation": "A singly linked list is a data structure where each node contains data and a pointer to the next node."
  },
  {
    "question": "How is a node inserted at the beginning of a singly linked list?",
    "options": [
      "A) Update the head to point to the new node",
      "B) Traverse to the end of the list",
      "C) Update the last node's pointer",
      "D) Delete the first node"
    ],
    "answer": "A",
    "explanation": "To insert a node at the beginning, create a new node and update the head pointer to point to it."
  },
  {
    "question": "What does 'errno' do in C?",
    "options": [
      "A) Stores the last error code",
      "B) Defines a macro",
      "C) Opens a file",
      "D) Allocates memory"
    ],
    "answer": "A",
    "explanation": "'errno' is a global variable that stores the error code of the last system call or library function error."
  },
  {
    "question": "What is the purpose of 'perror()' in C?",
    "options": [
      "A) To allocate memory",
      "B) To print an error message based on 'errno'",
      "C) To close a file",
      "D) To read from a file"
    ],
    "answer": "B",
    "explanation": "'perror()' prints a descriptive error message to stderr based on the current value of 'errno'."
  },
  {
    "question": "What is the lifetime of a static variable in C?",
    "options": [
      "A) Limited to the function's execution",
      "B) Limited to the block's execution",
      "C) Persists for the program's duration",
      "D) Limited to the file's scope"
    ],
    "answer": "C",
    "explanation": "A static variable retains its value between function calls and persists for the entire program's duration."
  },
  {
    "question": "What does the 'extern' keyword do in a function declaration?",
    "options": [
      "A) Restricts the function to the file",
      "B) Makes the function globally accessible",
      "C) Inlines the function",
      "D) Allocates memory for the function"
    ],
    "answer": "B",
    "explanation": "'extern' indicates that a function has external linkage, making it accessible across files."
  },
  {
    "question": "What is the purpose of the 'inline' keyword in C?",
    "options": [
      "A) To make a function static",
      "B) To suggest inlining the function's code",
      "C) To allocate memory dynamically",
      "D) To make a function global"
    ],
    "answer": "B",
    "explanation": "'inline' suggests to the compiler that the function's code should be inlined, potentially improving performance."
  },
  {
    "question": "What is the output of the following code: int x = 5; int *p = &x; printf('%d', *p);?",
    "options": [
      "A) Address of x",
      "B) 5",
      "C) Garbage value",
      "D) 0"
    ],
    "answer": "B",
    "explanation": "'*p' dereferences the pointer 'p', which points to 'x', so it prints the value of 'x', which is 5."
  },
  {
    "question": "What is the purpose of the '->' operator in C?",
    "options": [
      "A) To access members of a structure directly",
      "B) To access members of a structure through a pointer",
      "C) To allocate memory",
      "D) To perform bitwise operations"
    ],
    "answer": "B",
    "explanation": "The '->' operator is used to access members of a structure or union through a pointer."
  },
  {
    "question": "What is the result of the bitwise operation 5 & 3?",
    "options": [
      "A) 7",
      "B) 1",
      "C) 15",
      "D) 0"
    ],
    "answer": "B",
    "explanation": "5 (0101) & 3 (0011) = 0001, which is 1 in decimal."
  },
  {
    "question": "What does the '<<' operator do in C?",
    "options": [
      "A) Shifts bits to the right",
      "B) Shifts bits to the left",
      "C) Performs a bitwise AND",
      "D) Inverts bits"
    ],
    "answer": "B",
    "explanation": "The '<<' operator shifts the bits of its left operand to the left by the number of positions specified by the right operand."
  },
  {
    "question": "What is the purpose of 'calloc()' over 'malloc()'?",
    "options": [
      "A) It is faster",
      "B) It initializes allocated memory to zero",
      "C) It allocates memory for arrays only",
      "D) It does not require freeing"
    ],
    "answer": "B",
    "explanation": "'calloc()' allocates memory and initializes it to zero, unlike 'malloc()', which leaves memory uninitialized."
  },
  {
    "question": "What happens if 'free()' is called on a null pointer?",
    "options": [
      "A) Causes a segmentation fault",
      "B) Nothing happens",
      "C) Allocates new memory",
      "D) Causes a memory leak"
    ],
    "answer": "B",
    "explanation": "Calling 'free()' on a null pointer is safe and has no effect."
  },
  {
    "question": "What is the file mode 'a' used for in 'fopen()'?",
    "options": [
      "A) Reading a file",
      "B) Writing to a file, appending if it exists",
      "C) Overwriting a file",
      "D) Reading and writing a file"
    ],
    "answer": "B",
    "explanation": "The 'a' mode opens a file for appending, adding data to the end of the file."
  },
  {
    "question": "What does 'fputs()' do in C?",
    "options": [
      "A) Reads a line from a file",
      "B) Writes a string to a file",
      "C) Closes a file",
      "D) Formats a string"
    ],
    "answer": "B",
    "explanation": "'fputs()' writes a null-terminated string to a file."
  },
  {
    "question": "What is the base case in a recursive Fibonacci function?",
    "options": [
      "A) n <= 1",
      "B) n == 0",
      "C) n >= 1",
      "D) n < 0"
    ],
    "answer": "A",
    "explanation": "The base case for a recursive Fibonacci function is typically n <= 1, where fib(n) = n."
  },
  {
    "question": "What is the purpose of '#include' in C?",
    "options": [
      "A) To define a macro",
      "B) To include a header file",
      "C) To exclude code",
      "D) To declare a function"
    ],
    "answer": "B",
    "explanation": "'#include' is used to include the contents of a header file or other source file during preprocessing."
  },
  {
    "question": "What is a circular linked list?",
    "options": [
      "A) A list where the last node points to the first node",
      "B) A list with no head",
      "C) A list with two pointers per node",
      "D) A list with no tail"
    ],
    "answer": "A",
    "explanation": "In a circular linked list, the last node points back to the first node, forming a loop."
  },
  {
    "question": "What does 'strerror()' do in C?",
    "options": [
      "A) Prints an error message",
      "B) Returns a string describing an error code",
      "C) Sets an error code",
      "D) Closes a file"
    ],
    "answer": "B",
    "explanation": "'strerror()' returns a string describing the error code stored in 'errno'."
  },
  {
    "question": "What is the output of the following code: int x = 10; printf('%p', &x);?",
    "options": [
      "A) 10",
      "B) Address of x",
      "C) Garbage value",
      "D) 0"
    ],
    "answer": "B",
    "explanation": "'&x' returns the address of 'x', and '%p' formats it as a pointer address."
  },
  {
    "question": "What is the purpose of a doubly linked list?",
    "options": [
      "A) To allow traversal in one direction",
      "B) To allow traversal in both directions",
      "C) To store circular data",
      "D) To reduce memory usage"
    ],
    "answer": "B",
    "explanation": "A doubly linked list has nodes with pointers to both the next and previous nodes, allowing bidirectional traversal."
  },
  {
    "question": "What is the result of the bitwise operation 5 | 3?",
    "options": [
      "A) 7",
      "B) 1",
      "C) 15",
      "D) 0"
    ],
    "answer": "A",
    "explanation": "5 (0101) | 3 (0011) = 0111, which is 7 in decimal."
  },
  {
    "question": "What does the '~' operator do in C?",
    "options": [
      "A) Shifts bits to the left",
      "B) Inverts all bits",
      "C) Performs a bitwise AND",
      "D) Shifts bits to the right"
    ],
    "answer": "B",
    "explanation": "The '~' operator performs a bitwise NOT, inverting all bits of its operand."
  },
  {
    "question": "What is the purpose of 'fprintf()' in C?",
    "options": [
      "A) To read formatted data",
      "B) To write formatted data to a file",
      "C) To close a file",
      "D) To append data to a file"
    ],
    "answer": "B",
    "explanation": "'fprintf()' writes formatted data to a file according to a specified format."
  },
  {
    "question": "What is the output of the following code: int arr[] = {1, 2, 3}; printf('%d', *(arr + 1));?",
    "options": [
      "A) 1",
      "B) 2",
      "C) 3",
      "D) Address of arr"
    ],
    "answer": "B",
    "explanation": "'*(arr + 1)' accesses the second element of the array, which is 2."
  },
  {
    "question": "What is the purpose of a macro in C?",
    "options": [
      "A) To define a function",
      "B) To replace text during preprocessing",
      "C) To allocate memory",
      "D) To include a file"
    ],
    "answer": "B",
    "explanation": "Macros, defined with '#define', are replaced with their values by the preprocessor before compilation."
  },
  {
    "question": "What is the purpose of 'fgets()' in C?",
    "options": [
      "A) To write a string to a file",
      "B) To read a line from a file",
      "C) To close a file",
      "D) To format a string"
    ],
    "answer": "B",
    "explanation": "'fgets()' reads a line from a file into a string, up to a specified length."
  },
  {
    "question": "What is the result of the bitwise operation 5 ^ 3?",
    "options": [
      "A) 6",
      "B) 1",
      "C) 15",
      "D) 0"
    ],
    "answer": "A",
    "explanation": "5 (0101) ^ 3 (0011) = 0110, which is 6 in decimal."
  },
  {
    "question": "What is the purpose of '#ifdef' in C?",
    "options": [
      "A) To include a file",
      "B) To check if a macro is defined",
      "C) To define a macro",
      "D) To exclude a file"
    ],
    "answer": "B",
    "explanation": "'#ifdef' checks if a macro is defined, including code only if it is."
  },
  {
    "question": "What is the output of the following code: int x = 5; int *p = &x; *p = 10; printf('%d', x);?",
    "options": [
      "A) 5",
      "B) 10",
      "C) Address of x",
      "D) Garbage value"
    ],
    "answer": "B",
    "explanation": "'*p = 10' modifies the value of 'x' through the pointer, so 'x' becomes 10."
  },
  {
    "question": "What is the purpose of a union in C?",
    "options": [
      "A) To store multiple members in separate memory",
      "B) To share memory among multiple members",
      "C) To allocate dynamic memory",
      "D) To define a function"
    ],
    "answer": "B",
    "explanation": "A union allows multiple members to share the same memory space, with only one member active at a time."
  },
  {
    "question": "What is the output of the following code: int arr[3] = {1, 2, 3}; printf('%d', arr[2]);?",
    "options": [
      "A) 1",
      "B) 2",
      "C) 3",
      "D) Address of arr"
    ],
    "answer": "C",
    "explanation": "'arr[2]' accesses the third element of the array, which is 3."
  },
  {
    "question": "What is the purpose of 'fwrite()' in C?",
    "options": [
      "A) To read binary data",
      "B) To write binary data to a file",
      "C) To close a file",
      "D) To format a string"
    ],
    "answer": "B",
    "explanation": "'fwrite()' writes a block of binary data to a file."
  },
  {
    "question": "What is the output of the following code: int x = 8; printf('%d', x >> 1);?",
    "options": [
      "A) 4",
      "B) 16",
      "C) 8",
      "D) 0"
    ],
    "answer": "A",
    "explanation": "'x >> 1' shifts the bits of 8 (1000) one position to the right, resulting in 4 (0100)."
  },
  {
    "question": "What is the purpose of a conditional compilation directive?",
    "options": [
      "A) To include a file",
      "B) To control which code is compiled",
      "C) To define a function",
      "D) To allocate memory"
    ],
    "answer": "B",
    "explanation": "Conditional compilation directives like '#ifdef' control which portions of code are included during compilation."
  },
  {
    "question": "What is the output of the following code: struct { int x; } s = {5}; printf('%d', s.x);?",
    "options": [
      "A) 5",
      "B) 0",
      "C) Address of s",
      "D) Garbage value"
    ],
    "answer": "A",
    "explanation": "'s.x' accesses the 'x' member of the structure, which is initialized to 5."
  },
  {
    "question": "What is the purpose of a void pointer in dynamic memory allocation?",
    "options": [
      "A) To allocate memory for functions",
      "B) To point to any data type after casting",
      "C) To prevent memory leaks",
      "D) To store arrays"
    ],
    "answer": "B",
    "explanation": "A void pointer, returned by 'malloc()' or 'calloc()', can be cast to point to any data type."
  },
  {
    "question": "What is the output of the following code: int x = 5; int *p = &x; printf('%d', p[0]);?",
    "options": [
      "A) Address of x",
      "B) 5",
      "C) Garbage value",
      "D) 0"
    ],
    "answer": "B",
    "explanation": "'p[0]' is equivalent to '*p', which dereferences the pointer to get the value of 'x', which is 5."
  },
  {
    "question": "What is the purpose of a recursive binary search?",
    "options": [
      "A) To sort an array",
      "B) To search for an element in a sorted array",
      "C) To calculate factorials",
      "D) To traverse a linked list"
    ],
    "answer": "B",
    "explanation": "A recursive binary search divides the search space in half repeatedly to find an element in a sorted array."
  },
  {
    "question": "What is the output of the following code: int x = 3; printf('%d', x << 2);?",
    "options": [
      "A) 12",
      "B) 6",
      "C) 1",
      "D) 0"
    ],
    "answer": "A",
    "explanation": "'x << 2' shifts the bits of 3 (0011) two positions to the left, resulting in 12 (1100)."
  },
  {
    "question": "What is the purpose of 'typedef' in C?",
    "options": [
      "A) To define a macro",
      "B) To create an alias for a data type",
      "C) To allocate memory",
      "D) To include a file"
    ],
    "answer": "B",
    "explanation": "'typedef' creates an alias for an existing data type, improving code readability."
  },
  {
    "question": "What is the output of the following code: int x = 10; int **pp = &x; printf('%d', **pp);?",
    "options": [
      "A) 10",
      "B) Address of x",
      "C) Compilation error",
      "D) Garbage value"
    ],
    "answer": "C",
    "explanation": "The code has a type mismatch; 'pp' is a pointer to a pointer, but '&x' is a pointer to an int, causing a compilation error."
  },
  {
    "question": "What is the purpose of a function pointer array?",
    "options": [
      "A) To store multiple function addresses",
      "B) To store function return values",
      "C) To allocate memory for functions",
      "D) To define macros"
    ],
    "answer": "A",
    "explanation": "A function pointer array stores the addresses of multiple functions, allowing dynamic function calls."
  },
  {
    "question": "What is the output of the following code: int x = 5; int *p = &x; p++; printf('%d', *p);?",
    "options": [
      "A) 5",
      "B) Address of x",
      "C) Undefined behavior",
      "D) 0"
    ],
    "answer": "C",
    "explanation": "Incrementing 'p' moves it to an invalid memory location, and dereferencing it causes undefined behavior."
  },
  {
    "question": "What is the purpose of 'const' in a function parameter?",
    "options": [
      "A) To make the parameter dynamic",
      "B) To prevent modification of the parameter",
      "C) To allocate memory",
      "D) To define a macro"
    ],
    "answer": "B",
    "explanation": "'const' in a function parameter prevents the function from modifying the parameter's value."
  },
  {
    "question": "What is the output of the following code: int x = 5; int *const p = &x; *p = 10; printf('%d', x);?",
    "options": [
      "A) 5",
      "B) 10",
      "C) Compilation error",
      "D) Garbage value"
    ],
    "answer": "B",
    "explanation": "'*p = 10' modifies 'x' through the constant pointer, which is allowed, so 'narutaka' becomes 10."
  },
  {
    "question": "What is the purpose of a self-referential structure in C?",
    "options": [
      "A) To store arrays",
      "B) To create linked lists",
      "C) To define macros",
      "D) To allocate memory"
    ],
    "answer": "B",
    "explanation": "A self-referential structure contains a pointer to a structure of the same type, used in linked lists."
  },
  {
    "question": "What is the output of the following code: int x = 5; printf('%d', ~x);?",
    "options": [
      "A) -6",
      "B) 5",
      "C) 0",
      "D) 6"
    ],
    "answer": "A",
    "explanation": "'~x' inverts the bits of 5 (00000101), resulting in -6 (11111010 in two's complement)."
  },
  {
    "question": "What is the purpose of a file pointer in C?",
    "options": [
      "A) To store file contents",
      "B) To manage file operations",
      "C) To allocate memory",
      "D) To define macros"
    ],
    "answer": "B",
    "explanation": "A file pointer (FILE *) is used to manage file operations like reading and writing."
  },
  {
    "question": "What is the output of the following code: int x = 5; int y = 3; printf('%d', x & y);?",
    "options": [
      "A) 1",
      "B) 7",
      "C) 15",
      "D) 0"
    ],
    "answer": "A",
    "explanation": "5 (0101) & 3 (0011) = 0001, which is 1 in decimal."
  },
  {
    "question": "What is the purpose of a recursive function's base case?",
    "options": [
      "A) To allocate memory",
      "B) To terminate recursion",
      "C) To define a macro",
      "D) To include a file"
    ],
    "answer": "B",
    "explanation": "The base case in a recursive function provides a condition to stop the recursion, preventing infinite calls."
  },
  {
    "question": "What is the output of the following code: int x = 5; printf('%d', x | 3);?",
    "options": [
      "A) 7",
      "B) 1",
      "C) 15",
      "D) 0"
    ],
    "answer": "A",
    "explanation": "5 (0101) | 3 (0011) = 0111, which is 7 in decimal."
  },
  {
    "question": "What is the purpose of 'argv' in 'main(int argc, char *argv[])'?",
    "options": [
      "A) To store the program name",
      "B) To store command-line arguments",
      "C) To allocate memory",
      "D) To define a macro"
    ],
    "answer": "B",
    "explanation": "'argv' is an array of strings containing the command-line arguments, including the program name."
  },
  {
    "question": "What is the output of the following code: int x = 5; printf('%d', x ^ 3);?",
    "options": [
      "A) 6",
      "B) 1",
      "C) 15",
      "D) 0"
    ],
    "answer": "A",
    "explanation": "5 (0101) ^ 3 (0011) = 0110, which is 6 in decimal."
  },
  {
    "question": "What is the purpose of a header guard in C?",
    "options": [
      "A) To allocate memory",
      "B) To prevent multiple inclusions of a header file",
      "C) To define a macro",
      "D) To include a file"
    ],
    "answer": "B",
    "explanation": "Header guards (using '#ifndef', '#define', '#endif') prevent a header file from being included multiple times."
  },
  {
    "question": "What is the output of the following code: int x = 5; int *p = &x; printf('%d', *(p + 1));?",
    "options": [
      "A) 5",
      "B) Address of x",
      "C) Undefined behavior",
      "D) 0"
    ],
    "answer": "C",
    "explanation": "'*(p + 1)' accesses memory beyond 'x', which is undefined behavior."
  },
  {
    "question": "What is the purpose of a recursive function's stack frame?",
    "options": [
      "A) To store global variables",
      "B) To store local variables and return addresses",
      "C) To allocate memory",
      "D) To define a macro"
    ],
    "answer": "B",
    "explanation": "Each recursive call creates a stack frame to store local variables, parameters, and the return address."
  },
  {
    "question": "What is the output of the following code: int x = 5; printf('%d', x << 1);?",
    "options": [
      "A) 10",
      "B) 2",
      "C) 1",
      "D) 0"
    ],
    "answer": "A",
    "explanation": "'x << 1' shifts the bits of 5 (0101) one position to the left, resulting in 10 (1010)."
  },
  {
    "question": "What is the purpose of a structure padding in C?",
    "options": [
      "A) To reduce memory usage",
      "B) To align structure members for efficient access",
      "C) To allocate memory",
      "D) To define a macro"
    ],
    "answer": "B",
    "explanation": "Structure padding adds extra bytes to align members, improving memory access efficiency."
  },
  {
    "question": "What is the output of the following code: int x = 5; int *p = &x; *p += 2; printf('%d', x);?",
    "options": [
      "A) 5",
      "B) 7",
      "C) Address of x",
      "D) Garbage value"
    ],
    "answer": "B",
    "explanation": "'*p += 2' increments 'x' by 2 through the pointer, so 'x' becomes 7."
  },
  {
    "question": "What is the purpose of a tail-recursive function?",
    "options": [
      "A) To allocate memory",
      "B) To optimize recursion by reusing the stack frame",
      "C) To define a macro",
      "D) To include a file"
    ],
    "answer": "B",
    "explanation": "Tail recursion allows the compiler to optimize by reusing the stack frame, reducing stack space."
  },
  {
    "question": "What is the output of the following code: int x = 5; printf('%d', x >> 2);?",
    "options": [
      "A) 1",
      "B) 2",
      "C) 5",
      "D) 0"
    ],
    "answer": "A",
    "explanation": "'x >> 2' shifts the bits of 5 (0101) two positions to the right, resulting in 1 (0001)."
  },
  {
    "question": "What is the purpose of a volatile keyword in C?",
    "options": [
      "A) To make a variable constant",
      "B) To indicate a variable may change unexpectedly",
      "C) To allocate memory",
      "D) To define a macro"
    ],
    "answer": "B",
    "explanation": "'volatile' tells the compiler that a variable's value may change unexpectedly, preventing optimizations."
  },
  {
    "question": "What is the output of the following code: struct { int x; } s; s.x = 5; printf('%d', s.x);?",
    "options": [
      "A) 5",
      "B) 0",
      "C) Address of s",
      "D) Garbage value"
    ],
    "answer": "A",
    "explanation": "'s.x = 5' assigns 5 to the 'x' member, so 's.x' prints 5."
  },
  {
    "question": "What is the purpose of a function prototype in C?",
    "options": [
      "A) To define the function",
      "B) To declare the function's signature",
      "C) To allocate memory",
      "D) To define a macro"
    ],
    "answer": "B",
    "explanation": "A function prototype declares the function's return type, name, and parameters, allowing its use before definition."
  },
  {
    "question": "What is the output of the following code: int x = 5; int *p = &x; printf('%d', p - &x);?",
    "options": [
      "A) 0",
      "B) 5",
      "C) Address of x",
      "D) Compilation error"
    ],
    "answer": "A",
    "explanation": "'p - &x' calculates the difference between two pointers, which is 0 since 'p' points to '&x'."
  },
  {
    "question": "What is the purpose of a dynamic array in C?",
    "options": [
      "A) To store fixed-size data",
      "B) To store data with size determined at runtime",
      "C) To define a macro",
      "D) To include a file"
    ],
    "answer": "B",
    "explanation": "A dynamic array, allocated with 'malloc()' or 'calloc()', allows the size to be determined at runtime."
  },
  {
    "question": "What is the output of the following code: int x = 5; printf('%d', ~x + 1);?",
    "options": [
      "A) -5",
      "B) 5",
      "C) 0",
      "D) 6"
    ],
    "answer": "A",
    "explanation": "'~x' inverts 5 (00000101) to -6 (11111010), and '+1' results in -5 (11111011)."
  },
  {
    "question": "What is the purpose of a file mode 'r+' in 'fopen()'?",
    "options": [
      "A) Reading only",
      "B) Writing only",
      "C) Reading and writing",
      "D) Appending only"
    ],
    "answer": "C",
    "explanation": "The 'r+' mode opens a file for both reading and writing, starting at the beginning."
  }
]
}