
{
"Software_Design&Arch":[
  {
    "question": "What is the primary purpose of Software Project Management (SPM)?",
    "options": [
      "A) To develop hardware components",
      "B) To plan, organize, lead, and control resources to achieve software project goals",
      "C) To maintain network infrastructure",
      "D) To conduct market research"
    ],
    "answer": "B",
    "explanation": "SPM involves planning, organizing, leading, and controlling resources to meet specific software project objectives."
  },
  {
    "question": "Which of the following best defines Software Project Management?",
    "options": [
      "A) Managing hardware installations",
      "B) Overseeing the development and delivery of software projects",
      "C) Designing user interfaces exclusively",
      "D) Conducting software testing only"
    ],
    "answer": "B",
    "explanation": "SPM focuses on overseeing the entire process of software development and delivery to achieve project goals."
  },
  {
    "question": "How does Software Project Management differ from traditional project management?",
    "options": [
      "A) SPM deals only with physical resources",
      "B) SPM involves managing intangible products with frequent requirement changes",
      "C) Traditional project management is more flexible",
      "D) SPM does not involve planning"
    ],
    "answer": "B",
    "explanation": "SPM manages intangible software products, which often have unclear or changing requirements, unlike traditional project management."
  },
  {
    "question": "Which aspect makes Software Project Management unique compared to traditional project management?",
    "options": [
      "A) Use of physical materials",
      "B) High dependency on people and skills",
      "C) Fixed and unchanging requirements",
      "D) Minimal need for risk management"
    ],
    "answer": "B",
    "explanation": "SPM is heavily dependent on the skills and expertise of people, unlike traditional projects which may rely more on physical resources."
  },
  {
    "question": "What is the first phase of the Project Management Life Cycle?",
    "options": [
      "A) Planning",
      "B) Execution",
      "C) Initiation",
      "D) Closure"
    ],
    "answer": "C",
    "explanation": "Initiation is the first phase, where the project is defined and authorized."
  },
  {
    "question": "Which phase of the Project Management Life Cycle involves defining project scope and objectives?",
    "options": [
      "A) Execution",
      "B) Monitoring & Controlling",
      "C) Initiation",
      "D) Closure"
    ],
    "answer": "C",
    "explanation": "During Initiation, the project’s scope, objectives, and feasibility are defined."
  },
  {
    "question": "What is the main focus of the Planning phase in the Project Management Life Cycle?",
    "options": [
      "A) Executing tasks",
      "B) Developing a detailed project plan",
      "C) Closing the project",
      "D) Monitoring progress"
    ],
    "answer": "B",
    "explanation": "The Planning phase involves creating a detailed roadmap for project execution, including schedules and resource allocation."
  },
  {
    "question": "Which phase involves carrying out the project plan?",
    "options": [
      "A) Initiation",
      "B) Execution",
      "C) Closure",
      "D) Planning"
    ],
    "answer": "B",
    "explanation": "The Execution phase focuses on implementing the project plan and delivering the software."
  },
  {
    "question": "What is the purpose of the Monitoring & Controlling phase?",
    "26": [
      "A) To finalize deliverables",
      "B) To track progress and ensure the project stays on track",
      "C) To initiate the project",
      "D) To allocate resources"
    ],
    "answer": "B",
    "explanation": "Monitoring & Controlling involves tracking project performance and making adjustments to keep it on track."
  },
  {
    "question": "Which phase ensures that all project deliverables are completed and accepted?",
    "options": [
      "A) Execution",
      "B) Closure",
      "C) Planning",
      "D) Initiation"
    ],
    "answer": "B",
    "explanation": "The Closure phase involves finalizing deliverables, obtaining acceptance, and closing the project."
  },
  {
    "question": "Which of the following is a characteristic of software projects?",
    "options": [
      "A) Fixed and clear requirements",
      "B) Low level of uncertainty",
      "C) Frequent requirement changes",
      "D) Easy time and cost estimation"
    ],
    "answer": "C",
    "explanation": "Software projects often face frequent changes in requirements due to evolving user needs."
  },
  {
    "question": "Why is estimating time and cost difficult in software projects?",
    "options": [
      "A) Due to fixed requirements",
      "B) Because of high uncertainty and complexity",
      "C) Due to minimal skill dependency",
      "D) Because of standardized processes"
    ],
    "answer": "B",
    "explanation": "The complexity and uncertainty in software projects make accurate time and cost estimation challenging."
  },
  {
    "question": "What is a key characteristic of software projects regarding resource dependency?",
    "options": [
      "A) Heavy reliance on physical materials",
      "B) High dependency on people and skills",
      "C) Minimal need for expertise",
      "D) Standardized workforce requirements"
    ],
    "answer": "B",
    "explanation": "Software projects rely heavily on the skills and expertise of the project team."
  },
  {
    "question": "Which of the following is true about software project requirements?",
    "options": [
      "A) They are always clear from the start",
      "B) They rarely change during the project",
      "C) They are often unclear or change frequently",
      "D) They are irrelevant to project success"
    ],
    "answer": "C",
    "explanation": "Software project requirements are often unclear initially and may change frequently."
  },
  {
    "question": "What is a primary responsibility of a Software Project Manager?",
    "options": [
      "A) Writing code for the project",
      "B) Planning the project",
      "C) Conducting market surveys",
      "D) Designing hardware components"
    ],
    "answer": "B",
    "explanation": "A project manager is responsible for planning the project, including scope, schedule, and resources."
  },
  {
    "question": "Which task is a project manager responsible for?",
    "options": [
      "A) Developing software algorithms",
      "B) Tracking progress and reporting",
      "C) Performing software testing",
      "D) Writing user manuals"
    ],
    "answer": "B",
    "explanation": "Tracking progress and reporting on project status is a key responsibility of a project manager."
  },
  {
    "question": "What does a project manager do to ensure quality?",
    "options": [
      "A) Writes all the code",
      "B) Implements quality assurance processes",
      "C) Designs the user interface",
      "D) Conducts market analysis"
    ],
    "answer": "B",
    "explanation": "A project manager ensures quality by implementing and overseeing quality assurance processes."
  },
  {
    "question": "Which of the following is a role of a project manager?",
    "options": [
      "A) Managing risks",
      "B) Developing software architecture",
      "C) Writing test cases",
      "D) Conducting user training"
    ],
    "answer": "A",
    "explanation": "Managing risks is a critical responsibility of a project manager to ensure project success."
  },
  {
    "question": "What is a project manager’s role in team management?",
    "options": [
      "A) Writing code for team members",
      "B) Assigning tasks and resolving conflicts",
      "C) Designing database schemas",
      "D) Conducting customer surveys"
    ],
    "answer": "B",
    "explanation": "A project manager assigns tasks, motivates the team, and resolves conflicts to ensure smooth operations."
  },
  {
    "question": "Which estimation technique relies on expert experience?",
    "options": [
      "A) Parametric Estimating",
      "B) Expert Judgment",
      "C) COCOMO Model",
      "D) Analogous Estimating"
    ],
    "answer": "B",
    "explanation": "Expert Judgment uses the experience and knowledge of experts to estimate project parameters."
  },
  {
    "question": "What is Analogous Estimating based on?",
    "options": [
      "A) Mathematical models",
      "B) Historical data from similar projects",
      "C) Expert opinions",
      "D) Detailed task breakdowns"
    ],
    "answer": "B",
    "explanation": "Analogous Estimating uses data from similar past projects to estimate time and cost."
  },
  {
    "question": "Which estimation technique uses statistical relationships?",
    "options": [
      "A) Expert Judgment",
      "B) Analogous Estimating",
      "C) Parametric Estimating",
      "D) COCOMO Model"
    ],
    "answer": "C",
    "explanation": "Parametric Estimating uses statistical relationships between variables to estimate project parameters."
  },
  {
    "question": "What is the COCOMO Model used for?",
    "options": [
      "A) Risk identification",
      "B) Software project cost estimation",
      "C) Task scheduling",
      "D) Quality assurance"
    ],
    "answer": "B",
    "explanation": "The COCOMO Model is a method for estimating the cost and effort required for software projects."
  },
  {
    "question": "Which estimation technique is most accurate for large projects?",
    "options": [
      "A) Expert Judgment",
      "B) Analogous Estimating",
      "C) COCOMO Model",
      "D) Parametric Estimating"
    ],
    "answer": "C",
    "explanation": "The COCOMO Model is detailed and suitable for large, complex software projects."
  },
  {
    "question": "What is the purpose of a Work Breakdown Structure (WBS)?",
    "options": [
      "A) To estimate project costs",
      "B) To break down the project into manageable tasks",
      "C) To identify risks",
      "D) To create a Gantt chart"
    ],
    "answer": "B",
    "explanation": "A WBS divides the project into smaller, manageable tasks for better planning and control."
  },
  {
    "question": "Which tool visually represents project tasks and their durations?",
    "options": [
      "A) Network Diagram",
      "B) Gantt Chart",
      "C) PERT Chart",
      "D) Work Breakdown Structure"
    ],
    "answer": "B",
    "explanation": "A Gantt Chart visually shows tasks, their durations, and dependencies over time."
  },
  {
    "question": "What does a Network Diagram illustrate?",
    "options": [
      "A) Task durations",
      "B) Task dependencies and sequence",
      "C) Resource allocation",
      "D) Risk probabilities"
    ],
    "answer": "B",
    "explanation": "A Network Diagram shows the sequence and dependencies of project tasks."
  },
  {
    "question": "What is the Critical Path Method (CPM) used for?",
    "options": [
      "A) Estimating project costs",
      "B) Identifying the longest path of tasks to determine project duration",
      "C) Managing risks",
      "D) Allocating resources"
    ],
    "answer": "B",
    "explanation": "CPM identifies the critical path to determine the shortest time to complete the project."
  },
  {
    "question": "What does PERT stand for?",
    "options": [
      "A) Project Evaluation and Review Technique",
      "B) Program Estimation and Resource Tracking",
      "C) Project Execution and Risk Technique",
      "D) Plan Evaluation and Resource Tool"
    ],
    "answer": "A",
    "explanation": "PERT stands for Program Evaluation and Review Technique, used for scheduling and estimating."
  },
  {
    "question": "Which technique uses three-point estimates for task durations?",
    "options": [
      "A) Gantt Chart",
      "B) PERT",
      "C) CPM",
      "D) WBS"
    ],
    "answer": "B",
    "explanation": "PERT uses optimistic, pessimistic, and most likely estimates to calculate task durations."
  },
  {
    "question": "What is the first step in risk management?",
    "options": [
      "A) Planning risk responses",
      "B) Identifying risks",
      "C) Monitoring risks",
      "D) Analyzing risks"
    ],
    "answer": "B",
    "explanation": "Identifying risks is the first step in the risk management process."
  },
  {
    "question": "What does risk analysis involve?",
    "options": [
      "A) Developing risk response plans",
      "B) Assessing the probability and impact of risks",
      "C) Monitoring risk triggers",
      "D) Closing risks"
    ],
    "answer": "B",
    "explanation": "Risk analysis assesses the likelihood and potential impact of identified risks."
  },
  {
    "question": "Which of the following is a risk response strategy?",
    "options": [
      "A) Risk identification",
      "B) Risk mitigation",
      "C) Risk monitoring",
      "D) Risk analysis"
    ],
    "answer": "B",
    "explanation": "Risk mitigation is a strategy to reduce the impact or likelihood of a risk."
  },
  {
    "question": "What is risk avoidance?",
    "options": [
      "A) Accepting the risk as it is",
      "B) Taking actions to eliminate the risk",
      "C) Transferring the risk to another party",
      "D) Reducing the impact of the risk"
    ],
    "answer": "B",
    "explanation": "Risk avoidance involves taking actions to completely eliminate the risk."
  },
  {
    "question": "Which risk response involves shifting the risk to another party?",
    "options": [
      "A) Mitigation",
      "B) Acceptance",
      "C) Transfer",
      "D) Avoidance"
    ],
    "answer": "C",
    "explanation": "Risk transfer shifts the risk to another party, such as through insurance."
  },
  {
    "question": "What does risk acceptance mean?",
    "options": [
      "A) Eliminating the risk",
      "B) Acknowledging the risk without taking action",
      "C) Reducing the risk’s impact",
      "D) Transferring the risk"
    ],
    "answer": "B",
    "explanation": "Risk acceptance involves acknowledging the risk and deciding not to take action unless it occurs."
  },
  {
    "question": "What is the purpose of monitoring risks?",
    "options": [
      "A) To identify new risks",
      "B) To track identified risks and triggers",
      "C) To develop risk response plans",
      "D) To analyze risk impacts"
    ],
    "answer": "B",
    "explanation": "Monitoring risks involves tracking identified risks and watching for triggers."
  },
  {
    "question": "Which of the following is a tool used in time management?",
    "options": [
      "A) COCOMO Model",
      "B) Gantt Chart",
      "C) Expert Judgment",
      "D) Risk Matrix"
    ],
    "answer": "B",
    "explanation": "A Gantt Chart is a time management tool used to visualize project schedules."
  },
  {
    "question": "What is a benefit of using a Work Breakdown Structure (WBS)?",
    "options": [
      "A) It eliminates all risks",
      "B) It clarifies project scope and tasks",
      "C) It estimates project costs directly",
      "D) It monitors project progress"
    ],
    "answer": "B",
    "explanation": "A WBS clarifies the project scope by breaking it into manageable tasks."
  },
  {
    "question": "Which technique helps identify tasks that cannot be delayed without delaying the project?",
    "options": [
      "A) PERT",
      "B) CPM",
      "C) WBS",
      "D) Gantt Chart"
    ],
    "answer": "B",
    "explanation": "The Critical Path Method (CPM) identifies tasks critical to the project’s timeline."
  },
  {
    "question": "What does a Gantt Chart help project managers visualize?",
    "options": [
      "A) Risk probabilities",
      "B) Task durations and dependencies",
      "C) Cost estimates",
      "D) Resource availability"
    ],
    "answer": "B",
    "explanation": "A Gantt Chart visualizes task durations, start/end dates, and dependencies."
  },
  {
    "question": "Which phase of the project life cycle involves stakeholder approval of deliverables?",
    "options": [
      "A) Initiation",
      "B) Execution",
      "C) Closure",
      "D) Planning"
    ],
    "answer": "C",
    "explanation": "The Closure phase includes obtaining stakeholder approval for project deliverables."
  },
  {
    "question": "Why are software projects considered complex?",
    "options": [
      "A) Due to fixed requirements",
      "B) Because of high uncertainty and skill dependency",
      "C) Due to standardized processes",
      "D) Because of minimal resource needs"
    ],
    "answer": "B",
    "explanation": "Software projects are complex due to high uncertainty and reliance on specialized skills."
  },
  {
    "question": "What is a project manager’s role in budgeting?",
    "options": [
      "A) Writing software code",
      "B) Managing and controlling project costs",
      "C) Designing user interfaces",
      "D) Conducting user training"
    ],
    "answer": "B",
    "explanation": "A project manager is responsible for managing and controlling the project’s budget."
  },
  {
    "question": "Which estimation technique is best for early project stages?",
    "options": [
      "A) COCOMO Model",
      "B) Analogous Estimating",
      "C) Parametric Estimating",
      "D) PERT"
    ],
    "answer": "B",
    "explanation": "Analogous Estimating is suitable for early stages when limited data is available."
  },
  {
    "question": "What does the PERT technique account for in estimations?",
    "options": [
      "A) Fixed task durations",
      "B) Uncertainty in task durations",
      "C) Resource costs",
      "D) Risk impacts"
    ],
    "answer": "B",
    "explanation": "PERT accounts for uncertainty by using three-point estimates for task durations."
  },
  {
    "question": "Which risk response strategy reduces the likelihood of a risk?",
    "options": [
      "A) Transfer",
      "B) Mitigation",
      "C) Acceptance",
      "D) Avoidance"
    ],
    "answer": "B",
    "explanation": "Mitigation involves actions to reduce the likelihood or impact of a risk."
  },
  {
    "question": "What is a key output of the Planning phase?",
    "options": [
      "A) Final deliverables",
      "B) Project management plan",
      "C) Risk identification",
      "D) Stakeholder approval"
    ],
    "answer": "B",
    "explanation": "The Planning phase produces a comprehensive project management plan."
  },
  {
    "question": "Which tool helps visualize task dependencies?",
    "options": [
      "A) Gantt Chart",
      "B) Network Diagram",
      "C) WBS",
      "D) COCOMO Model"
    ],
    "answer": "B",
    "explanation": "A Network Diagram illustrates task dependencies and the project’s workflow."
  },
  {
    "question": "What is a characteristic of the Execution phase?",
    "options": [
      "A) Defining project scope",
      "B) Implementing the project plan",
      "C) Closing contracts",
      "D) Identifying risks"
    ],
    "answer": "B",
    "explanation": "The Execution phase involves implementing the project plan to produce deliverables."
  },
  {
    "question": "Which of the following is a project manager’s responsibility?",
    "options": [
      "A) Writing detailed code",
      "B) Ensuring timely delivery",
      "C) Designing databases",
      "D) Conducting user surveys"
    ],
    "answer": "B",
    "explanation": "A project manager ensures the project is delivered on time and within scope."
  },
  {
    "question": "What does the Monitoring & Controlling phase focus on?",
    "options": [
      "A) Executing tasks",
      "B) Tracking performance and making adjustments",
      "C) Defining objectives",
      "D) Finalizing deliverables"
    ],
    "answer": "B",
    "explanation": "Monitoring & Controlling tracks project performance and implements corrective actions."
  },
  {
    "question": "Which estimation technique uses historical data?",
    "options": [
      "A) Expert Judgment",
      "B) Analogous Estimating",
      "C) PERT",
      "D) CPM"
    ],
    "answer": "B",
    "explanation": "Analogous Estimating relies on historical data from similar projects."
  },
  {
    "question": "What is the purpose of the Initiation phase?",
    "options": [
      "A) To execute the project plan",
      "B) To define project scope and objectives",
      "C) To monitor project progress",
      "D) To close the project"
    ],
    "answer": "B",
    "explanation": "The Initiation phase defines the project’s scope, objectives, and feasibility."
  },
  {
    "question": "Why do software projects often face uncertainty?",
    "options": [
      "A) Due to fixed requirements",
      "B) Because of changing requirements and complexity",
      "C) Due to standardized processes",
      "D) Because of minimal skill needs"
    ],
    "answer": "B",
    "explanation": "Software projects face uncertainty due to changing requirements and inherent complexity."
  },
  {
    "question": "What is a project manager’s role in risk management?",
    "options": [
      "A) Writing code to mitigate risks",
      "B) Identifying and planning risk responses",
      "C) Designing user interfaces",
      "D) Conducting market research"
    ],
    "answer": "B",
    "explanation": "A project manager identifies risks and plans appropriate responses."
  },
  {
    "question": "Which time management tool helps estimate project duration?",
    "options": [
      "A) Gantt Chart",
      "B) PERT",
      "C) WBS",
      "D) COCOMO Model"
    ],
    "answer": "B",
    "explanation": "PERT uses three-point estimates to estimate project duration under uncertainty."
  },
  {
    "question": "What is a benefit of the Critical Path Method (CPM)?",
    "options": [
      "A) It eliminates all risks",
      "B) It identifies tasks critical to the project timeline",
      "C) It estimates project costs",
      "D) It monitors resource usage"
    ],
    "answer": "B",
    "explanation": "CPM identifies the critical path, which determines the project’s minimum duration."
  },
  {
    "question": "Which phase involves resource allocation?",
    "options": [
      "A) Initiation",
      "B) Planning",
      "C) Closure",
      "D) Monitoring & Controlling"
    ],
    "answer": "B",
    "explanation": "The Planning phase includes allocating resources to project tasks."
  },
  {
    "question": "What does a project manager do during the Closure phase?",
    "options": [
      "A) Defines project scope",
      "B) Obtains deliverable acceptance",
      "C) Executes the project plan",
      "D) Identifies risks"
    ],
    "answer": "B",
    "explanation": "During Closure, the project manager ensures deliverables are accepted by stakeholders."
  },
  {
    "question": "Which characteristic of software projects affects estimation?",
    "options": [
      "A) Fixed requirements",
      "B) High uncertainty",
      "C) Standardized processes",
      "D) Minimal skill dependency"
    ],
    "answer": "B",
    "explanation": "High uncertainty in software projects makes time and cost estimation challenging."
  },
  {
    "question": "What is a key responsibility of a project manager?",
    "options": [
      "A) Writing software code",
      "B) Managing the project team",
      "C) Designing databases",
      "D) Conducting user training"
    ],
    "answer": "B",
    "explanation": "A project manager manages the team by assigning tasks and resolving issues."
  },
  {
    "question": "Which estimation technique is based on expert experience?",
    "options": [
      "A) Parametric Estimating",
      "B) Expert Judgment",
      "C) COCOMO Model",
      "D) PERT"
    ],
    "answer": "B",
    "explanation": "Expert Judgment relies on the knowledge and experience of experts."
  },
  {
    "question": "What is the purpose of a Gantt Chart?",
    "options": [
      "A) To estimate project costs",
      "B) To visualize task schedules and dependencies",
      "C) To identify risks",
      "D) To allocate resources"
    ],
    "answer": "B",
    "explanation": "A Gantt Chart visualizes task schedules, durations, and dependencies."
  },
  {
    "question": "Which risk management step follows risk identification?",
    "options": [
      "A) Risk monitoring",
      "B) Risk analysis",
      "C) Risk response planning",
      "D) Risk closure"
    ],
    "answer": "B",
    "explanation": "Risk analysis follows identification to assess the probability and impact of risks."
  },
  {
    "question": "What is a project manager’s role in quality management?",
    "options": [
      "A) Writing all code",
      "B) Ensuring quality standards are met",
      "C) Designing user interfaces",
      "D) Conducting market surveys"
    ],
    "answer": "B",
    "explanation": "A project manager ensures quality standards are met through processes and reviews."
  },
  {
    "question": "Which tool is used to break down project tasks?",
    "options": [
      "A) Gantt Chart",
      "B) Work Breakdown Structure",
      "C) Network Diagram",
      "D) PERT"
    ],
    "answer": "B",
    "explanation": "A Work Breakdown Structure breaks down the project into manageable tasks."
  },
  {
    "question": "What does the COCOMO Model estimate?",
    "options": [
      "A) Project risks",
      "B) Software development effort and cost",
      "C) Task dependencies",
      "D) Resource availability"
    ],
    "answer": "B",
    "explanation": "The COCOMO Model estimates the effort and cost of software development."
  },
  {
    "question": "Which phase involves tracking project performance?",
    "options": [
      "A) Initiation",
      "B) Execution",
      "C) Monitoring & Controlling",
      "D) Closure"
    ],
    "answer": "C",
    "explanation": "Monitoring & Controlling tracks performance and ensures the project stays on track."
  },
  {
    "question": "What is a characteristic of software projects?",
    "options": [
      "A) Easy cost estimation",
      "B) High skill dependency",
      "C) Fixed requirements",
      "D) Minimal uncertainty"
    ],
    "answer": "B",
    "explanation": "Software projects depend heavily on specialized skills and expertise."
  },
  {
    "question": "Which risk response strategy involves no action?",
    "options": [
      "A) Mitigation",
      "B) Avoidance",
      "C) Transfer",
      "D) Acceptance"
    ],
    "answer": "D",
    "explanation": "Risk acceptance involves acknowledging the risk without taking proactive action."
  },
  {
    "question": "What is the benefit of using PERT?",
    "options": [
      "A) It eliminates all risks",
      "B) It accounts for uncertainty in scheduling",
      "C) It estimates project costs",
      "D) It monitors resource usage"
    ],
    "answer": "B",
    "explanation": "PERT accounts for uncertainty by using three-point estimates for task durations."
  },
  {
    "question": "Which tool shows the sequence of project tasks?",
    "options": [
      "A) Work Breakdown Structure",
      "B) Network Diagram",
      "C) Gantt Chart",
      "D) COCOMO Model"
    ],
    "answer": "B",
    "explanation": "A Network Diagram shows the sequence and dependencies of project tasks."
  },
  {
    "question": "What is a project manager’s role in time management?",
    "options": [
      "A) Writing software code",
      "B) Developing and tracking schedules",
      "C) Designing databases",
      "D) Conducting user training"
    ],
    "answer": "B",
    "explanation": "A project manager develops and tracks project schedules to ensure timely delivery."
  },
  {
    "question": "Which estimation technique is suitable for complex projects?",
    "options": [
      "A) Analogous Estimating",
      "B) COCOMO Model",
      "C) Expert Judgment",
      "D) PERT"
    ],
    "answer": "B",
    "explanation": "The COCOMO Model is detailed and suitable for estimating complex software projects."
  },
  {
    "question": "What is the purpose of the Closure phase?",
    "options": [
      "A) To define project scope",
      "B) To finalize deliverables and close the project",
      "C) To execute the project plan",
      "D) To identify risks"
    ],
    "answer": "B",
    "explanation": "The Closure phase finalizes deliverables, obtains acceptance, and closes the project."
  },
  {
    "question": "Why are software projects skill-dependent?",
    "options": [
      "A) Due to fixed requirements",
      "B) Because of the need for specialized expertise",
      "C) Due to standardized processes",
      "D) Because of minimal uncertainty"
    ],
    "answer": "B",
    "explanation": "Software projects require specialized skills due to their technical complexity."
  },
  {
    "question": "Which risk management step involves developing strategies?",
    "options": [
      "A) Risk identification",
      "B) Risk analysis",
      "C) Risk response planning",
      "D) Risk monitoring"
    ],
    "answer": "C",
    "explanation": "Risk response planning involves developing strategies to address identified risks."
  },
  {
    "question": "What is a benefit of a Network Diagram?",
    "options": [
      "A) It estimates project costs",
      "B) It clarifies task dependencies",
      "C) It monitors resource usage",
      "D) It eliminates risks"
    ],
    "answer": "B",
    "explanation": "A Network Diagram clarifies the dependencies and sequence of project tasks."
  },
  {
    "question": "Which phase involves creating the project management plan?",
    "options": [
      "A) Initiation",
      "B) Planning",
      "C) Execution",
      "D) Closure"
    ],
    "answer": "B",
    "explanation": "The Planning phase involves creating the project management plan."
  },

{
  "question": "Which characteristic of software projects impacts planning?",
  "options": [
    "A) Fixed requirements",
    "B) Frequent requirement changes",
    "C) Minimal uncertainty",
    "D) Standardized processes"
  ],
  "answer": "B",
  "explanation": "Frequent requirement changes in software projects complicate planning efforts."
},
{
  "question": "What is a project manager’s role in resource management?",
  "options": [
    "A) Writing software code",
    "B) Allocating and optimizing resources",
    "C) Designing user interfaces",
    "D) Conducting market surveys"
  ],
  "answer": "B",
  "explanation": "A project manager allocates and optimizes resources to meet project needs."
},
{
  "question": "Which time management tool uses a bar chart format?",
  "options": [
    "A) Network Diagram",
    "B) PERT",
    "C) Gantt Chart",
    "D) WBS"
  ],
  "answer": "C",
  "explanation": "A Gantt Chart uses a bar chart format to display task schedules."
},
{
  "question": "What is the purpose of risk response planning?",
  "options": [
    "A) To identify risks",
    "B) To develop strategies to address risks",
    "C) To monitor risk triggers",
    "D) To analyze risk impacts"
  ],
  "answer": "B",
  "explanation": "Risk response planning develops strategies to mitigate, avoid, transfer, or accept risks."
},
{
  "question": "Which estimation technique uses mathematical models?",
  "options": [
    "A) Expert Judgment",
    "B) Analogous Estimating",
    "C) Parametric Estimating",
    "D) PERT"
  ],
  "answer": "C",
  "explanation": "Parametric Estimating uses mathematical models to estimate project parameters."
},
{
  "question": "What is a key output of the Initiation phase?",
  "options": [
    "A) Project management plan",
    "B) Project charter",
    "C) Final deliverables",
    "D) Risk response plan"
  ],
  "answer": "B",
  "explanation": "The Initiation phase produces a project charter that defines the project’s scope and objectives."
},
{
  "question": "Why do software projects require flexibility?",
  "options": [
    "A) Due to fixed requirements",
    "B) Because of frequent requirement changes",
    "C) Due to standardized processes",
    "D) Because of minimal skill needs"
  ],
  "answer": "B",
  "explanation": "Frequent requirement changes necessitate flexibility in software projects."
},
{
  "question": "Which tool helps prioritize tasks in a project?",
  "options": [
    "A) COCOMO Model",
    "B) Critical Path Method",
    "C) Gantt Chart",
    "D) Expert Judgment"
  ],
  "answer": "B",
  "explanation": "The Critical Path Method prioritizes tasks critical to the project’s timeline."
},
{
  "question": "What is a project manager’s role in stakeholder management?",
  "options": [
    "A) Writing software code",
    "B) Communicating and addressing stakeholder needs",
    "C) Designing databases",
    "D) Conducting user training"
  ],
  "answer": "B",
  "explanation": "A project manager communicates with stakeholders and addresses their needs."
},
{
  "question": "Which phase involves risk identification?",
  "options": [
    "A) Execution",
    "B) Planning",
    "C) Closure",
    "D) Monitoring & Controlling"
  ],
  "answer": "B",
  "explanation": "Risk identification is a key activity during the Planning phase."
},
{
  "question": "What is a benefit of using a Gantt Chart?",
  "options": [
    "A) It estimates project costs",
    "B) It visualizes project progress",
    "C) It identifies risks",
    "D) It allocates resources"
  ],
  "answer": "B",
  "explanation": "A Gantt Chart visualizes project progress and task schedules."
},
{
  "question": "Which risk response strategy involves outsourcing?",
  "options": [
    "A) Mitigation",
    "B) Avoidance",
    "C) Transfer",
    "D) Acceptance"
  ],
  "answer": "C",
  "explanation": "Risk transfer involves outsourcing or using insurance to shift risk to another party."
},
{
  "question": "What is the purpose of a Work Breakdown Structure (WBS)?",
  "options": [
    "A) To monitor project progress",
    "B) To divide the project into manageable tasks",
    "C) To estimate project costs",
    "D) To identify risks"
  ],
  "answer": "B",
  "explanation": "A WBS divides the project into smaller, manageable tasks for planning and control."
},
{
  "question": "Which technique helps manage project uncertainty?",
  "options": [
    "A) Gantt Chart",
    "B) PERT",
    "C) WBS",
    "D) COCOMO Model"
  ],
  "answer": "B",
  "explanation": "PERT manages uncertainty by using three-point estimates for task durations."
},
{
  "question": "What is a project manager’s role during Monitoring & Controlling?",
  "options": [
    "A) Defining project scope",
    "B) Tracking performance and implementing corrective actions",
    "C) Executing the project plan",
    "D) Finalizing deliverables"
  ],
  "answer": "B",
  "explanation": "During Monitoring & Controlling, the project manager tracks performance and takes corrective actions."
},
{
  "question": "Which characteristic of software projects affects cost estimation?",
  "options": [
    "A) Fixed requirements",
    "B) High uncertainty",
    "C) Standardized processes",
    "D) Minimal skill dependency"
  ],
  "answer": "B",
  "explanation": "High uncertainty in software projects complicates accurate cost estimation."
},
{
  "question": "What is a key responsibility of a project manager in risk management?",
  "options": [
    "A) Writing detailed code",
    "B) Monitoring and responding to risks",
    "C) Designing user interfaces",
    "D) Conducting market research"
  ],
  "answer": "B",
  "explanation": "A project manager monitors risks and implements response strategies."
}
]
}