{
"SystemProgramming":[
  {
    "question": "What is the primary purpose of system programming?",
    "options": [
      "A) To develop user-facing applications",
      "B) To create software that manages computer hardware and resources",
      "C) To design graphical user interfaces",
      "D) To build web applications"
    ],
    "answer": "B",
    "explanation": "System programming focuses on creating software that manages computer hardware and resources, such as operating systems and device drivers."
  },
  {
    "question": "How does system programming differ from application programming?",
    "options": [
      "A) System programming focuses on user interfaces, while application programming focuses on hardware",
      "B) System programming deals with low-level operations, while application programming focuses on user-level tasks",
      "C) System programming is only for web development",
      "D) Application programming requires no coding"
    ],
    "answer": "B",
    "explanation": "System programming involves low-level operations like memory management, while application programming focuses on user-level tasks like building apps."
  },
  {
    "question": "Which of the following is a characteristic of system software?",
    "options": [
      "A) Runs only on mobile devices",
      "B) Provides a platform for running application software",
      "C) Is always written in high-level languages",
      "D) Is used only for gaming applications"
    ],
    "answer": "B",
    "explanation": "System software provides a platform for running application software, such as operating systems and utilities."
  },
  {
    "question": "What is the role of an assembler in system programming?",
    "options": [
      "A) To execute high-level code directly",
      "B) To translate assembly language into machine code",
      "C) To manage memory allocation",
      "D) To create user interfaces"
    ],
    "answer": "B",
    "explanation": "An assembler translates assembly language programs into machine code that the computer can execute."
  },
  {
    "question": "What is a key feature of a one-pass assembler?",
    "options": [
      "A) It processes the source code multiple times",
      "B) It generates object code in a single pass",
      "C) It requires dynamic linking",
      "D) It cannot handle symbol tables"
    ],
    "answer": "B",
    "explanation": "A one-pass assembler generates object code in a single scan of the source code."
  },
  {
    "question": "What is stored in a symbol table during assembly?",
    "options": [
      "A) Machine instructions",
      "B) Variable names and their addresses",
      "C) Object code",
      "D) User inputs"
    ],
    "answer": "B",
    "explanation": "A symbol table stores variable names and their corresponding memory addresses during the assembly process."
  },
  {
    "question": "What does an opcode table contain?",
    "options": [
      "A) User-defined variables",
      "B) Operation codes and their binary equivalents",
      "C) Memory addresses",
      "D) Macro definitions"
    ],
    "answer": "B",
    "explanation": "An opcode table contains operation codes and their corresponding binary representations used by the assembler."
  },
  {
    "question": "What is the main function of a loader in system programming?",
    "options": [
      "A) To compile source code",
      "B) To load object code into memory for execution",
      "C) To optimize code",
      "D) To debug programs"
    ],
    "answer": "B",
    "explanation": "A loader places object code into memory and prepares it for execution."
  },
  {
    "question": "What is the difference between an absolute loader and a relocating loader?",
    "options": [
      "A) An absolute loader allows dynamic memory allocation, while a relocating loader does not",
      "B) An absolute loader loads code at fixed addresses, while a relocating loader adjusts addresses",
      "C) A relocating loader compiles code, while an absolute loader does not",
      "D) An absolute loader is used for web applications"
    ],
    "answer": "B",
    "explanation": "An absolute loader loads code at fixed memory addresses, while a relocating loader adjusts addresses as needed."
  },
  {
    "question": "What is dynamic linking?",
    "options": [
      "A) Linking all libraries at compile time",
      "B) Linking libraries at runtime",
      "C) Compiling code without libraries",
      "D) Loading code without linking"
    ],
    "answer": "B",
    "explanation": "Dynamic linking involves linking libraries at runtime, allowing shared libraries to be used."
  },
  {
    "question": "What is a macro in system programming?",
    "options": [
      "A) A high-level programming language",
      "B) A sequence of instructions replaced by a single instruction",
      "C) A type of linker",
      "D) A debugging tool"
    ],
    "answer": "B",
    "explanation": "A macro is a sequence of instructions that is replaced by a single instruction during preprocessing."
  },
  {
    "question": "What happens during macro expansion?",
    "options": [
      "A) The macro is compiled into machine code",
      "B) The macro is replaced with its defined code",
      "C) The macro is deleted from the program",
      "D) The macro is executed directly"
    ],
    "answer": "B",
    "explanation": "During macro expansion, the macro is replaced with the code it represents in the source program."
  },
  {
    "question": "What is a key difference between a macro and a function?",
    "options": [
      "A) Macros are executed at runtime, while functions are not",
      "B) Macros are expanded at compile time, while functions are called at runtime",
      "C) Functions cannot have parameters, while macros can",
      "D) Macros are only used in high-level languages"
    ],
    "answer": "B",
    "explanation": "Macros are expanded during compilation, while functions are executed at runtime."
  },
  {
    "question": "Which phase of a compiler checks for syntax errors?",
    "options": [
      "A) Lexical analysis",
      "B) Syntax analysis",
      "C) Semantic analysis",
      "D) Code optimization"
    ],
    "answer": "B",
    "explanation": "Syntax analysis checks the source code for syntax errors based on the language's grammar."
  },
  {
    "question": "What is the purpose of intermediate code generation in a compiler?",
    "options": [
      "A) To execute the program directly",
      "B) To create a platform-independent representation of the program",
      "C) To optimize the final machine code",
      "D) To debug the source code"
    ],
    "answer": "B",
    "explanation": "Intermediate code generation creates a platform-independent representation that can be further processed."
  },
  {
    "question": "What is the role of code optimization in a compiler?",
    "options": [
      "A) To generate syntax errors",
      "B) To improve the efficiency of the generated code",
      "C) To load the program into memory",
      "D) To create user interfaces"
    ],
    "answer": "B",
    "explanation": "Code optimization improves the efficiency of the generated code in terms of speed or memory usage."
  },
  {
    "question": "What is a system call in the context of operating systems?",
    "options": [
      "A) A user-defined function",
      "B) A request made by a program to the operating system",
      "C) A type of macro",
      "D) A hardware interrupt"
    ],
    "answer": "B",
    "explanation": "A system call is a request made by a program to the operating system for services like file operations or process management."
  },
  {
    "question": "Which of the following is a type of system call?",
    "options": [
      "A) File handling",
      "B) User interface design",
      "C) Code optimization",
      "D) Syntax analysis"
    ],
    "answer": "A",
    "explanation": "File handling is a type of system call used to perform operations like opening or reading files."
  },
  {
    "question": "What is inter-process communication (IPC)?",
    "options": [
      "A) A method for processes to share data and signals",
      "B) A type of compiler phase",
      "C) A debugging tool",
      "D) A macro processor"
    ],
    "answer": "A",
    "explanation": "IPC allows processes to communicate by sharing data or sending signals."
  },
  {
    "question": "What is the primary role of a debugger in system development?",
    "options": [
      "A) To optimize code",
      "B) To identify and fix errors in a program",
      "C) To compile code",
      "D) To generate macros"
    ],
    "answer": "B",
    "explanation": "A debugger helps developers identify and fix errors in a program by inspecting its execution."
  },
  {
    "question": "What is a breakpoint in debugging?",
    "options": [
      "A) A point where the program pauses for inspection",
      "B) A syntax error",
      "C) A type of system call",
      "D) A macro definition"
    ],
    "answer": "A",
    "explanation": "A breakpoint is a designated point in the program where execution pauses for debugging."
  },
  {
    "question": "What do profilers analyze in a program?",
    "options": [
      "A) Syntax errors",
      "B) Performance metrics like execution time",
      "C) User inputs",
      "D) Macro expansions"
    ],
    "answer": "B",
    "explanation": "Profilers analyze performance metrics, such as execution time and memory usage, to optimize programs."
  },
  {
    "question": "What is a virtual machine (VM)?",
    "options": [
      "A) A physical computer",
      "B) A software emulation of a computer system",
      "C) A type of debugger",
      "D) A macro processor"
    ],
    "answer": "B",
    "explanation": "A virtual machine is a software-based emulation of a computer system that runs programs."
  },
  {
    "question": "What is the difference between a stack-based and register-based virtual machine?",
    "options": [
      "A) Stack-based VMs use registers for operations, while register-based VMs use a stack",
      "B) Stack-based VMs use a stack for operations, while register-based VMs use registers",
      "C) Stack-based VMs are used only for compilers",
      "D) Register-based VMs are used only for interpreters"
    ],
    "answer": "B",
    "explanation": "Stack-based VMs use a stack for operations, while register-based VMs use registers."
  },
  {
    "question": "What is a key difference between an interpreter and a compiler?",
    "options": [
      "A) An interpreter generates machine code, while a compiler executes code directly",
      "B) An interpreter executes code line by line, while a compiler translates the entire program",
      "C) A compiler is used only for debugging",
      "D) An interpreter optimizes code"
    ],
    "answer": "B",
    "explanation": "An interpreter executes code line by line, while a compiler translates the entire program into machine code."
  },
  {
    "question": "Which of the following is an example of a virtual machine?",
    "options": [
      "A) Java Virtual Machine (JVM)",
      "B) Text editor",
      "C) Macro processor",
      "D) Linker"
    ],
    "answer": "A",
    "explanation": "The Java Virtual Machine (JVM) is an example of a virtual machine that runs Java bytecode."
  },
  {
    "question": "What is a key feature of a text editor used in system programming?",
    "options": [
      "A) Syntax highlighting",
      "B) Code optimization",
      "C) Dynamic linking",
      "D) Macro expansion"
    ],
    "answer": "A",
    "explanation": "Syntax highlighting is a key feature of text editors, helping developers write and read code."
  },
  {
    "question": "What is a variable in shell scripting?",
    "options": [
      "A) A fixed value",
      "B) A named storage location for data",
      "C) A type of system call",
      "D) A debugging tool"
    ],
    "answer": "B",
    "explanation": "A variable in shell scripting is a named storage location that holds data for use in scripts."
  },
  {
    "question": "What does input/output redirection do in shell scripting?",
    "options": [
      "A) Optimizes code",
      "B) Redirects input or output to a file or another command",
      "C) Compiles the script",
      "D) Generates macros"
    ],
    "answer": "B",
    "explanation": "Input/output redirection allows input or output to be sent to a file or another command."
  },
  {
    "question": "What is piping in shell scripting?",
    "options": [
      "A) Linking multiple programs together",
      "B) Passing the output of one command as input to another",
      "C) Debugging a script",
      "D) Optimizing code"
    ],
    "answer": "B",
    "explanation": "Piping passes the output of one command as input to another command in shell scripting."
  },
  {
    "question": "Which system software tool translates assembly code into machine code?",
    "options": [
      "A) Linker",
      "B) Loader",
      "C) Assembler",
      "D) Debugger"
    ],
    "answer": "C",
    "explanation": "An assembler translates assembly code into machine code."
  },
  {
    "question": "What is the role of a linker in the software development process?",
    "options": [
      "A) To execute the program",
      "B) To combine object code modules into a single executable",
      "C) To debug the program",
      "D) To optimize the code"
    ],
    "answer": "B",
    "explanation": "A linker combines multiple object code modules into a single executable program."
  },
  {
    "question": "What does a two-pass assembler do in its first pass?",
    "options": [
      "A) Generates machine code",
      "B) Builds the symbol table",
      "C) Executes the program",
      "D) Optimizes the code"
    ],
    "answer": "B",
    "explanation": "In its first pass, a two-pass assembler builds the symbol table to resolve references."
  },
  {
    "question": "What is the purpose of a literal table in an assembler?",
    "options": [
      "A) To store user inputs",
      "B) To store literal values and their addresses",
      "C) To store machine instructions",
      "D) To store macro definitions"
    ],
    "answer": "B",
    "explanation": "A literal table stores literal values and their corresponding memory addresses."
  },
  {
    "question": "What is the final step in the linking process?",
    "options": [
      "A) Code optimization",
      "B) Relocation of addresses",
      "C) Syntax analysis",
      "D) Macro expansion"
    ],
    "answer": "B",
    "explanation": "The final step in the linking process is relocating addresses to prepare the program for execution."
  },
  {
    "question": "What is a conditional macro?",
    "options": [
      "A) A macro that executes only at runtime",
      "B) A macro with logic to expand based on conditions",
      "C) A macro used for debugging",
      "D) A macro that optimizes code"
    ],
    "answer": "B",
    "explanation": "A conditional macro includes logic to expand differently based on specified conditions."
  },
  {
    "question": "Which compiler phase ensures type checking?",
    "options": [
      "A) Lexical analysis",
      "B) Syntax analysis",
      "C) Semantic analysis",
      "D) Code generation"
    ],
    "answer": "C",
    "explanation": "Semantic analysis ensures type checking and other context-sensitive rules."
  },
  {
    "question": "What is the role of lexical analysis in a compiler?",
    "options": [
      "A) To check syntax",
      "B) To break source code into tokens",
      "C) To optimize code",
      "D) To generate machine code"
    ],
    "answer": "B",
    "explanation": "Lexical analysis breaks the source code into tokens for further processing."
  },
  {
    "question": "What is the purpose of a watchpoint in debugging?",
    "options": [
      "A) To pause execution when a variable changes",
      "B) To optimize code",
      "C) To generate macros",
      "D) To compile code"
    ],
    "answer": "A",
    "explanation": "A watchpoint pauses program execution when a specified variable changes."
  },
  {
    "question": "Which of the following is an example of an interpreter?",
    "options": [
      "A) Java Virtual Machine (JVM)",
      "B) Python interpreter",
      "C) Assembler",
      "D) Linker"
    ],
    "answer": "B",
    "explanation": "The Python interpreter executes Python code line by line."
  },
  {
    "question": "What is the role of a shell script in system programming?",
    "options": [
      "A) To compile code",
      "B) To automate tasks and manage system operations",
      "C) To debug programs",
      "D) To optimize code"
    ],
    "answer": "B",
    "explanation": "Shell scripts automate tasks and manage system operations in a command-line environment."
  },
  {
    "question": "What is the purpose of final code generation in a compiler?",
    "options": [
      "A) To check syntax errors",
      "B) To produce machine code for the target platform",
      "C) To create intermediate code",
      "D) To debug the program"
    ],
    "answer": "B",
    "explanation": "Final code generation produces machine code tailored for the target platform."
  },
  {
    "question": "What is a key advantage of dynamic loading?",
    "options": [
      "A) It reduces memory usage by loading code only when needed",
      "B) It compiles code faster",
      "C) It eliminates the need for linking",
      "D) It optimizes syntax analysis"
    ],
    "answer": "A",
    "explanation": "Dynamic loading reduces memory usage by loading code only when it is needed during execution."
  },
  {
    "question": "What is the role of memory management system calls?",
    "options": [
      "A) To allocate and deallocate memory for processes",
      "B) To optimize code",
      "C) To generate macros",
      "D) To compile programs"
    ],
    "answer": "A",
    "explanation": "Memory management system calls allocate and deallocate memory for processes."
  },
  {
    "question": "What is the purpose of a relocating loader?",
    "options": [
      "A) To load code at fixed addresses",
      "B) To adjust memory addresses during loading",
      "C) To compile code",
      "D) To debug programs"
    ],
    "answer": "B",
    "explanation": "A relocating loader adjusts memory addresses during the loading process."
  },
  {
    "question": "What is the difference between static and dynamic linking?",
    "options": [
      "A) Static linking occurs at runtime, while dynamic linking occurs at compile time",
      "B) Static linking embeds libraries in the executable, while dynamic linking loads them at runtime",
      "C) Static linking is used only for interpreters",
      "D) Dynamic linking is used only for compilers"
    ],
    "answer": "B",
    "explanation": "Static linking embeds libraries in the executable, while dynamic linking loads them at runtime."
  },
  {
    "question": "What is the role of a macro processor?",
    "options": [
      "A) To execute machine code",
      "B) To expand macros in the source code",
      "C) To optimize code",
      "D) To debug programs"
    ],
    "answer": "B",
    "explanation": "A macro processor expands macros in the source code before compilation."
  },
  {
    "question": "What is the purpose of process management system calls?",
    "options": [
      "A) To create and manage processes",
      "B) To optimize code",
      "C) To generate macros",
      "D) To compile programs"
    ],
    "answer": "A",
    "explanation": "Process management system calls create, terminate, and manage processes."
  },
  {
    "question": "What is a key feature of a stack-based virtual machine?",
    "options": [
      "A) It uses registers for operations",
      "B) It uses a stack for operand storage",
      "C) It compiles code directly",
      "D) It optimizes code"
    ],
    "answer": "B",
    "explanation": "A stack-based virtual machine uses a stack to store operands during operations."
  },
  {
    "question": "What is the role of a text editor in system programming?",
    "options": [
      "A) To compile code",
      "B) To write and edit source code",
      "C) To optimize code",
      "D) To generate macros"
    ],
    "answer": "B",
    "explanation": "A text editor is used to write and edit source code in system programming."
  },
  {
    "question": "What is the purpose of a loop in shell scripting?",
    "options": [
      "A) To execute a block of code repeatedly",
      "B) To optimize code",
      "C) To compile code",
      "D) To debug programs"
    ],
    "answer": "A",
    "explanation": "A loop in shell scripting executes a block of code repeatedly based on a condition."
  },
  {
    "question": "What is the role of a compiler in system programming?",
    "options": [
      "A) To execute code directly",
      "B) To translate high-level code into machine code",
      "C) To debug programs",
      "D) To generate macros"
    ],
    "answer": "B",
    "explanation": "A compiler translates high-level code into machine code for execution."
  },
  {
    "question": "What is the purpose of a profiler in system development?",
    "options": [
      "A) To compile code",
      "B) To analyze program performance",
      "C) To generate macros",
      "D) To execute code"
    ],
    "answer": "B",
    "explanation": "A profiler analyzes program performance to identify bottlenecks and optimize execution."
  },
  {
    "question": "What is the role of a dynamic loader?",
    "options": [
      "A) To load code at fixed addresses",
      "B) To load and link code at runtime",
      "C) To compile code",
      "D) To debug programs"
    ],
    "answer": "B",
    "explanation": "A dynamic loader loads and links code at runtime, enabling dynamic linking."
  },
  {
    "question": "What is the purpose of a condition in shell scripting?",
    "options": [
      "A) To execute code based on a logical test",
      "B) To optimize code",
      "C) To compile code",
      "D) To generate macros"
    ],
    "answer": "A",
    "explanation": "A condition in shell scripting executes code based on the result of a logical test."
  },
  {
    "question": "What is the role of a virtual machine in system programming?",
    "options": [
      "A) To compile code",
      "B) To provide a platform for running programs",
      "C) To optimize code",
      "D) To generate macros"
    ],
    "answer": "B",
    "explanation": "A virtual machine provides a platform for running programs in a simulated environment."
  },
  {
    "question": "What is the purpose of a system software tool?",
    "options": [
      "A) To design user interfaces",
      "B) To support the development and execution of programs",
      "C) To optimize user inputs",
      "D) To generate web applications"
    ],
    "answer": "B",
    "explanation": "System software tools support the development and execution of programs, such as compilers and assemblers."
  },
  {
    "question": "What is the role of a macro parameter?",
    "options": [
      "A) To optimize code",
      "B) To pass values to a macro during expansion",
      "C) To compile code",
      "D) To debug programs"
    ],
    "answer": "B",
    "explanation": "A macro parameter passes values to a macro during its expansion."
  },
  {
    "question": "What is the purpose of semantic analysis in a compiler?",
    "options": [
      "A) To check syntax errors",
      "B) To ensure the program is semantically correct",
      "C) To generate machine code",
      "D) To optimize code"
    ],
    "answer": "B",
    "explanation": "Semantic analysis ensures the program is semantically correct, such as checking type compatibility."
  },
  {
    "question": "What is the role of a file handling system call?",
    "options": [
      "A) To manage file operations like reading and writing",
      "B) To optimize code",
      "C) To generate macros",
      "D) To compile programs"
    ],
    "answer": "A",
    "explanation": "File handling system calls manage file operations such as reading, writing, and opening files."
  },
  {
    "question": "What is the purpose of a register-based virtual machine?",
    "options": [
      "A) To use a stack for operations",
      "B) To use registers for operations",
      "C) To compile code",
      "D) To optimize code"
    ],
    "answer": "B",
    "explanation": "A register-based virtual machine uses registers for operations, unlike a stack-based VM."
  },
  {
    "question": "What is the role of a debugger breakpoint?",
    "options": [
      "A) To optimize code",
      "B) To pause execution at a specific point",
      "C) To compile code",
      "D) To generate macros"
    ],
    "answer": "B",
    "explanation": "A debugger breakpoint pauses execution at a specific point for inspection."
  },
  {
    "question": "What is the purpose of a shell script variable?",
    "options": [
      "A) To store data for use in the script",
      "B) To optimize code",
      "C) To compile code",
      "D) To generate macros"
    ],
    "answer": "A",
    "explanation": "A shell script variable stores data for use within the script."
  },
  {
    "question": "What is the role of a compiler's code generation phase?",
    "options": [
      "A) To check syntax errors",
      "B) To produce machine code",
      "C) To optimize code",
      "D) To generate macros"
    ],
    "answer": "B",
    "explanation": "The code generation phase of a compiler produces machine code for the target platform."
  },
  {
    "question": "What is the purpose of a macro definition?",
    "options": [
      "A) To optimize code",
      "B) To specify a sequence of instructions for expansion",
      "C) To compile code",
      "D) To debug programs"
    ],
    "answer": "B",
    "explanation": "A macro definition specifies a sequence of instructions that will be expanded during preprocessing."
  },
  {
    "question": "What is the role of a system call in process management?",
    "options": [
      "A) To create and terminate processes",
      "B) To optimize code",
      "C) To generate macros",
      "D) To compile programs"
    ],
    "answer": "A",
    "explanation": "System calls in process management create, terminate, and manage processes."
  },
  {
    "question": "What is the purpose of a text editor's syntax highlighting?",
    "options": [
      "A) To optimize code",
      "B) To improve code readability",
      "C) To compile code",
      "D) To generate macros"
    ],
    "answer": "B",
    "explanation": "Syntax highlighting improves code readability by visually distinguishing code elements."
  },
  {
    "question": "What is the role of a virtual machine interpreter?",
    "options": [
      "A) To compile code",
      "B) To execute instructions in a virtual environment",
      "C) To optimize code",
      "D) To generate macros"
    ],
    "answer": "B",
    "explanation": "A virtual machine interpreter executes instructions in a virtual environment."
  },
  {
    "question": "What is the purpose of a debugger watchpoint?",
    "options": [
      "A) To pause execution when a variable changes",
      "B) To optimize code",
      "C) To compile code",
      "D) To generate macros"
    ],
    "answer": "A",
    "explanation": "A debugger watchpoint pauses execution when a specified variable changes."
  },
  {
    "question": "What is the role of a shell script loop?",
    "options": [
      "A) To execute code repeatedly",
      "B) To optimize code",
      "C) To compile code",
      "D) To generate macros"
    ],
    "answer": "A",
    "explanation": "A shell script loop executes a block of code repeatedly based on a condition."
  },
  {
    "question": "What is the purpose of a compiler's optimization phase?",
    "options": [
      "A) To check syntax errors",
      "B) To improve code efficiency",
      "C) To generate macros",
      "D) To debug programs"
    ],
    "answer": "B",
    "explanation": "The optimization phase of a compiler improves the efficiency of the generated code."
  },
  {
    "question": "What is the role of a macro expansion?",
    "options": [
      "A) To optimize code",
      "B) To replace a macro with its defined code",
      "C) To compile code",
      "D) To debug programs"
    ],
    "answer": "B",
    "explanation": "Macro expansion replaces a macro with its defined code during preprocessing."
  },
  {
    "question": "What is the purpose of a system call in file handling?",
    "options": [
      "A) To perform file operations like reading and writing",
      "B) To optimize code",
      "C) To generate macros",
      "D) To compile programs"
    ],
    "answer": "A",
    "explanation": "System calls in file handling perform operations like reading, writing, and opening files."
  },
  {
    "question": "What is the role of a register-based virtual machine?",
    "options": [
      "A) To use a stack for operations",
      "B) To use registers for operations",
      "C) To compile code",
      "D) To optimize code"
    ],
    "answer": "B",
    "explanation": "A register-based virtual machine uses registers for operations, unlike a stack-based VM."
  },
  {
    "question": "What is the purpose of a debugger breakpoint?",
    "options": [
      "A) To optimize code",
      "B) To pause execution at a specific point",
      "C) To compile code",
      "D) To generate macros"
    ],
    "answer": "B",
    "explanation": "A debugger breakpoint pauses execution at a specific point for inspection."
  },
  {
    "question": "What is the role of a shell script variable?",
    "options": [
      "A) To store data for use in the script",
      "B) To optimize code",
      "C) To compile code",
      "D) To generate macros"
    ],
    "answer": "A",
    "explanation": "A shell script variable stores data for use within the script."
  },
  {
    "question": "What is the purpose of a compiler's code generation phase?",
    "options": [
      "A) To check syntax errors",
      "B) To produce machine code",
      "C) To optimize code",
      "D) To generate macros"
    ],
    "answer": "B",
    "explanation": "The code generation phase of a compiler produces machine code for the target platform."
  },
  {
    "question": "What is the role of a macro definition?",
    "options": [
      "A) To optimize code",
      "B) To specify a sequence of instructions for expansion",
      "C) To compile code",
      "D) To debug programs"
    ],
    "answer": "B",
    "explanation": "A macro definition specifies a sequence of instructions that will be expanded during preprocessing."
  },
  {
    "question": "What is the purpose of a system call in process management?",
    "options": [
      "A) To create and terminate processes",
      "B) To optimize code",
      "C) To generate macros",
      "D) To compile programs"
    ],
    "answer": "A",
    "explanation": "System calls in process management create, terminate, and manage processes."
  },
  {
    "question": "What is the role of a text editor's syntax highlighting?",
    "options": [
      "A) To optimize code",
      "B) To improve code readability",
      "C) To compile code",
      "D) To generate macros"
    ],
    "answer": "B",
    "explanation": "Syntax highlighting improves code readability by visually distinguishing code elements."
  },
  {
    "question": "What is the purpose of a virtual machine interpreter?",
    "options": [
      "A) To compile code",
      "B) To execute instructions in a virtual environment",
      "C) To optimize code",
      "D) To generate macros"
    ],
    "answer": "B",
    "explanation": "A virtual machine interpreter executes instructions in a virtual environment."
  },
  {
    "question": "What is the role of a debugger watchpoint?",
    "options": [
      "A) To pause execution when a variable changes",
      "B) To optimize code",
      "C) To compile code",
      "D) To generate macros"
    ],
    "answer": "A",
    "explanation": "A debugger watchpoint pauses execution when a specified variable changes."
  },
  {
    "question": "What is the purpose of a shell script loop?",
    "options": [
      "A) To execute code repeatedly",
      "B) To optimize code",
      "C) To compile code",
      "D) To generate macros"
    ],
    "answer": "A",
    "explanation": "A shell script loop executes a block of code repeatedly based on a condition."
  },
  {
    "question": "What is the role of a compiler's optimization phase?",
    "options": [
      "A) To check syntax errors",
      "B) To improve code efficiency",
      "C) To generate macros",
      "D) To debug programs"
    ],
    "answer": "B",
    "explanation": "The optimization phase of a compiler improves the efficiency of the generated code."
  },
  {
    "question": "What is the purpose of a macro expansion?",
    "options": [
      "A) To optimize code",
      "B) To replace a macro with its defined code",
      "C) To compile code",
      "D) To debug programs"
    ],
    "answer": "B",
    "explanation": "Macro expansion replaces a macro with its defined code during preprocessing."
  },
  {
    "question": "What is the role of a system call in file handling?",
    "options": [
      "A) To perform file operations like reading and writing",
      "B) To optimize code",
      "C) To generate macros",
      "D) To compile programs"
    ],
    "answer": "A",
    "explanation": "System calls in file handling perform operations like reading, writing, and opening files."
  },
  {
    "question": "What is the purpose of a register-based virtual machine?",
    "options": [
      "A) To use a stack for operations",
      "B) To use registers for operations",
      "C) To compile code",
      "D) To optimize code"
    ],
    "answer": "B",
    "explanation": "A register-based virtual machine uses registers for operations, unlike a stack-based VM."
  },
  {
    "question": "What is the role of a debugger breakpoint?",
    "options": [
      "A) To optimize code",
      "B) To pause execution at a specific point",
      "C) To compile code",
      "D) To generate macros"
    ],
    "answer": "B",
    "explanation": "A debugger breakpoint pauses execution at a specific point for inspection."
  },
  {
    "question": "What is the purpose of a shell script variable?",
    "options": [
      "A) To store data for use in the script",
      "B) To optimize code",
      "C) To compile code",
      "D) To generate macros"
    ],
    "answer": "A",
    "explanation": "A shell script variable stores data for use within the script."
  },
  {
    "question": "What is the role of a compiler's code generation phase?",
    "options": [
      "A) To check syntax errors",
      "B) To produce machine code",
      "C) To optimize code",
      "D) To generate macros"
    ],
    "answer": "B",
    "explanation": "The code generation phase of a compiler produces machine code for the target platform."
  },
  {
    "question": "What is the purpose of a macro definition?",
    "options": [
      "A) To optimize code",
      "B) To specify a sequence of instructions for expansion",
      "C) To compile code",
      "D) To debug programs"
    ],
    "answer": "B",
    "explanation": "A macro definition specifies a sequence of instructions that will be expanded during preprocessing."
  },
  {
    "question": "What is the role of a system call in process management?",
    "options": [
      "A) To create and terminate processes",
      "B) To optimize code",
      "C) To generate macros",
      "D) To compile programs"
    ],
    "answer": "A",
    "explanation": "System calls in process management create, terminate, and manage processes."
  },
  {
    "question": "What is the purpose of a text editor's syntax highlighting?",
    "options": [
      "A) To optimize code",
      "B) To improve code readability",
      "C) To compile code",
      "D) To generate macros"
    ],
    "answer": "B",
    "explanation": "Syntax highlighting improves code readability by visually distinguishing code elements."
  },
  {
    "question": "What is the role of a virtual machine interpreter?",
    "options": [
      "A) To compile code",
      "B) To execute instructions in a virtual environment",
      "C) To optimize code",
      "D) To generate macros"
    ],
    "answer": "B",
    "explanation": "A virtual machine interpreter executes instructions in a virtual environment."
  },
  {
    "question": "What is the purpose of a debugger watchpoint?",
    "options": [
      "A) To pause execution when a variable changes",
      "B) To optimize code",
      "C) To compile code",
      "D) To generate macros"
    ],
    "answer": "A",
    "explanation": "A debugger watchpoint pauses execution when a specified variable changes."
  },
  {
    "question": "What is the role of a shell script loop?",
    "options": [
      "A) To execute code repeatedly",
      "B) To optimize code",
      "C) To compile code",
      "D) To generate macros"
    ],
    "answer": "A",
    "explanation": "A shell script loop executes a block of code repeatedly based on a condition."
  },
  {
    "question": "What is the purpose of a compiler's optimization phase?",
    "options": [
      "A) To check syntax errors",
      "B) To improve code efficiency",
      "C) To generate macros",
      "D) To debug programs"
    ],
    "answer": "B",
    "explanation": "The optimization phase of a compiler improves the efficiency of the generated code."
  },
  {
    "question": "What is the role of a macro expansion?",
    "options": [
      "A) To optimize code",
      "B) To replace a macro with its defined code",
      "C) To compile code",
      "D) To debug programs"
    ],
    "answer": "B",
    "explanation": "Macro expansion replaces a macro with its defined code during preprocessing."
  },
  {
    "question": "What is the purpose of a system call in file handling?",
    "options": [
      "A) To perform file operations like reading and writing",
      "B) To optimize code",
      "C) To generate macros",
      "D) To compile programs"
    ],
    "answer": "A",
    "explanation": "System calls in file handling perform operations like reading, writing, and opening files."
  },
  {
    "question": "What is the role of a register-based virtual machine?",
    "options": [
      "A) To use a stack for operations",
      "B) To use registers for operations",
      "C) To compile code",
      "D) To optimize code"
    ],
    "answer": "B",
    "explanation": "A register-based virtual machine uses registers for operations, unlike a stack-based VM."
  },
  {
    "question": "What is the purpose of a debugger breakpoint?",
    "options": [
      "A) To optimize code",
      "B) To pause execution at a specific point",
      "C) To compile code",
      "D) To generate macros"
    ],
    "answer": "B",
    "explanation": "A debugger breakpoint pauses execution at a specific point for inspection."
  },
  {
    "question": "What is the role of a shell script variable?",
    "options": [
      "A) To store data for use in the script",
      "B) To optimize code",
      "C) To compile code",
      "D) To generate macros"
    ],
    "answer": "A",
    "explanation": "A shell script variable stores data for use within the script."
  },
  {
    "question": "What is the purpose of a compiler's code generation phase?",
    "options": [
      "A) To check syntax errors",
      "B) To produce machine code",
      "C) To optimize code",
      "D) To generate macros"
    ],
    "answer": "B",
    "explanation": "The code generation phase of a compiler produces machine code for the target platform."
  },
  {
    "question": "What is the role of a macro definition?",
    "options": [
      "A) To optimize code",
      "B) To specify a sequence of instructions for expansion",
      "C) To compile code",
      "D) To debug programs"
    ],
    "answer": "B",
    "explanation": "A macro definition specifies a sequence of instructions that will be expanded during preprocessing."
  },
  {
    "question": "What is the purpose of a system call in process management?",
    "options": [
      "A) To create and terminate processes",
      "B) To optimize code",
      "C) To generate macros",
      "D) To compile programs"
    ],
    "answer": "A",
    "explanation": "System calls in process management create, terminate, and manage processes."
  },
  {
    "question": "What is the role of a text editor's syntax highlighting?",
    "options": [
      "A) To optimize code",
      "B) To improve code readability",
      "C) To compile code",
      "D) To generate macros"
    ],
    "answer": "B",
    "explanation": "Syntax highlighting improves code readability by visually distinguishing code elements."
  },
  {
    "question": "What is the purpose of a virtual machine interpreter?",
    "options": [
      "A) To compile code",
      "B) To execute instructions in a virtual environment",
      "C) To optimize code",
      "D) To generate macros"
    ],
    "answer": "B",
    "explanation": "A virtual machine interpreter executes instructions in a virtual environment."
  },
  {
    "question": "What is the role of a debugger watchpoint?",
    "options": [
      "A) To pause execution when a variable changes",
      "B) To optimize code",
      "C) To compile code",
      "D) To generate macros"
    ],
    "answer": "A",
    "explanation": "A debugger watchpoint pauses execution when a specified variable changes."
  },
  {
    "question": "What is the purpose of a shell script loop?",
    "options": [
      "A) To execute code repeatedly",
      "B) To optimize code",
      "C) To compile code",
      "D) To generate macros"
    ],
    "answer": "A",
    "explanation": "A shell script loop executes a block of code repeatedly based on a condition."
  },
  {
    "question": "What is the role of a compiler's optimization phase?",
    "options": [
      "A) To check syntax errors",
      "B) To improve code efficiency",
      "C) To generate macros",
      "D) To debug programs"
    ],
    "answer": "B",
    "explanation": "The optimization phase of a compiler improves the efficiency of the generated code."
  },
  {
    "question": "What is the purpose of a macro expansion?",
    "options": [
      "A) To optimize code",
      "B) To replace a macro with its defined code",
      "C) To compile code",
      "D) To debug programs"
    ],
    "answer": "B",
    "explanation": "Macro expansion replaces a macro with its defined code during preprocessing."
  },
  {
    "question": "What is the role of a system call in file handling?",
    "options": [
      "A) To perform file operations like reading and writing",
      "B) To optimize code",
      "C) To generate macros",
      "D) To compile programs"
    ],
    "answer": "A",
    "explanation": "System calls in file handling perform operations like reading, writing, and opening files."
  }
]
}