{

"Theory":[
  {
    "question": "What is the primary focus of the Theory of Computation?",
    "options": [
      "A) Designing efficient algorithms",
      "B) Studying the nature and limitations of computation",
      "C) Developing programming languages",
      "D) Optimizing computer hardware"
    ],
    "answer": "B",
    "explanation": "The Theory of Computation studies what can be computed, how efficiently, and with what resources, focusing on formal models and their limitations."
  },
  {
    "question": "Which of the following best defines computation?",
    "options": [
      "A) Execution of a program on a computer",
      "B) A sequence of steps to solve a problem using a model of computation",
      "C) Writing code in a high-level language",
      "D) Hardware design for processors"
    ],
    "answer": "B",
    "explanation": "Computation is a process defined by a sequence of steps or rules to solve a problem, typically formalized by models like Turing Machines."
  },
  {
    "question": "What is the role of formal languages in the Theory of Computation?",
    "options": [
      "A) To design user interfaces",
      "B) To describe the syntax and semantics of computational models",
      "C) To optimize database queries",
      "D) To create encryption algorithms"
    ],
    "answer": "B",
    "explanation": "Formal languages provide a mathematical framework to define the syntax and semantics of computational models like automata and grammars."
  },
  {
    "question": "Which of the following is a model of computation?",
    "options": [
      "A) Finite Automaton",
      "B) SQL Database",
      "C) Operating System",
      "D) Web Browser"
    ],
    "answer": "A",
    "explanation": "Finite Automata are formal models of computation used to recognize regular languages, unlike databases, operating systems, or browsers."
  },
  {
    "question": "What characterizes a Deterministic Finite Automaton (DFA)?",
    "options": [
      "A) Multiple possible transitions for each input symbol",
      "B) Exactly one transition for each input symbol from each state",
      "C) Accepts context-free languages",
      "D) Uses a stack for memory"
    ],
    "answer": "B",
    "explanation": "A DFA has exactly one transition for each input symbol from each state, ensuring deterministic behavior."
  },
  {
    "question": "What distinguishes a Non-deterministic Finite Automaton (NFA) from a DFA?",
    "options": [
      "A) NFA can have multiple transitions for the same input",
      "B) NFA always accepts more languages",
      "C) NFA requires a stack",
      "D) NFA is slower in processing inputs"
    ],
    "answer": "A",
    "explanation": "An NFA can have multiple transitions for the same input symbol or epsilon transitions, unlike a DFA's single transition rule."
  },
  {
    "question": "Which statement is true about the equivalence of DFA and NFA?",
    "options": [
      "A) DFAs are more powerful than NFAs",
      "B) NFAs and DFAs accept the same class of languages",
      "C) NFAs cannot be converted to DFAs",
      "D) DFAs require exponential time to simulate NFAs"
    ],
    "answer": "B",
    "explanation": "NFAs and DFAs both accept regular languages, and any NFA can be converted to an equivalent DFA using the subset construction."
  },
  {
    "question": "What is a regular language?",
    "options": [
      "A) A language recognized by a Turing Machine",
      "B) A language recognized by a Finite Automaton",
      "C) A language requiring a stack for recognition",
      "D) A language with infinite strings"
    ],
    "answer": "B",
    "explanation": "Regular languages are those recognized by Finite Automata (DFA or NFA) and can be described by regular expressions."
  },
  {
    "question": "Which operation is NOT typically associated with regular languages?",
    "options": [
      "A) Union",
      "B) Concatenation",
      "C) Kleene Star",
      "D) Recursion"
    ],
    "answer": "D",
    "explanation": "Regular languages support operations like union, concatenation, and Kleene star, but recursion is associated with context-free languages."
  },
  {
    "question": "What does the Kleene Star operation do in regular expressions?",
    "options": [
      "A) Reverses a string",
      "B) Repeats a language zero or more times",
      "C) Concatenates two languages",
      "D) Removes empty strings"
    ],
    "answer": "B",
    "explanation": "The Kleene Star (L*) generates all possible strings by repeating the language L zero or more times, including the empty string."
  },
  {
    "question": "Which of the following is true about converting a DFA to a regular expression?",
    "options": [
      "A) It is impossible",
      "B) It requires the state elimination method",
      "C) It only works for NFAs",
      "D) It produces a context-free grammar"
    ],
    "answer": "B",
    "explanation": "A DFA can be converted to a regular expression using the state elimination method or solving a system of equations."
  },
  {
    "question": "What is the purpose of the Pumping Lemma for regular languages?",
    "options": [
      "A) To prove a language is regular",
      "B) To prove a language is not regular",
      "C) To minimize a DFA",
      "D) To convert a CFG to a PDA"
    ],
    "answer": "B",
    "explanation": "The Pumping Lemma is used to show that a language is not regular by demonstrating it cannot be 'pumped' in a certain way."
  },
  {
    "question": "What is the goal of FA minimization?",
    "options": [
      "A) To increase the number of states",
      "B) To reduce the number of states while preserving the language",
      "C) To convert a DFA to an NFA",
      "D) To make the automaton non-deterministic"
    ],
    "answer": "B",
    "explanation": "FA minimization reduces the number of states in a DFA while ensuring it accepts the same language, improving efficiency."
  },
  {
    "question": "What is a Context-Free Grammar (CFG)?",
    "options": [
      "A) A grammar with only regular expressions",
      "B) A grammar with production rules for context-free languages",
      "C) A grammar requiring a Turing Machine",
      "D) A grammar with no terminals"
    ],
    "answer": "B",
    "explanation": "A CFG consists of production rules that generate context-free languages, recognized by Pushdown Automata."
  },
  {
    "question": "What is a derivation in the context of CFGs?",
    "options": [
      "A) A sequence of rule applications to generate a string",
      "B) A method to minimize a grammar",
      "C) A way to convert a CFG to a regular expression",
      "D) A parse tree simplification technique"
    ],
    "answer": "A",
    "explanation": "A derivation is the process of applying production rules in a CFG to generate a string from the start symbol."
  },
  {
    "question": "What is a parse tree in the context of CFGs?",
    "options": [
      "A) A diagram of state transitions",
      "B) A tree representing the derivation of a string",
      "C) A minimized automaton",
      "D) A regular expression graph"
    ],
    "answer": "B",
    "explanation": "A parse tree visually represents the derivation of a string in a CFG, showing how rules are applied."
  },
  {
    "question": "What does it mean for a CFG to be ambiguous?",
    "options": [
      "A) It has no valid strings",
      "B) A string can have multiple parse trees",
      "C) It cannot be simplified",
      "D) It requires a stack for parsing"
    ],
    "answer": "B",
    "explanation": "A CFG is ambiguous if at least one string has multiple valid parse trees, indicating multiple derivations."
  },
  {
    "question": "Which of the following is a simplification technique for CFGs?",
    "options": [
      "A) Adding null productions",
      "B) Removing useless productions",
      "C) Increasing ambiguity",
      "D) Converting to a DFA"
    ],
    "answer": "B",
    "explanation": "Simplifying a CFG involves removing useless, null, or unit productions to make the grammar more efficient."
  },
  {
    "question": "What is a Pushdown Automaton (PDA)?",
    "options": [
      "A) A finite automaton with a stack",
      "B) A Turing Machine with one tape",
      "C) A DFA with multiple states",
      "D) An NFA with no transitions"
    ],
    "answer": "A",
    "explanation": "A PDA is a finite automaton augmented with a stack, enabling it to recognize context-free languages."
  },
  {
    "question": "What is the main difference between deterministic and non-deterministic PDAs?",
    "options": [
      "A) Deterministic PDAs have no stack",
      "B) Non-deterministic PDAs can have multiple transitions for the same input",
      "C) Deterministic PDAs accept regular languages",
      "D) Non-deterministic PDAs are slower"
    ],
    "answer": "B",
    "explanation": "Non-deterministic PDAs allow multiple transitions for the same input and stack configuration, unlike deterministic PDAs."
  },
  {
    "question": "Which of the following is true about PDAs and CFGs?",
    "options": [
      "A) PDAs are less powerful than CFGs",
      "B) PDAs and CFGs accept the same class of languages",
      "C) CFGs cannot be converted to PDAs",
      "D) PDAs only accept regular languages"
    ],
    "answer": "B",
    "explanation": "PDAs and CFGs both recognize context-free languages, and there exist algorithms to convert between them."
  },
  {
    "question": "What type of languages do PDAs accept?",
    "options": [
      "A) Regular languages",
      "B) Context-free languages",
      "C) Context-sensitive languages",
      "D) Recursively enumerable languages"
    ],
    "answer": "B",
    "explanation": "PDAs accept context-free languages, which are more expressive than regular languages but less than context-sensitive ones."
  },
  {
    "question": "What is a Turing Machine (TM)?",
    "options": [
      "A) A finite automaton with a stack",
      "B) A model with an infinite tape and a read/write head",
      "C) A regular expression parser",
      "D) A deterministic PDA"
    ],
    "answer": "B",
    "explanation": "A Turing Machine is a computational model with an infinite tape, a read/write head, and a state transition function."
  },
  {
    "question": "What is a multi-tape Turing Machine?",
    "options": [
      "A) A TM with multiple read/write heads on one tape",
      "B) A TM with multiple tapes, each with its own head",
      "C) A TM with no tape",
      "D) A TM that only accepts regular languages"
    ],
    "answer": "B",
    "explanation": "A multi-tape Turing Machine has multiple tapes, each with its own read/write head, but is equivalent in power to a single-tape TM."
  },
  {
    "question": "What role does a Turing Machine play as an acceptor?",
    "options": [
      "A) It generates strings",
      "B) It decides whether a string belongs to a language",
      "C) It converts grammars to automata",
      "D) It minimizes finite automata"
    ],
    "answer": "B",
    "explanation": "As an acceptor, a Turing Machine determines whether an input string belongs to the language it recognizes."
  },
  {
    "question": "What is the Church-Turing Thesis?",
    "options": [
      "A) All computers are equivalent to finite automata",
      "B) Any function computable by an algorithm can be computed by a Turing Machine",
      "C) Turing Machines cannot solve undecidable problems",
      "D) Regular languages are the most powerful"
    ],
    "answer": "B",
    "explanation": "The Church-Turing Thesis states that any function computable by an algorithm can be computed by a Turing Machine."
  },
  {
    "question": "Which type of grammar corresponds to Type 0 in the Chomsky Hierarchy?",
    "options": [
      "A) Regular grammars",
      "B) Context-free grammars",
      "C) Context-sensitive grammars",
      "D) Unrestricted grammars"
    ],
    "answer": "D",
    "explanation": "Type 0 grammars are unrestricted and correspond to recursively enumerable languages, accepted by Turing Machines."
  },
  {
    "question": "Which languages are associated with Type 3 grammars in the Chomsky Hierarchy?",
    "options": [
      "A) Context-free languages",
      "B) Regular languages",
      "C) Context-sensitive languages",
      "D) Recursively enumerable languages"
    ],
    "answer": "B",
    "explanation": "Type 3 grammars are regular grammars, which generate regular languages recognized by finite automata."
  },
  {
    "question": "Which of the following is true about the Chomsky Hierarchy?",
    "options": [
      "A) Regular languages are a subset of context-free languages",
      "B) Context-free languages are a superset of context-sensitive languages",
      "C) All languages are recursively enumerable",
      "D) Regular languages are the most expressive"
    ],
    "answer": "A",
    "explanation": "The Chomsky Hierarchy is nested: regular languages are a subset of context-free, which are a subset of context-sensitive, and so on."
  },
  {
    "question": "What is a decidable language?",
    "options": [
      "A) A language with no strings",
      "B) A language for which a Turing Machine always halts with a yes/no answer",
      "C) A language that cannot be recognized",
      "D) A language requiring infinite memory"
    ],
    "answer": "B",
    "explanation": "A decidable language has a Turing Machine that always halts with a yes or no answer for any input string."
  },
  {
    "question": "Which problem is famously undecidable?",
    "options": [
      "A) Sorting a list",
      "B) The Halting Problem",
      "C) Finding the shortest path",
      "D) Regular expression matching"
    ],
    "answer": "B",
    "explanation": "The Halting Problem, determining whether a Turing Machine halts on a given input, is a classic undecidable problem."
  },
  {
    "question": "What does Rice’s Theorem state?",
    "options": [
      "A) All problems are decidable",
      "B) Any non-trivial property of Turing Machine languages is undecidable",
      "C) All languages are regular",
      "D) Turing Machines cannot simulate PDAs"
    ],
    "answer": "B",
    "explanation": "Rice’s Theorem states that any non-trivial property of the language recognized by a Turing Machine is undecidable."
  },
  {
    "question": "What is meant by time complexity in computational complexity?",
    "options": [
      "A) The amount of memory used by an algorithm",
      "B) The number of steps an algorithm takes as a function of input size",
      "C) The number of tapes in a Turing Machine",
      "D) The size of the input alphabet"
    ],
    "answer": "B",
    "explanation": "Time complexity measures the number of computational steps an algorithm takes, typically as a function of input size."
  },
  {
    "question": "What is the significance of the P vs NP problem?",
    "options": [
      "A) It asks whether all problems can be solved in polynomial time",
      "B) It questions whether problems verifiable in polynomial time are also solvable in polynomial time",
      "C) It determines if Turing Machines are more powerful than PDAs",
      "D) It compares regular and context-free languages"
    ],
    "answer": "B",
    "explanation": "P vs NP asks whether problems whose solutions can be verified in polynomial time (NP) can also be solved in polynomial time (P)."
  },
  {
    "question": "What is an NP-complete problem?",
    "options": [
      "A) A problem that cannot be solved",
      "B) A problem in NP to which every other NP problem can be reduced in polynomial time",
      "C) A problem solvable in linear time",
      "D) A problem requiring exponential time"
    ],
    "answer": "B",
    "explanation": "NP-complete problems are in NP and are as hard as any problem in NP, as any NP problem can be reduced to them in polynomial time."
  },
  {
    "question": "What is a polynomial-time reduction?",
    "options": [
      "A) Converting one problem to another in constant time",
      "B) Transforming one problem into another in polynomial time",
      "C) Solving a problem in exponential time",
      "D) Minimizing a finite automaton"
    ],
    "answer": "B",
    "explanation": "A polynomial-time reduction transforms one problem into another in polynomial time to compare their computational complexity."
  },
  {
    "question": "Where are lexical analyzers typically used?",
    "options": [
      "A) In operating systems",
      "B) In compilers to tokenize input",
      "C) In database management",
      "D) In network routing"
    ],
    "answer": "B",
    "explanation": "Lexical analyzers are used in compilers to break source code into tokens, often implemented using finite automata."
  },
  {
    "question": "How are finite automata applied in pattern matching?",
    "options": [
      "A) To compress data",
      "B) To search for specific strings or patterns in text",
      "C) To encrypt messages",
      "D) To optimize memory usage"
    ],
    "answer": "B",
    "explanation": "Finite automata are used in pattern matching to efficiently search for specific strings or patterns in text, such as in search engines."
  },
  {
    "question": "What is formal verification in software analysis?",
    "options": [
      "A) Testing software with random inputs",
      "B) Mathematically proving software correctness",
      "C) Optimizing code performance",
      "D) Debugging syntax errors"
    ],
    "answer": "B",
    "explanation": "Formal verification uses mathematical techniques, often involving automata, to prove the correctness of software or hardware systems."
  },
  {
    "question": "Which of the following is a component of a DFA?",
    "options": [
      "A) Stack",
      "B) Transition function",
      "C) Tape",
      "D) Parse tree"
    ],
    "answer": "B",
    "explanation": "A DFA consists of states, an input alphabet, a transition function, a start state, and accepting states, but not a stack or tape."
  },
  {
    "question": "What happens when an NFA has an epsilon transition?",
    "options": [
      "A) It moves to a new state without consuming input",
      "B) It rejects the input",
      "C) It requires a stack",
      "D) It becomes deterministic"
    ],
    "answer": "A",
    "explanation": "Epsilon transitions in an NFA allow the automaton to move to a new state without consuming any input symbol."
  },
  {
    "question": "Which of the following languages is NOT regular?",
    "options": [
      "A) {a^n b^n | n >= 0}",
      "B) {a^n | n >= 0}",
      "C) {a^n b^m | n, m >= 0}",
      "D) {a^n | n is even}"
    ],
    "answer": "A",
    "explanation": "{a^n b^n | n >= 0} is context-free but not regular, as it requires counting equal numbers of a’s and b’s, which finite automata cannot do."
  },
  {
    "question": "What is the significance of the subset construction method?",
    "options": [
      "A) It converts a CFG to a PDA",
      "B) It converts an NFA to a DFA",
      "C) It minimizes a DFA",
      "D) It proves a language is context-free"
    ],
    "answer": "B",
    "explanation": "The subset construction method transforms an NFA into an equivalent DFA by treating sets of NFA states as single DFA states."
  },
  {
    "question": "Which of the following is a property of regular expressions?",
    "options": [
      "A) They can describe context-free languages",
      "B) They are closed under complementation",
      "C) They require a stack for processing",
      "D) They cannot handle concatenation"
    ],
    "answer": "B",
    "explanation": "Regular expressions describe regular languages, which are closed under complementation, union, and concatenation."
  },
  {
    "question": "What does it mean for a language to be closed under an operation?",
    "options": [
      "A) The operation cannot be applied",
      "B) Applying the operation to languages in the class yields a language in the same class",
      "C) The language becomes undecidable",
      "D) The language requires a Turing Machine"
    ],
    "answer": "B",
    "explanation": "Closure means that applying an operation (e.g., union) to languages in a class (e.g., regular) results in a language still in that class."
  },
  {
    "question": "What is a null production in a CFG?",
    "options": [
      "A) A production that generates an empty string",
      "B) A production with no variables",
      "C) A production that cannot be applied",
      "D) A production requiring a stack"
    ],
    "answer": "A",
    "explanation": "A null production in a CFG is a rule of the form A → ε, where A is a variable and ε is the empty string."
  },
  {
    "question": "What is a unit production in a CFG?",
    "options": [
      "A) A production with one terminal",
      "B) A production of the form A → B, where A and B are variables",
      "C) A production that generates ε",
      "D) A production with multiple terminals"
    ],
    "answer": "B",
    "explanation": "A unit production is of the form A → B, where both A and B are variables, and it can often be eliminated during CFG simplification."
  },
  {
    "question": "What is a useless production in a CFG?",
    "options": [
      "A) A production that generates a terminal",
      "B) A production that cannot be reached or does not generate a terminal string",
      "C) A production with multiple variables",
      "D) A production that ensures ambiguity"
    ],
    "answer": "B",
    "explanation": "Useless productions are those that either cannot be reached from the start symbol or cannot derive a terminal string."
  },
  {
    "question": "Which of the following is true about deterministic PDAs?",
    "options": [
      "A) They are more powerful than non-deterministic PDAs",
      "B) They accept a subset of context-free languages",
      "C) They cannot use a stack",
      "D) They are equivalent to Turing Machines"
    ],
    "answer": "B",
    "explanation": "Deterministic PDAs accept a proper subset of context-free languages, as some CFLs require non-determinism for recognition."
  },
  {
    "question": "What is the role of the stack in a PDA?",
    "options": [
      "A) To store the input string",
      "B) To provide additional memory for recognizing context-free languages",
      "C) To minimize the automaton",
      "D) To convert the PDA to a DFA"
    ],
    "answer": "B",
    "explanation": "The stack in a PDA provides memory to track nested structures, enabling recognition of context-free languages."
  },
  {
    "question": "Which of the following is a component of a Turing Machine?",
    "options": [
      "A) Stack",
      "B) Infinite tape",
      "C) Parse tree",
      "D) Regular expression"
    ],
    "answer": "B",
    "explanation": "A Turing Machine includes an infinite tape, a read/write head, a state set, and a transition function, but not a stack or parse tree."
  },
  {
    "question": "What is a non-deterministic Turing Machine?",
    "options": [
      "A) A TM with multiple tapes",
      "B) A TM with multiple possible transitions for the same state and input",
      "C) A TM with no tape",
      "D) A TM that only accepts regular languages"
    ],
    "answer": "B",
    "explanation": "A non-deterministic Turing Machine allows multiple transitions for the same state and input, but is equivalent in power to a deterministic TM."
  },
  {
    "question": "What does a Turing Machine act as when used as a transducer?",
    "options": [
      "A) It accepts strings",
      "B) It generates output based on input",
      "C) It minimizes automata",
      "D) It converts grammars to automata"
    ],
    "answer": "B",
    "explanation": "As a transducer, a Turing Machine processes an input string and produces an output string, such as in translation tasks."
  },
  {
    "question": "Which of the following is true about context-sensitive languages?",
    "options": [
      "A) They are recognized by finite automata",
      "B) They are a subset of context-free languages",
      "C) They are recognized by linear bounded automata",
      "D) They are always undecidable"
    ],
    "answer": "C",
    "explanation": "Context-sensitive languages are recognized by linear bounded automata, a restricted form of Turing Machine."
  },
  {
    "question": "What is a recursively enumerable language?",
    "options": [
      "A) A language recognized by a finite automaton",
      "B) A language for which a Turing Machine halts on accepting inputs",
      "C) A language that is always decidable",
      "D) A language requiring a stack"
    ],
    "answer": "B",
    "explanation": "Recursively enumerable languages are those for which a Turing Machine halts on inputs that belong to the language."
  },
  {
    "question": "Which of the following problems is decidable?",
    "options": [
      "A) The Halting Problem",
      "B) Whether a DFA accepts a given string",
      "C) Whether a Turing Machine accepts all strings",
      "D) Whether a CFG is ambiguous"
    ],
    "answer": "B",
    "explanation": "Determining whether a DFA accepts a given string is decidable, as it can be simulated in finite steps."
  },
  {
    "question": "What is the significance of a reduction in computability?",
    "options": [
      "A) It converts a DFA to an NFA",
      "B) It shows one problem is at least as hard as another",
      "C) It minimizes a grammar",
      "D) It proves a language is regular"
    ],
    "answer": "B",
    "explanation": "A reduction transforms one problem into another to show that the second is at least as hard as the first."
  },
  {
    "question": "What is space complexity?",
    "options": [
      "A) The time taken by an algorithm",
      "B) The amount of memory used by an algorithm as a function of input size",
      "C) The number of states in an automaton",
      "D) The size of the input alphabet"
    ],
    "answer": "B",
    "explanation": "Space complexity measures the amount of memory an algorithm uses, typically as a function of input size."
  },
  {
    "question": "What is an NP-hard problem?",
    "options": [
      "A) A problem that is easy to solve",
      "B) A problem at least as hard as the hardest problems in NP",
      "C) A problem that is always decidable",
      "D) A problem requiring linear time"
    ],
    "answer": "B",
    "explanation": "NP-hard problems are at least as hard as the hardest problems in NP, but they may not be in NP themselves."
  },
  {
    "question": "Which of the following is an application of automata theory?",
    "options": [
      "A) Designing computer hardware",
      "B) Developing lexical analyzers for compilers",
      "C) Optimizing network bandwidth",
      "D) Creating operating systems"
    ],
    "answer": "B",
    "explanation": "Automata theory is used to design lexical analyzers in compilers, which tokenize source code using finite automata."
  },
  {
    "question": "What is the primary purpose of the state elimination method?",
    "options": [
      "A) To minimize a DFA",
      "B) To convert a DFA to a regular expression",
      "C) To prove a language is context-free",
      "D) To simplify a CFG"
    ],
    "answer": "B",
    "explanation": "The state elimination method is used to convert a DFA into an equivalent regular expression."
  },
  {
    "question": "Which of the following is true about the Pumping Lemma for context-free languages?",
    "options": [
      "A) It proves a language is regular",
      "B) It proves a language is not context-free",
      "C) It minimizes a PDA",
      "D) It converts a CFG to a regular expression"
    ],
    "answer": "B",
    "explanation": "The Pumping Lemma for context-free languages is used to show that a language is not context-free by demonstrating it cannot be pumped."
  },
  {
    "question": "What is the role of a start state in a DFA?",
    "options": [
      "A) It indicates the accepting state",
      "B) It is the initial state where computation begins",
      "C) It stores the input string",
      "D) It defines the alphabet"
    ],
    "answer": "B",
    "explanation": "The start state in a DFA is the initial state where the computation begins upon receiving the input string."
  },
  {
    "question": "What does it mean for a language to be context-free?",
    "options": [
      "A) It can be recognized by a finite automaton",
      "B) It can be generated by a context-free grammar",
      "C) It requires a Turing Machine",
      "D) It is always decidable"
    ],
    "answer": "B",
    "explanation": "A context-free language is one that can be generated by a context-free grammar and recognized by a pushdown automaton."
  },
  {
    "question": "Which of the following is a closure property of context-free languages?",
    "options": [
      "A) They are closed under complementation",
      "B) They are closed under intersection",
      "C) They are closed under union",
      "D) They are closed under difference"
    ],
    "answer": "C",
    "explanation": "Context-free languages are closed under union, concatenation, and Kleene star, but not under complementation or intersection."
  },
  {
    "question": "What is the significance of the Halting Problem?",
    "options": [
      "A) It proves all problems are decidable",
      "B) It shows there exist problems no Turing Machine can solve",
      "C) It minimizes automata",
      "D) It converts NFAs to DFAs"
    ],
    "answer": "B",
    "explanation": "The Halting Problem demonstrates that there are problems (e.g., whether a TM halts) that no Turing Machine can decide."
  },
  {
    "question": "What is a linear bounded automaton?",
    "options": [
      "A) A finite automaton with a stack",
      "B) A Turing Machine with tape restricted to the input size",
      "C) A PDA with no stack",
      "D) A DFA with multiple tapes"
    ],
    "answer": "B",
    "explanation": "A linear bounded automaton is a Turing Machine whose tape is restricted to a linear function of the input size, recognizing context-sensitive languages."
  },
  {
    "question": "Which of the following is true about NP problems?",
    "options": [
      "A) They are always undecidable",
      "B) They can be verified in polynomial time",
      "C) They require exponential time to solve",
      "D) They are recognized by finite automata"
    ],
    "answer": "B",
    "explanation": "NP problems are those whose solutions can be verified in polynomial time by a deterministic Turing Machine."
  },
  {
    "question": "What is the purpose of a transition function in a DFA?",
    "options": [
      "A) To define the accepting states",
      "B) To specify the next state based on the current state and input",
      "C) To generate strings",
      "D) To simplify the grammar"
    ],
    "answer": "B",
    "explanation": "The transition function in a DFA determines the next state based on the current state and the input symbol."
  },
  {
    "question": "Which of the following is a characteristic of regular languages?",
    "options": [
      "A) They require a stack for recognition",
      "B) They can be recognized by a finite automaton",
      "C) They are always context-free",
      "D) They are undecidable"
    ],
    "answer": "B",
    "explanation": "Regular languages are recognized by finite automata and described by regular expressions."
  },
  {
    "question": "What is the main difference between Type 1 and Type 2 grammars in the Chomsky Hierarchy?",
    "options": [
      "A) Type 1 grammars are regular, Type 2 are context-free",
      "B) Type 1 grammars are context-sensitive, Type 2 are context-free",
      "C) Type 1 grammars are unrestricted, Type 2 are regular",
      "D) Type 1 grammars are context-free, Type 2 are context-sensitive"
    ],
    "answer": "B",
    "explanation": "Type 1 grammars are context-sensitive, requiring context for rules, while Type 2 grammars are context-free, with no context restrictions."
  },
  {
    "question": "What is the significance of proving a problem is NP-complete?",
    "options": [
      "A) It shows the problem is unsolvable",
      "B) It indicates the problem is as hard as the hardest problems in NP",
      "C) It proves the problem is regular",
      "D) It ensures the problem is decidable"
    ],
    "answer": "B",
    "explanation": "Proving a problem is NP-complete means it is in NP and as hard as the hardest problems in NP, implying significant computational difficulty."
  },
  {
    "question": "Which of the following is an example of a context-free language?",
    "options": [
      "A) {a^n | n is prime}",
      "B) {a^n b^n | n >= 0}",
      "C) {a^n b^n c^n | n >= 0}",
      "D) {a^n | n is even}"
    ],
    "answer": "B",
    "explanation": "{a^n b^n | n >= 0} is a context-free language, as it can be generated by a CFG and recognized by a PDA."
  },
  {
    "question": "What is the role of the tape in a Turing Machine?",
    "options": [
      "A) To store the state transitions",
      "B) To hold the input and allow read/write operations",
      "C) To generate parse trees",
      "D) To minimize the automaton"
    ],
    "answer": "B",
    "explanation": "The tape in a Turing Machine holds the input and allows the read/write head to perform operations, serving as memory."
  },
  {
    "question": "What does it mean for a problem to be in P?",
    "options": [
      "A) It can be solved in polynomial time by a deterministic Turing Machine",
      "B) It requires exponential time to solve",
      "C) It is undecidable",
      "D) It can only be verified in polynomial time"
    ],
    "answer": "A",
    "explanation": "Problems in P can be solved in polynomial time by a deterministic Turing Machine, indicating efficient solvability."
  },
  {
    "question": "Which of the following is true about the equivalence of multi-tape and single-tape Turing Machines?",
    "options": [
      "A) Multi-tape TMs are more powerful",
      "B) Single-tape TMs cannot simulate multi-tape TMs",
      "C) Both accept the same class of languages",
      "D) Multi-tape TMs are less expressive"
    ],
    "answer": "C",
    "explanation": "Multi-tape and single-tape Turing Machines are equivalent in power, accepting the same class of languages."
  },
  {
    "question": "What is the significance of the Pumping Lemma in proving non-regularity?",
    "options": [
      "A) It shows a language is decidable",
      "B) It demonstrates a language cannot be recognized by a finite automaton",
      "C) It converts a DFA to an NFA",
      "D) It simplifies a CFG"
    ],
    "answer": "B",
    "explanation": "The Pumping Lemma is used to prove a language is not regular by showing it cannot be pumped, indicating it requires more than finite memory."
  },
  {
    "question": "What is a key application of Turing Machines in theoretical computer science?",
    "options": [
      "A) Designing user interfaces",
      "B) Modeling general-purpose computation",
      "C) Optimizing network protocols",
      "D) Creating databases"
    ],
    "answer": "B",
    "explanation": "Turing Machines model general-purpose computation, serving as a foundation for understanding what can be computed."
  },
  {
    "question": "Which of the following is a closure property of regular languages?",
    "options": [
      "A) They are not closed under union",
      "B) They are closed under concatenation",
      "C) They are not closed under Kleene star",
      "D) They are closed under intersection with context-free languages"
    ],
    "answer": "B",
    "explanation": "Regular languages are closed under concatenation, union, Kleene star, and complementation."
  },
  {
    "question": "What is the purpose of a leftmost derivation in a CFG?",
    "options": [
      "A) To ensure ambiguity",
      "B) To generate a string by always applying rules to the leftmost variable",
      "C) To minimize the grammar",
      "D) To convert the CFG to a PDA"
    ],
    "answer": "B",
    "explanation": "A leftmost derivation applies production rules to the leftmost variable at each step, useful in parsing and proving equivalence."
  },
  {
    "question": "What is the significance of ambiguity in parsing?",
    "options": [
      "A) It simplifies the parsing process",
      "B) It can lead to multiple interpretations of a string",
      "C) It ensures the grammar is regular",
      "D) It reduces the number of parse trees"
    ],
    "answer": "B",
    "explanation": "Ambiguity in a CFG means a string can have multiple parse trees, leading to multiple interpretations, which complicates parsing."
  },
  {
    "question": "Which of the following is true about context-sensitive grammars?",
    "options": [
      "A) They are equivalent to regular grammars",
      "B) Their rules depend on the context of variables",
      "C) They cannot be recognized by any automaton",
      "D) They are less expressive than context-free grammars"
    ],
    "answer": "B",
    "explanation": "Context-sensitive grammars have rules that depend on the context of variables, making them more expressive than context-free grammars."
  },
  {
    "question": "What is the role of the read/write head in a Turing Machine?",
    "options": [
      "A) To define the accepting states",
      "B) To read and write symbols on the tape and move left or right",
      "C) To store the input alphabet",
      "D) To generate parse trees"
    ],
    "answer": "B",
    "explanation": "The read/write head in a Turing Machine reads symbols from the tape, writes new symbols, and moves left or right based on the transition function."
  },
  {
    "question": "What is a key difference between regular and context-free languages?",
    "options": [
      "A) Regular languages require a stack for recognition",
      "B) Context-free languages can describe nested structures",
      "C) Regular languages are more expressive",
      "D) Context-free languages are recognized by finite automata"
    ],
    "answer": "B",
    "explanation": "Context-free languages can describe nested structures (e.g., balanced parentheses), which regular languages cannot."
  },
  {
    "question": "Which of the following is an example of a decidable problem?",
    "options": [
      "A) Whether a Turing Machine halts on all inputs",
      "B) Whether a regular expression matches a string",
      "C) Whether a CFG is ambiguous",
      "D) Whether a TM accepts a recursively enumerable language"
    ],
    "answer": "B",
    "explanation": "Determining whether a regular expression matches a string is decidable, as it can be computed using finite automata."
  },
  {
    "question": "What is the significance of the class NP in computational complexity?",
    "options": [
      "A) It contains problems that are always undecidable",
      "B) It includes problems whose solutions can be verified in polynomial time",
      "C) It consists of regular languages only",
      "D) It contains problems requiring exponential space"
    ],
    "answer": "B",
    "explanation": "NP includes problems where a proposed solution can be verified in polynomial time by a deterministic Turing Machine."
  },
  {
    "question": "What is the role of automata in formal verification?",
    "options": [
      "A) To optimize code performance",
      "B) To model and verify system behavior",
      "C) To compress data",
      "D) To design user interfaces"
    ],
    "answer": "B",
    "explanation": "Automata are used in formal verification to model system behavior and mathematically verify properties like correctness or safety."
  }
]
}